slug,photo,file
fanagoriya-100-ottenkov-krasnogo-kaberne-kaberne-sovinon-krasnoe-suhoe-135,fanagoriya-100-ottenkov-krasnogo-kaberne-kaberne-sovinon-krasnoe-suhoe-135.webp,fanagoriya_100_ottenkov_krasnogo_kaberne_kaberne_sovinon_krasnoe_suhoe_135_ad8495191f.webp
fanagoriya-100-ottenkov-krasnogo-pino-nuar-krasnoe-suhoe-135,fanagoriya-100-ottenkov-krasnogo-pino-nuar-krasnoe-suhoe-vyderzhannoe-135.webp,fanagoriya_100_ottenkov_krasnogo_pino_nuar_krasnoe_suhoe_vyderzhannoe_135_12baf813ea.webp
fanagoriya-100-ottenkov-krasnogo-saperavi-krasnoe-suhoe-14,fanagoriya-100-ottenkov-krasnogo-saperavi-krasnoe-suhoe-14.webp,fanagoriya_100_ottenkov_krasnogo_saperavi_krasnoe_suhoe_14_fa242e130a.webp
fanagoriya-100-ottenkov-shardone-beloe-suhoe-14,fanagoriya-100-ottenkov-shardone-beloe-suhoe-14.webp,fanagoriya_100_ottenkov_shardone_beloe_suhoe_14_dd14e33b83.webp
fanagoriya-101-ottenok-krasnogo-kaberne-kaberne-sovinon-krasnoe-suhoe-14,fanagoriya-101-ottenok-krasnogo-kaberne-kaberne-sovinon-krasnoe-suhoe-14.webp,fanagoriya_101_ottenok_krasnogo_kaberne_kaberne_sovinon_krasnoe_suhoe_14_98c670a6a1.webp
fanagoriya-101-ottenok-krasnogo-pino-nuar-krasnoe-suhoe-135,fanagoriya-101-ottenok-krasnogo-pino-nuar-krasnoe-suhoe-135.webp,fanagoriya_101_ottenok_krasnogo_pino_nuar_krasnoe_suhoe_135_62be6e1c10.webp
fanagoriya-101-ottenok-krasnogo-saperavi-krasnoe-suhoe-14,fanagoriya-101-ottenok-krasnogo-saperavi-krasnoe-suhoe-14.webp,fanagoriya_101_ottenok_krasnogo_saperavi_krasnoe_suhoe_14_4716c6d770.webp
fanagoriya-5-elements-bryut-beloe-pino-gri-igristoe-bryut-beloe-125,fanagoriya-5-elements-bryut-beloe-pino-gri-igristoe-bryut-beloe-125.webp,fanagoriya_5_elements_bryut_beloe_pino_gri_igristoe_bryut_beloe_125_d7497bb817.webp
fanagoriya-5-elements-bryut-rozovoe-saperavi-igristoe-bryut-rozovoe-125,fanagoriya-5-elements-bryut-rozovoe-saperavi-igristoe-bryut-rozovoe-125.webp,fanagoriya_5_elements_bryut_rozovoe_saperavi_igristoe_bryut_rozovoe_125_89ce2d6975.webp
abrau-dyurso-abrau-estates-amurskiy-potapenko-krasnoe-suhoe-105,abrau-dyurso-abrau-estates-amurskiy-potapenko-krasnoe-suhoe-105.webp,abrau_dyurso_abrau_estates_amurskiy_potapenko_krasnoe_suhoe_105_a70c9cabe2.webp
abrau-dyurso-abrau-estates-beloe-shardone-suhoe-12,abrau-dyurso-abrau-estates-beloe-shardone-suhoe-12.webp,abrau_dyurso_abrau_estates_beloe_shardone_suhoe_12_6c1aeb2039.webp
abrau-dyurso-abrau-estates-kaberne-po-belomu-kaberne-sovinon-beloe-suhoe-105,abrau-dyurso-abrau-estates-kaberne-po-belomu-kaberne-sovinon-beloe-suhoe-105.webp,abrau_dyurso_abrau_estates_kaberne_po_belomu_kaberne_sovinon_beloe_suhoe_105_a340de7dd3.webp
abrau-dyurso-abrau-estates-krasnoe-kaberne-sovinon-suhoe-13,abrau-dyurso-abrau-estates-krasnoe-kaberne-sovinon-suhoe-13.webp,abrau_dyurso_abrau_estates_krasnoe_kaberne_sovinon_suhoe_13_1770f5150f.webp
abrau-dyurso-abrau-estates-oranzh-tsitronnyy-magaracha-oranzhevoe-suhoe-105,abrau-dyurso-abrau-estates-oranzh-tsitronnyy-magaracha-oranzhevoe-suhoe-105.webp,abrau_dyurso_abrau_estates_oranzh_tsitronnyy_magaracha_oranzhevoe_suhoe_105_95e00a834b.webp
abrau-dyurso-abrau-estates-dostoynyy-krasnoe-suhoe-135,abrau-dyurso-abrau-estates-dostoynyy-krasnoe-suhoe-135.webp,abrau_dyurso_abrau_estates_dostoynyy_krasnoe_suhoe_135_a2b9e120e4.webp
abrau-dyurso-abrau-estates-roze-kaberne-sovinon-rozovoe-suhoe-12,abrau-dyurso-abrau-estates-roze-kaberne-sovinon-rozovoe-suhoe-12.webp,abrau_dyurso_abrau_estates_roze_kaberne_sovinon_rozovoe_suhoe_12_416c8f123b.webp
abrau-dyurso-abrau-durso-brut-rose-reserve-pino-nuar-beloe-bryut-12,abrau-dyurso-abrau-durso-brut-rose-reserve-pino-nuar-beloe-bryut-12.webp,abrau_dyurso_abrau_durso_brut_rose_reserve_pino_nuar_beloe_bryut_12_bb364de705.webp
abrau-dyurso-abrau-durso-reserve-brut-shardone-beloe-bryut-115,abrau-dyurso-abrau-durso-reserve-brut-shardone-beloe-bryut-115.webp,abrau_dyurso_abrau_durso_reserve_brut_shardone_beloe_bryut_115_c2d789063b.webp
chteau-le-grand-vostock-aligote-aligote-beloe-suhoe-125,chteau-le-grand-vostock-aligote-aligote-beloe-suhoe-125.webp,chteau_le_grand_vostock_aligote_aligote_beloe_suhoe_125_77b160f87a.webp
chteau-le-grand-vostock-aligote-reserve-aligote-beloe-suhoe-13,chteau-le-grand-vostock-aligote-reserve-aligote-beloe-suhoe-13.webp,chteau_le_grand_vostock_aligote_reserve_aligote_beloe_suhoe_13_bd611c7154.webp
fanagoriya-alta-qortis-saperavi-krasnoe-suhoe-145,fanagoriya-alta-qortis-saperavi-krasnoe-suhoe-145.webp,fanagoriya_alta_qortis_saperavi_krasnoe_suhoe_145_cd395bc533.webp
fanagoriya-alveus-ultra-cuvee-brut-shardone-beloe-bryut-12,fanagoriya-alveus-ultra-cuvee-brut-shardone-beloe-bryut-12.webp,fanagoriya_alveus_ultra_cuvee_brut_shardone_beloe_bryut_12_b29ade1dcd.webp
fanagoriya-alveus-ultra-cuvee-bryut-rozovoe-merlo-igristoe-bryut-rozovoe-12,fanagoriya-alveus-ultra-cuvee-bryut-rozovoe-merlo-igristoe-bryut-rozovoe-12.webp,fanagoriya_alveus_ultra_cuvee_bryut_rozovoe_merlo_igristoe_bryut_rozovoe_12_a23595c6d7.webp
fanagoriya-alveus-ultra-cuvee-ekstra-bryut-beloe-risling-reynskiy-12,fanagoriya-alveus-ultra-cuvee-ekstra-bryut-beloe-risling-reynskiy-12.webp,fanagoriya_alveus_ultra_cuvee_ekstra_bryut_beloe_risling_reynskiy_12_d3eb10a98a.webp
fanagoriya-alveus-ultra-cuvee-ekstra-bryut-rozovoe-merlo-12,fanagoriya-alveus-ultra-cuvee-ekstra-bryut-rozovoe-merlo-12.webp,fanagoriya_alveus_ultra_cuvee_ekstra_bryut_rozovoe_merlo_12_dda03da431.webp
amelia,Amelia 22_png.webp,Amelia_22_png_e439aa8564.webp
amelia-2023,Amelia 23.webp,Amelia_23_89599a3948.webp
ferrum-winery-apollinary-merlo-krasnoe-suhoe-13,ferrum-winery-apollinary-merlo-krasnoe-suhoe-13.webp,ferrum_winery_apollinary_merlo_krasnoe_suhoe_13_335c7ed476.webp
appassimento,Appassimento.webp,Appassimento_cbbff6ab39.webp
arie,Arie 2020 WM.webp,Arie_2020_WM_f96f943b9a.webp
arie-vyderzhka-bochka-francziya-2020,Arie 2020 KFB.webp,Arie_2020_KFB_742c588475.webp
arie-riserva,Arie reserva.webp,Arie_reserva_4e284defd7.webp
abrau-dyurso-az-abrau-bayanshira-beloe-suhoe-12,abrau-dyurso-az-abrau-bayanshira-beloe-suhoe-12.webp,abrau_dyurso_az_abrau_bayanshira_beloe_suhoe_12_50e16ea5d5.webp
abrau-dyurso-az-abrau-madrasa-krasnoe-suhoe-14,abrau-dyurso-az-abrau-madrasa-krasnoe-suhoe-14.webp,abrau_dyurso_az_abrau_madrasa_krasnoe_suhoe_14_a2a0b9e8a3.webp
fanagoriya-blanc-de-blancs-shardone-beloe-bryut-12,fanagoriya-blanc-de-blancs-shardone-igristoe-bryut-beloe-12.webp,fanagoriya_blanc_de_blancs_shardone_igristoe_bryut_beloe_12_4071ae25d5.webp
blanc-de-blancs-idolo,114294_1-Photoroom.webp,114294_1_Photoroom_da9352acff.webp
fanagoriya-blanc-de-noir-mene-extra-brut-2019-pino-nuar-beloe-ekstra-bryut-12,fanagoriya-blanc-de-noir-mene-extra-brut-2019-pino-nuar-beloe-ekstra-bryut-12.webp,fanagoriya_blanc_de_noir_mene_extra_brut_2019_pino_nuar_beloe_ekstra_bryut_12_cf7fa4159c.webp
esse-blanc-de-noirs-pino-nuar-beloe-ekstra-bryut-115,esse-blanc-de-noirs-pino-nuar-igristoe-ekstra-bryut-beloe-115.webp,esse_blanc_de_noirs_pino_nuar_igristoe_ekstra_bryut_beloe_115_c951557140.webp
fanagoriya-blanc-de-noirs-mene-pino-mene-beloe-ekstra-bryut-12,fanagoriya-blanc-de-noirs-mene-pino-mene-igristoe-ekstra-bryut-beloe-12.webp,fanagoriya_blanc_de_noirs_mene_pino_mene_igristoe_ekstra_bryut_beloe_12_6cd37dc5ac.webp
domaine-lipko-blaufrankisch-domaine-lipko-blaufrankish-krasnoe-suhoe-136,domaine-lipko-blaufrankisch-domaine-lipko-blaufrankish-krasnoe-suhoe-136.webp,domaine_lipko_blaufrankisch_domaine_lipko_blaufrankish_krasnoe_suhoe_136_440af9a034.webp
aya-organic-wine-vineyards-blush-1-sira-rozovoe-ekstra-bryut-135,aya-organic-wine-vineyards-blush-1-sira-petnat-ekstra-bryut-rozovyy-135.webp,aya_organic_wine_vineyards_blush_1_sira_petnat_ekstra_bryut_rozovyy_135_33ab300ffe.webp
aya-organic-wine-vineyards-blush-2-merlo-rozovoe-ekstra-bryut-135,aya-organic-wine-vineyards-blush-2-merlo-petnat-ekstra-bryut-rozovyy-135.webp,aya_organic_wine_vineyards_blush_2_merlo_petnat_ekstra_bryut_rozovyy_135_ed87f553c8.webp
aya-organic-wine-vineyards-blush-3-kaberne-fran-rozovoe-ekstra-bryut-132,aya-organic-wine-vineyards-blush-3-kaberne-fran-petnat-ekstra-bryut-rozovyy-132.webp,aya_organic_wine_vineyards_blush_3_kaberne_fran_petnat_ekstra_bryut_rozovyy_132_a094099a22.webp
aya-organic-wine-vineyards-blush-4-pino-nuar-krasnoe-ekstra-bryut-129,aya-organic-wine-vineyards-blush-4-pino-nuar-petnat-ekstra-bryut-krasnyy-129.webp,aya_organic_wine_vineyards_blush_4_pino_nuar_petnat_ekstra_bryut_krasnyy_129_26041a124c.webp
fanagoriya-brule-cabernet-franc-polusuhoe-rozovoe-kaberne-fran-12,fanagoriya-brule-cabernet-franc-polusuhoe-rozovoe-kaberne-fran-12.webp,fanagoriya_brule_cabernet_franc_polusuhoe_rozovoe_kaberne_fran_12_08e20da65a.webp
fanagoriya-brule-cabernet-sauvignon-polusladkoe-krasnoe-kaberne-sovinon-125,fanagoriya-brule-cabernet-sauvignon-polusladkoe-krasnoe-kaberne-sovinon-125.webp,fanagoriya_brule_cabernet_sauvignon_polusladkoe_krasnoe_kaberne_sovinon_125_da8519f333.webp
fanagoriya-brule-cuve-brut-rozovoe-merlo-igristoe-bryut-rozovoe-12,fanagoriya-brule-cuve-brut-rozovoe-merlo-igristoe-bryut-rozovoe-12.webp,fanagoriya_brule_cuve_brut_rozovoe_merlo_igristoe_bryut_rozovoe_12_af9727f341.webp
fanagoriya-brule-frizzante-brut-beloe-pino-nuar-bryut-115,fanagoriya-brule-frizzante-brut-beloe-pino-nuar-bryut-115.webp,fanagoriya_brule_frizzante_brut_beloe_pino_nuar_bryut_115_b4234dae19.webp
fanagoriya-brule-frizzante-brut-rozovoe-merlo-igristoe-bryut-rozovoe-115,fanagoriya-brule-frizzante-brut-rozovoe-merlo-igristoe-bryut-rozovoe-115.webp,fanagoriya_brule_frizzante_brut_rozovoe_merlo_igristoe_bryut_rozovoe_115_84079e9350.webp
fanagoriya-brule-frizzante-polusladkoe-beloe-pino-nuar-11,fanagoriya-brule-frizzante-polusladkoe-beloe-pino-nuar-11.webp,fanagoriya_brule_frizzante_polusladkoe_beloe_pino_nuar_11_ddb87e2e2b.webp
fanagoriya-brule-muscat-ottonel-brut-muskat-ottonel-beloe-polusladkoe-12,fanagoriya-brule-muscat-ottonel-brut-muskat-ottonel-beloe-polusladkoe-12.webp,fanagoriya_brule_muscat_ottonel_brut_muskat_ottonel_beloe_polusladkoe_12_cdfd9c20be.webp
fanagoriya-brule-muscat-ottonel-polusladkoe-muskat-ottonel-beloe-115,fanagoriya-brule-muscat-ottonel-polusladkoe-muskat-ottonel-beloe-115.webp,fanagoriya_brule_muscat_ottonel_polusladkoe_muskat_ottonel_beloe_115_833e252321.webp
fanagoriya-brule-saperavi-saperavi-igristoe-sladkoe-krasnoe-bryut-125,fanagoriya-brule-saperavi-saperavi-igristoe-sladkoe-krasnoe-bryut-125.webp,fanagoriya_brule_saperavi_saperavi_igristoe_sladkoe_krasnoe_bryut_125_433b942aaa.webp
fanagoriya-brule-sauvignon-blanc-brut-sovinon-blan-beloe-bryut-12,fanagoriya-brule-sauvignon-blanc-brut-sovinon-blan-beloe-bryut-12.webp,fanagoriya_brule_sauvignon_blanc_brut_sovinon_blan_beloe_bryut_12_27b65a0309.webp
esse-brut-cuvee-prestige-shardone-beloe-ekstra-bryut-115,esse-brut-cuvee-prestige-shardone-igristoe-ekstra-bryut-beloe-115.webp,esse_brut_cuvee_prestige_shardone_igristoe_ekstra_bryut_beloe_115_8e21ee1279.webp
abrau-dyurso-brut-dor-blanc-de-blancs-shardone-beloe-bryut-12,abrau-dyurso-brut-dor-blanc-de-blancs-shardone-igristoe-bryut-beloe-12.webp,abrau_dyurso_brut_dor_blanc_de_blancs_shardone_igristoe_bryut_beloe_12_792f571be3.webp
abrau-dyurso-brut-dor-blanc-de-noirs-pino-nuar-beloe-bryut-115,abrau-dyurso-brut-dor-blanc-de-noirs-pino-nuar-igristoe-bryut-beloe-115.webp,abrau_dyurso_brut_dor_blanc_de_noirs_pino_nuar_igristoe_bryut_beloe_115_d3fbb6965d.webp
abrau-dyurso-brut-dor-blanc-de-noirs-pino-nuar-beloe-bryut-125,abrau-dyurso-brut-dor-blanc-de-noirs-pino-nuar-beloe-bryut-125.webp,abrau_dyurso_brut_dor_blanc_de_noirs_pino_nuar_beloe_bryut_125_2d16522a48.webp
abrau-dyurso-brut-dor-rose-pino-nuar-rozovoe-bryut-12,abrau-dyurso-brut-dor-rose-pino-nuar-rozovoe-bryut-12.webp,abrau_dyurso_brut_dor_rose_pino_nuar_rozovoe_bryut_12_8b5bd155e6.webp
abrau-dyurso-brut-dor-blanc-de-blancs-shardone-beloe-bryut-125,abrau-dyurso-brut-dor-blanc-de-blancs-shardone-beloe-bryut-125.webp,abrau_dyurso_brut_dor_blanc_de_blancs_shardone_beloe_bryut_125_cf97076f41.webp
abrau-dyurso-brut-dor-riesling-risling-beloe-bryut-12,abrau-dyurso-brut-dor-riesling-risling-beloe-bryut-12.webp,abrau_dyurso_brut_dor_riesling_risling_beloe_bryut_12_45b9c81ea5.webp
esse-brut-zero-dosage-shardone-beloe-ekstra-bryut-135,esse-brut-zero-dosage-shardone-igristoe-ekstra-bryut-beloe-135.webp,esse_brut_zero_dosage_shardone_igristoe_ekstra_bryut_beloe_135_b40ec10218.webp
esse-brut-zero-dosage-shardone-beloe-ekstra-bryut-12,esse-brut-zero-dosage-shardone-igristoe-ekstra-bryut-beloe-12.webp,esse_brut_zero_dosage_shardone_igristoe_ekstra_bryut_beloe_12_23c5b934ee.webp
belmas-winery-cabernet-franc-belmas-kaberne-fran-krasnoe-suhoe-14,belmas-winery-cabernet-franc-belmas-kaberne-fran-krasnoe-suhoe-14.webp,belmas_winery_cabernet_franc_belmas_kaberne_fran_krasnoe_suhoe_14_ce15b611a1.webp
chteau-le-grand-vostock-cabernet-franc-reserve-kaberne-fran-krasnoe-suhoe-14,chteau-le-grand-vostock-cabernet-franc-reserve-kaberne-fran-krasnoe-suhoe-14.webp,chteau_le_grand_vostock_cabernet_franc_reserve_kaberne_fran_krasnoe_suhoe_14_dc58d3d0de.webp
cabernet-franc-pinot-noir-2021,bottle-02-Cabernet_Franc.webp,bottle_02_Cabernet_Franc_ec42fb71c4.webp
cabernet-franc-pinot-noir-2022,bottle-02-Cabernet_Franc.webp,bottle_02_Cabernet_Franc_ec42fb71c4.webp
chteau-le-grand-vostock-cabernet-sauvignon-kaberne-sovinon-krasnoe-suhoe-14,chteau-le-grand-vostock-cabernet-sauvignon-kaberne-sovinon-krasnoe-suhoe-14.webp,chteau_le_grand_vostock_cabernet_sauvignon_kaberne_sovinon_krasnoe_suhoe_14_1006ebb20a.webp
chteau-le-grand-vostock-cabernet-sauvignon-reserve-kaberne-sovinon-krasnoe-suhoe-14,chteau-le-grand-vostock-cabernet-sauvignon-reserve-kaberne-sovinon-krasnoe-suhoe-14.webp,chteau_le_grand_vostock_cabernet_sauvignon_reserve_kaberne_sovinon_krasnoe_suhoe_14_f13c051af7.webp
belmas-winery-cabernet-sauvignon-rose-belmas-kaberne-sovinon-rozovoe-suhoe-13,belmas-winery-cabernet-sauvignon-rose-belmas-kaberne-sovinon-rozovoe-suhoe-13.webp,belmas_winery_cabernet_sauvignon_rose_belmas_kaberne_sovinon_rozovoe_suhoe_13_d837f5aa21.webp
chteau-le-grand-vostock-cadet-karsov-shardone-beloe-suhoe-135,chteau-le-grand-vostock-cadet-karsov-shardone-beloe-suhoe-135.webp,chteau_le_grand_vostock_cadet_karsov_shardone_beloe_suhoe_135_e1a7aa1ea3.webp
cantiani-cabernet-sauvignon-reserve-2024,Cantiani_Reserve (1).webp,Cantiani_Reserve_1_e1bd881754.webp
cantiani-merlot,Cantiani-Merlot_vid_042024.webp,Cantiani_Merlot_vid_042024_189cdd1f9c.webp
belmas-winery-cf-kaberne-fran-krasnoe-suhoe-14,belmas-winery-cf-kaberne-fran-krasnoe-suhoe-14.webp,belmas_winery_cf_kaberne_fran_krasnoe_suhoe_14_b3b0ea3baf.webp
chteau-le-grand-vostock-chardonnay-shardone-beloe-suhoe-14,chteau-le-grand-vostock-chardonnay-shardone-beloe-suhoe-14.webp,chteau_le_grand_vostock_chardonnay_shardone_beloe_suhoe_14_42eb2dde28.webp
gavras-chardonnay-shardone-beloe-suhoe-13,gavras-chardonnay-shardone-beloe-suhoe-13.webp,gavras_chardonnay_shardone_beloe_suhoe_13_c69d79ea2c.webp
chteau-le-grand-vostock-chardonnay-reserve-shardone-beloe-suhoe-14,chteau-le-grand-vostock-chardonnay-reserve-shardone-beloe-suhoe-14.webp,chteau_le_grand_vostock_chardonnay_reserve_shardone_beloe_suhoe_14_ba03055c10.webp
esse-chenin-blanc-shenen-blan-beloe-suhoe-12,esse-chenin-blanc-shenen-blan-beloe-suhoe-12.webp,esse_chenin_blanc_shenen_blan_beloe_suhoe_12_d814751e86.webp
fanagoriya-cru-lermont-cabernet-franc-kaberne-fran-krasnoe-suhoe-13,fanagoriya-cru-lermont-cabernet-franc-kaberne-fran-krasnoe-suhoe-13.webp,fanagoriya_cru_lermont_cabernet_franc_kaberne_fran_krasnoe_suhoe_13_ef61ceeb84.webp
fanagoriya-cru-lermont-cabernet-sauvignon-kaberne-sovinon-krasnoe-suhoe-13,fanagoriya-cru-lermont-cabernet-sauvignon-kaberne-sovinon-krasnoe-suhoe-13.webp,fanagoriya_cru_lermont_cabernet_sauvignon_kaberne_sovinon_krasnoe_suhoe_13_a5a169ea47.webp
fanagoriya-cru-lermont-chardonnay-shardone-beloe-suhoe-14,fanagoriya-cru-lermont-chardonnay-shardone-beloe-suhoe-14.webp,fanagoriya_cru_lermont_chardonnay_shardone_beloe_suhoe_14_435c653682.webp
fanagoriya-cru-lermont-merlo-merlo-krasnoe-suhoe-14,fanagoriya-cru-lermont-merlo-merlo-krasnoe-suhoe-14.webp,fanagoriya_cru_lermont_merlo_merlo_krasnoe_suhoe_14_15ccd6560f.webp
fanagoriya-cru-lermont-petit-verdot-pti-verdo-krasnoe-suhoe-13,fanagoriya-cru-lermont-petit-verdot-pti-verdo-krasnoe-suhoe-13.webp,fanagoriya_cru_lermont_petit_verdot_pti_verdo_krasnoe_suhoe_13_83618460e6.webp
fanagoriya-cru-lermont-pinot-noir-pino-nuar-krasnoe-suhoe-13,fanagoriya-cru-lermont-pinot-noir-pino-nuar-krasnoe-suhoe-13.webp,fanagoriya_cru_lermont_pinot_noir_pino_nuar_krasnoe_suhoe_13_b8a0b0efab.webp
fanagoriya-cru-lermont-saperavi-saperavi-krasnoe-suhoe-135,fanagoriya-cru-lermont-saperavi-saperavi-krasnoe-suhoe-135.webp,fanagoriya_cru_lermont_saperavi_saperavi_krasnoe_suhoe_135_d3b22976a5.webp
fanagoriya-cru-lermont-rubinovyy-magaracha-krasnoe-suhoe-13,fanagoriya-cru-lermont-rubinovyy-magaracha-krasnoe-suhoe-13.webp,fanagoriya_cru_lermont_rubinovyy_magaracha_krasnoe_suhoe_13_7011e81450.webp
chteau-le-grand-vostock-cuvee-karsov-reserve-shardone-beloe-suhoe-14,chteau-le-grand-vostock-cuvee-karsov-reserve-shardone-beloe-suhoe-14.webp,chteau_le_grand_vostock_cuvee_karsov_reserve_shardone_beloe_suhoe_14_d5479420dd.webp
agora-winery-cuvee-pino-gridzhio-shardone-bryut-beloe-125,agora-winery-cuvee-pino-gridzhio-shardone-bryut-beloe-igristoe-bryut-beloe-125.webp,agora_winery_cuvee_pino_gridzhio_shardone_bryut_beloe_igristoe_bryut_beloe_125_16b20c89df.webp
agora-winery-cuvee-pino-nuar-shardone-bryut-rozovoe-125,agora-winery-cuvee-pino-nuar-shardone-bryut-rozovoe-igristoe-bryut-rozovoe-125.webp,agora_winery_cuvee_pino_nuar_shardone_bryut_rozovoe_igristoe_bryut_rozovoe_125_c2b30c8f55.webp
daniel-2021,daniel 21.webp,daniel_21_5adfb4086e.webp
david,David 2020 .webp,David_2020_71f53fa374.webp
david-2021,David 2021.webp,David_2021_65162f7033.webp
david-2022,David 22.webp,David_22_b6377f7280.webp
esse-demi-sec-muscat-nectar-muskat-belyy-beloe-ekstra-bryut-115,esse-demi-sec-muscat-nectar-muskat-belyy-igristoe-ekstra-bryut-beloe-115.webp,esse_demi_sec_muscat_nectar_muskat_belyy_igristoe_ekstra_bryut_beloe_115_dd78fd153c.webp
esse-dolinnoe-cabernet-franc-kaberne-fran-krasnoe-suhoe-13,esse-dolinnoe-cabernet-franc-kaberne-fran-krasnoe-suhoe-13.webp,esse_dolinnoe_cabernet_franc_kaberne_fran_krasnoe_suhoe_13_0390d0284a.webp
esse-dolinnoe-chrdvnr-shardone-beloe-suhoe-13,esse-dolinnoe-chrdvnr-shardone-beloe-suhoe-13.webp,esse_dolinnoe_chrdvnr_shardone_beloe_suhoe_13_f8c0b600ad.webp
eleonora,Eleonora.webp,Eleonora_0e3c405b09.webp
esse-esse-grand-cuvee-60-shardone-beloe-ekstra-bryut-115,esse-esse-grand-cuvee-60-shardone-igristoe-ekstra-bryut-beloe-115.webp,esse_esse_grand_cuvee_60_shardone_igristoe_ekstra_bryut_beloe_115_20c6d7a318.webp
esse-esse-millesime-brut-zero-dosage-shardone-beloe-ekstra-bryut-115,esse-esse-millesime-brut-zero-dosage-shardone-igristoe-ekstra-bryut-beloe-115.webp,esse_esse_millesime_brut_zero_dosage_shardone_igristoe_ekstra_bryut_beloe_115_0cfef302b3.webp
esse-esse-rose-zero-dosage-shardone-rozovoe-ekstra-bryut-115,esse-esse-rose-zero-dosage-shardone-igristoe-ekstra-bryut-rozovoe-115.webp,esse_esse_rose_zero_dosage_shardone_igristoe_ekstra_bryut_rozovoe_115_24439839bf.webp
esse-esse-sira-krasnoe-suhoe-12,esse-esse-sira-krasnoe-suhoe-12.webp,esse_esse_sira_krasnoe_suhoe_12_d542214070.webp
esse-esse-shardone-beloe-suhoe-125,esse-esse-shardone-beloe-suhoe-125.webp,esse_esse_shardone_beloe_suhoe_125_a64096d1a1.webp
aya-organic-wine-vineyards-evolution-chardonnay-shardone-beloe-suhoe-124,aya-organic-wine-vineyards-evolution-chardonnay-shardone-beloe-suhoe-124.webp,aya_organic_wine_vineyards_evolution_chardonnay_shardone_beloe_suhoe_124_e03dd6e444.webp
evolution-pinot-noir,evolution_rose_pinot_noir 2024.webp,evolution_rose_pinot_noir_2024_c3fc4a172a.webp
aya-organic-wine-vineyards-evolution-pinot-noir-pino-nuar-krasnoe-suhoe-125,aya-organic-wine-vineyards-evolution-pinot-noir-pino-nuar-krasnoe-suhoe-125.webp,aya_organic_wine_vineyards_evolution_pinot_noir_pino_nuar_krasnoe_suhoe_125_b0f9aa751e.webp
chteau-le-grand-vostock-fagotine-pino-gri-beloe-polusladkoe-105,chteau-le-grand-vostock-fagotine-pino-gri-beloe-polusladkoe-105.webp,chteau_le_grand_vostock_fagotine_pino_gri_beloe_polusladkoe_105_03a77419a2.webp
chteau-le-grand-vostock-fagotine-pino-gri-rozovoe-polusladkoe-11,chteau-le-grand-vostock-fagotine-pino-gri-rozovoe-polusladkoe-11.webp,chteau_le_grand_vostock_fagotine_pino_gri_rozovoe_polusladkoe_11_674bd59659.webp
fanagoriya-fanagoria-extra-brut-rose-2019-pino-nuar-igristoe-bryut-rozovoe-ekstra-bryut-12,fanagoriya-fanagoria-extra-brut-rose-2019-pino-nuar-igristoe-bryut-rozovoe-ekstra-bryut-12.webp,fanagoriya_fanagoria_extra_brut_rose_2019_pino_nuar_igristoe_bryut_rozovoe_ekstra_bryut_12_aef88041a9.webp
abrau-dyurso-femme-dabrau-amurskiy-potapenko-krasnoe-suhoe-107,abrau-dyurso-femme-dabrau-amurskiy-potapenko-krasnoe-suhoe-107.webp,abrau_dyurso_femme_dabrau_amurskiy_potapenko_krasnoe_suhoe_107_d599cb8a22.webp
fanagoriya-formula-q-saperavi-krasnoe-suhoe-135,fanagoriya-formula-q-saperavi-krasnoe-suhoe-135.webp,fanagoriya_formula_q_saperavi_krasnoe_suhoe_135_3ac72505f2.webp
chteau-le-grand-vostock-grand-karsov-shardone-beloe-suhoe-14,chteau-le-grand-vostock-grand-karsov-shardone-beloe-suhoe-14.webp,chteau_le_grand_vostock_grand_karsov_shardone_beloe_suhoe_14_89c8c2d86d.webp
agrolayn-heritage-dg-skin-contact-red-saperavi-krasnoe-suhoe-13,agrolayn-heritage-dg-skin-contact-red-saperavi-krasnoe-suhoe-13.webp,agrolayn_heritage_dg_skin_contact_red_saperavi_krasnoe_suhoe_13_88fc4bc8a1.webp
agrolayn-heritage-dg-skin-contact-rkatsiteli-rkatsiteli-krasnoe-suhoe-12,agrolayn-heritage-dg-skin-contact-rkatsiteli-rkatsiteli-krasnoe-suhoe-12.webp,agrolayn_heritage_dg_skin_contact_rkatsiteli_rkatsiteli_krasnoe_suhoe_12_a5576a9dd5.webp
agrolayn-heritage-dg-skin-contact-rkatsiteli-rkatsiteli-beloe-suhoe-12,agrolayn-heritage-dg-skin-contact-rkatsiteli-rkatsiteli-beloe-suhoe-12.webp,agrolayn_heritage_dg_skin_contact_rkatsiteli_rkatsiteli_beloe_suhoe_12_3e44c13a6f.webp
fanagoriya-ice-wine-kaberne-kaberne-sovinon-krasnoe-sladkoe-11,fanagoriya-ice-wine-kaberne-kaberne-sovinon-krasnoe-sladkoe-11.webp,fanagoriya_ice_wine_kaberne_kaberne_sovinon_krasnoe_sladkoe_11_d0c08332e8.webp
fanagoriya-ice-wine-merlo-rozovoe-sladkoe-10,fanagoriya-ice-wine-merlo-rozovoe-sladkoe-10.webp,fanagoriya_ice_wine_merlo_rozovoe_sladkoe_10_f04efb1e6f.webp
fanagoriya-ice-wine-risling-tihoe-beloe-sladkoe-10,fanagoriya-ice-wine-risling-tihoe-beloe-sladkoe-10.webp,fanagoriya_ice_wine_risling_tihoe_beloe_sladkoe_10_fd6aaba610.webp
fanagoriya-ice-wine-saperavi-tihoe-krasnoe-sladkoe-10,fanagoriya-ice-wine-saperavi-tihoe-krasnoe-sladkoe-10.webp,fanagoriya_ice_wine_saperavi_tihoe_krasnoe_sladkoe_10_9c41c0131c.webp
kaffa-joy-malbec-glu-glu,460110750288-no-bg-preview (carve.photos).webp,460110750288_no_bg_preview_carve_photos_613a90613e.webp
kaffa-joy-malvasia,460110750290-no-bg-preview (carve.photos).webp,460110750290_no_bg_preview_carve_photos_97c4b5c7e5.webp
kaffa-joy-merlot-malbec,460110750289-no-bg-preview (carve.photos).webp,460110750289_no_bg_preview_carve_photos_4b52546c83.webp
kaffa-joy-rkatsiteli,460110750287-no-bg-preview (carve.photos).webp,460110750287_no_bg_preview_carve_photos_d9a9b898cd.webp
chteau-le-grand-vostock-krasnostop-reserve-krasnostop-krasnoe-suhoe-14,chteau-le-grand-vostock-krasnostop-reserve-krasnostop-krasnoe-suhoe-14.webp,chteau_le_grand_vostock_krasnostop_reserve_krasnostop_krasnoe_suhoe_14_6f2c655629.webp
agrolayn-lame-du-vin-saperavi-krasnoe-suhoe-13,agrolayn-lame-du-vin-saperavi-krasnoe-suhoe-13.webp,agrolayn_lame_du_vin_saperavi_krasnoe_suhoe_13_5ede20a1fd.webp
chteau-le-grand-vostock-le-chene-royal-reserve-merlo-krasnoe-suhoe-145,chteau-le-grand-vostock-le-chene-royal-reserve-merlo-krasnoe-suhoe-145.webp,chteau_le_grand_vostock_le_chene_royal_reserve_merlo_krasnoe_suhoe_145_3a1ec8fdfa.webp
locantita-more,075mjty781rmw0czc3ba7kc53w_preview_0-ezremove.webp,075mjty781rmw0czc3ba7kc53w_preview_0_ezremove_a03c591e41.webp
magnatum-blanc-de-blancs,2.webp,2_1ff7dd9f81.webp
magnatum-cuvee-m-blanc-de-blancs,e7b5c9242252ee908c6a7f883415bf51.webp,e7b5c9242252ee908c6a7f883415bf51_859cbd72e2.webp
magnatum-rose,f804754fa9ae3bf4c674ad5d82e86b14.webp,f804754fa9ae3bf4c674ad5d82e86b14_d9b6930374.webp
belmas-winery-malbec-katya-malbek-rozovoe-suhoe-129,belmas-winery-malbec-katya-malbek-rozovoe-suhoe-129.webp,belmas_winery_malbec_katya_malbek_rozovoe_suhoe_129_a3e291a903.webp
belmas-winery-malbec-katya-belmas-malbek-rozovoe-suhoe-11,belmas-winery-malbec-katya-belmas-malbek-rozovoe-suhoe-11.webp,belmas_winery_malbec_katya_belmas_malbek_rozovoe_suhoe_11_77522b0de4.webp
domaine-de-la-vivandiere-malbec-vivandiere-roze-malbek-rozovoe-suhoe-125,domaine-de-la-vivandiere-malbec-vivandiere-roze-malbek-rozovoe-suhoe-125.webp,domaine_de_la_vivandiere_malbec_vivandiere_roze_malbek_rozovoe_suhoe_125_882f670a7d.webp
esse-mama-marselan-krasnoe-suhoe-115,esse-mama-marselan-krasnoe-suhoe-115.webp,esse_mama_marselan_krasnoe_suhoe_115_13668d8525.webp
mancopia-risling,0632ia7qvpbnncf2rdtc0371aua6i4q2.webp,0632ia7qvpbnncf2rdtc0371aua6i4q2_20fb4a70b1.webp
mantra-blanc-de-blancs,cd3690e22dc2df799a4db8b857e74d37.webp,cd3690e22dc2df799a4db8b857e74d37_9ca346a575.webp
marquetry-cabernet-franc,AYA_marquetry_cabernet_franc_2023_bottle.webp,AYA_marquetry_cabernet_franc_2023_bottle_81526424ed.webp
marquetry-syrah,AYA_marquetry_syrah_2023_bottle.webp,AYA_marquetry_syrah_2023_bottle_90a876b523.webp
marquetry-syrah-merlot-cabernet-franc,AYA_marquetry_syrah_merlot_cabernet_franc_2023_bottle.webp,AYA_marquetry_syrah_merlot_cabernet_franc_2023_bottle_1174396457.webp
gavras-masour-murvedr-rozovoe-suhoe-12,gavras-masour-murvedr-rozovoe-suhoe-12.webp,gavras_masour_murvedr_rozovoe_suhoe_12_9a98bd2fb0.webp
chteau-le-grand-vostock-merlot-merlo-krasnoe-suhoe-14,chteau-le-grand-vostock-merlot-merlo-krasnoe-suhoe-14.webp,chteau_le_grand_vostock_merlot_merlo_krasnoe_suhoe_14_b7ff8ad6c4.webp
ferrum-winery-merlot-merlo-krasnoe-suhoe-13,ferrum-winery-merlot-merlo-krasnoe-suhoe-13.webp,ferrum_winery_merlot_merlo_krasnoe_suhoe_13_bb60771e4b.webp
chteau-le-grand-vostock-merlot-reserve-merlo-krasnoe-suhoe-145,chteau-le-grand-vostock-merlot-reserve-merlo-krasnoe-suhoe-145.webp,chteau_le_grand_vostock_merlot_reserve_merlo_krasnoe_suhoe_145_56be446fbd.webp
agrolayn-mountain-eagle-aleatico-rose-aleatiko-rozovoe-suhoe-125,agrolayn-mountain-eagle-aleatico-rose-aleatiko-rozovoe-suhoe-125.webp,agrolayn_mountain_eagle_aleatico_rose_aleatiko_rozovoe_suhoe_125_2fca230608.webp
agrolayn-mountain-eagle-cabernet-sauvignon-kaberne-sovinon-krasnoe-suhoe-135,agrolayn-mountain-eagle-cabernet-sauvignon-kaberne-sovinon-krasnoe-suhoe-135.webp,agrolayn_mountain_eagle_cabernet_sauvignon_kaberne_sovinon_krasnoe_suhoe_135_c2ea2996ff.webp
agrolayn-mountain-eagle-chardonnay-shardone-beloe-suhoe-12,agrolayn-mountain-eagle-chardonnay-shardone-beloe-suhoe-12.webp,agrolayn_mountain_eagle_chardonnay_shardone_beloe_suhoe_12_787345e979.webp
agrolayn-mountain-eagle-marselan-marselan-krasnoe-suhoe-13,agrolayn-mountain-eagle-marselan-marselan-krasnoe-suhoe-13.webp,agrolayn_mountain_eagle_marselan_marselan_krasnoe_suhoe_13_918dcc5044.webp
agrolayn-mountain-eagle-muscat-muskat-beloe-suhoe-125,agrolayn-mountain-eagle-muscat-muskat-beloe-suhoe-125.webp,agrolayn_mountain_eagle_muscat_muskat_beloe_suhoe_125_1592a7a3e1.webp
agrolayn-mountain-eagle-pedro-ximenez-pedro-himenes-beloe-suhoe-11,agrolayn-mountain-eagle-pedro-ximenez-pedro-himenes-beloe-suhoe-11.webp,agrolayn_mountain_eagle_pedro_ximenez_pedro_himenes_beloe_suhoe_11_f778a838b5.webp
agrolayn-mountain-eagle-saperavi-saperavi-krasnoe-suhoe-135,agrolayn-mountain-eagle-saperavi-saperavi-krasnoe-suhoe-135.webp,agrolayn_mountain_eagle_saperavi_saperavi_krasnoe_suhoe_135_6d3f5cfe1e.webp
agrolayn-mountain-eagle-sauvignon-blanc-sovinon-blan-beloe-suhoe-125,agrolayn-mountain-eagle-sauvignon-blanc-sovinon-blan-beloe-suhoe-125.webp,agrolayn_mountain_eagle_sauvignon_blanc_sovinon_blan_beloe_suhoe_125_4e32ec4820.webp
agrolayn-mountain-eagle-semillon-semilon-beloe-suhoe-11,agrolayn-mountain-eagle-semillon-semilon-beloe-suhoe-11.webp,agrolayn_mountain_eagle_semillon_semilon_beloe_suhoe_11_6f41e3735a.webp
agrolayn-mountain-eagle-traminer-traminer-beloe-suhoe-12,agrolayn-mountain-eagle-traminer-traminer-beloe-suhoe-12.webp,agrolayn_mountain_eagle_traminer_traminer_beloe_suhoe_12_15d07ae704.webp
agrolayn-mountain-eagle-viognier-vione-beloe-suhoe-115,agrolayn-mountain-eagle-viognier-vione-beloe-suhoe-115.webp,agrolayn_mountain_eagle_viognier_vione_beloe_suhoe_115_841c23d57a.webp
agrolayn-mountain-eagle-white-blend-vione-beloe-suhoe-115,agrolayn-mountain-eagle-white-blend-vione-beloe-suhoe-115.webp,agrolayn_mountain_eagle_white_blend_vione_beloe_suhoe_115_30af9f7827.webp
andryus-yutsis-muscat-blanc-muskat-beloe-suhoe-112,andryus-yutsis-muscat-blanc-muskat-beloe-suhoe-112.webp,andryus_yutsis_muscat_blanc_muskat_beloe_suhoe_112_efea231a5f.webp
esse-muskat-muskat-belyy-beloe-ekstra-bryut-115,esse-muskat-muskat-belyy-igristoe-ekstra-bryut-beloe-115.webp,esse_muskat_muskat_belyy_igristoe_ekstra_bryut_beloe_115_f176ce3718.webp
esse-nectar-muscat-muskat-belyy-beloe-polusuhoe-12,esse-nectar-muscat-muskat-belyy-igristoe-polusuhoe-beloe-12.webp,esse_nectar_muscat_muskat_belyy_igristoe_polusuhoe_beloe_12_5b5a2eb0f1.webp
esse-odessa-black-odesskiy-chernyy-krasnoe-suhoe-12,esse-odessa-black-odesskiy-chernyy-krasnoe-suhoe-12.webp,esse_odessa_black_odesskiy_chernyy_krasnoe_suhoe_12_0708fdaee7.webp
andryus-yutsis-orange-vermentino-beloe-suhoe-112,andryus-yutsis-orange-vermentino-beloe-suhoe-112.webp,andryus_yutsis_orange_vermentino_beloe_suhoe_112_656c4e7348.webp
andryus-yutsis-organic-syrah-sira-krasnoe-suhoe-135,andryus-yutsis-organic-syrah-sira-krasnoe-suhoe-135.webp,andryus_yutsis_organic_syrah_sira_krasnoe_suhoe_135_7e2b3955da.webp
fanagoriya-par-amour-pervenets-magaracha-beloe-polusladkoe-105-125,fanagoriya-par-amour-pervenets-magaracha-beloe-polusladkoe-105-125.webp,fanagoriya_par_amour_pervenets_magaracha_beloe_polusladkoe_105_125_937ddaffd1.webp
fanagoriya-par-amour-rubin-golodrigi-krasnoe-polusladkoe-105-125,fanagoriya-par-amour-rubin-golodrigi-krasnoe-polusladkoe-105-125.webp,fanagoriya_par_amour_rubin_golodrigi_krasnoe_polusladkoe_105_125_7e0aec2668.webp
fanagoriya-par-amour-pervenets-magaracha-rozovoe-polusuhoe-105-125,fanagoriya-par-amour-pervenets-magaracha-rozovoe-polusuhoe-105-125.webp,fanagoriya_par_amour_pervenets_magaracha_rozovoe_polusuhoe_105_125_861e969490.webp
fanagoriya-par-amour-pervenets-magaracha-beloe-polusuhoe-105-125,fanagoriya-par-amour-pervenets-magaracha-beloe-polusuhoe-105-125.webp,fanagoriya_par_amour_pervenets_magaracha_beloe_polusuhoe_105_125_6db75a4f18.webp
fanagoriya-pelle-calda-saperavi-krasnoe-suhoe-155,fanagoriya-pelle-calda-saperavi-krasnoe-suhoe-155.webp,fanagoriya_pelle_calda_saperavi_krasnoe_suhoe_155_9c9a89ab23.webp
domaine-lipko-penpalo-cabernet-sauvignon-domaine-lipko-kaberne-sovinon-krasnoe-suhoe-14,domaine-lipko-penpalo-cabernet-sauvignon-domaine-lipko-kaberne-sovinon-krasnoe-suhoe-14.webp,domaine_lipko_penpalo_cabernet_sauvignon_domaine_lipko_kaberne_sovinon_krasnoe_suhoe_14_49831aa29f.webp
domaine-lipko-penpalo-chardonnay-domaine-lipko-shardone-beloe-suhoe-122,domaine-lipko-penpalo-chardonnay-domaine-lipko-shardone-beloe-suhoe-122.webp,domaine_lipko_penpalo_chardonnay_domaine_lipko_shardone_beloe_suhoe_122_84467c3576.webp
domaine-lipko-penpalo-kaberne-sovinon-krasnoe-suhoe-14,domaine-lipko-penpalo-kaberne-sovinon-krasnoe-suhoe-14.webp,domaine_lipko_penpalo_kaberne_sovinon_krasnoe_suhoe_14_669809a88b.webp
esse-petit-verdot-pti-verdo-krasnoe-suhoe-13,esse-petit-verdot-pti-verdo-krasnoe-suhoe-13.webp,esse_petit_verdot_pti_verdo_krasnoe_suhoe_13_cd1d881696.webp
domaine-lipko-petit-verdot-domaine-lipko-pti-verdo-krasnoe-suhoe-14,domaine-lipko-petit-verdot-domaine-lipko-pti-verdo-krasnoe-suhoe-14.webp,domaine_lipko_petit_verdot_domaine_lipko_pti_verdo_krasnoe_suhoe_14_d4fda4146c.webp
belmas-winery-pg-pino-gri-beloe-suhoe-125,belmas-winery-pg-pino-gri-beloe-suhoe-125.webp,belmas_winery_pg_pino_gri_beloe_suhoe_125_8b94234880.webp
andryus-yutsis-pinot-grigio-pino-gri-beloe-suhoe-125,andryus-yutsis-pinot-grigio-pino-gri-beloe-suhoe-125.webp,andryus_yutsis_pinot_grigio_pino_gri_beloe_suhoe_125_62e4b88fbe.webp
belmas-winery-pinot-gris-belmas-pino-gri-beloe-suhoe-122,belmas-winery-pinot-gris-belmas-pino-gri-beloe-suhoe-122.webp,belmas_winery_pinot_gris_belmas_pino_gri_beloe_suhoe_122_1fe1641b7c.webp
chteau-le-grand-vostock-pinot-gris-reserve-pino-gri-beloe-suhoe-135,chteau-le-grand-vostock-pinot-gris-reserve-pino-gri-beloe-suhoe-135.webp,chteau_le_grand_vostock_pinot_gris_reserve_pino_gri_beloe_suhoe_135_92e725d8d8.webp
chteau-le-grand-vostock-pinot-gris-rose-reserve-pino-gri-rozovoe-suhoe-14,chteau-le-grand-vostock-pinot-gris-rose-reserve-pino-gri-rozovoe-suhoe-14.webp,chteau_le_grand_vostock_pinot_gris_rose_reserve_pino_gri_rozovoe_suhoe_14_7accd7f3e7.webp
ferrum-winery-pinot-noir-pino-nuar-rozovoe-suhoe-13,ferrum-winery-pinot-noir-pino-nuar-rozovoe-suhoe-13.webp,ferrum_winery_pinot_noir_pino_nuar_rozovoe_suhoe_13_a5380de052.webp
domaine-lipko-pinot-noir-domaine-lipko-pino-nuar-krasnoe-suhoe-133,domaine-lipko-pinot-noir-domaine-lipko-pino-nuar-krasnoe-suhoe-133.webp,domaine_lipko_pinot_noir_domaine_lipko_pino_nuar_krasnoe_suhoe_133_a7c8791c9f.webp
chteau-le-grand-vostock-pinot-noir-reserve-pino-nuar-krasnoe-suhoe-135,chteau-le-grand-vostock-pinot-noir-reserve-pino-nuar-krasnoe-suhoe-135.webp,chteau_le_grand_vostock_pinot_noir_reserve_pino_nuar_krasnoe_suhoe_135_06d37ba366.webp
belmas-winery-pn-pino-nuar-krasnoe-suhoe-135,belmas-winery-pn-pino-nuar-krasnoe-suhoe-135.webp,belmas_winery_pn_pino_nuar_krasnoe_suhoe_135_f23c819c6d.webp
fanagoriya-primum-alveus-blanc-de-blancs-2017-shardone-igristoe-bryut-beloe-12,fanagoriya-primum-alveus-blanc-de-blancs-2017-shardone-igristoe-bryut-beloe-12.webp,fanagoriya_primum_alveus_blanc_de_blancs_2017_shardone_igristoe_bryut_beloe_12_1cb2145fb9.webp
fanagoriya-primum-alveus-blanc-de-blancs-ekstra-bryut-2019-shardone-beloe-11-13,fanagoriya-primum-alveus-blanc-de-blancs-ekstra-bryut-2019-shardone-beloe-11-13.webp,fanagoriya_primum_alveus_blanc_de_blancs_ekstra_bryut_2019_shardone_beloe_11_13_8a2416fff5.webp
fanagoriya-primum-alveus-brut-2014-shardone-igristoe-bryut-beloe-12,fanagoriya-primum-alveus-brut-2014-shardone-igristoe-bryut-beloe-12.webp,fanagoriya_primum_alveus_brut_2014_shardone_igristoe_bryut_beloe_12_9cc32014b2.webp
fanagoriya-primum-alveus-brut-2016-shardone-igristoe-bryut-beloe-12,fanagoriya-primum-alveus-brut-2016-shardone-igristoe-bryut-beloe-12.webp,fanagoriya_primum_alveus_brut_2016_shardone_igristoe_bryut_beloe_12_003b2ef29a.webp
fanagoriya-primum-alveus-brut-2017-shardone-igristoe-bryut-beloe-12,fanagoriya-primum-alveus-brut-2017-shardone-igristoe-bryut-beloe-12.webp,fanagoriya_primum_alveus_brut_2017_shardone_igristoe_bryut_beloe_12_40dd626204.webp
fanagoriya-primum-alveus-extra-brut-2014-pino-nuar-beloe-bryut-12,fanagoriya-primum-alveus-extra-brut-2014-pino-nuar-beloe-bryut-12.webp,fanagoriya_primum_alveus_extra_brut_2014_pino_nuar_beloe_bryut_12_06194497ba.webp
fanagoriya-primum-alveus-extra-brut-2016-shardone-beloe-bryut-12,fanagoriya-primum-alveus-extra-brut-2016-shardone-beloe-bryut-12.webp,fanagoriya_primum_alveus_extra_brut_2016_shardone_beloe_bryut_12_b865355639.webp
fanagoriya-primum-alveus-extra-brut-rose-2014-pino-nuar-rozovoe-bryut-12,fanagoriya-primum-alveus-extra-brut-rose-2014-pino-nuar-rozovoe-bryut-12.webp,fanagoriya_primum_alveus_extra_brut_rose_2014_pino_nuar_rozovoe_bryut_12_05917c9a77.webp
fanagoriya-primum-alveus-blanc-de-noirs-meunier-ekstra-bryut-2019-mene-beloe-11-13,fanagoriya-primum-alveus-blanc-de-noirs-meunier-ekstra-bryut-2019-mene-beloe-11-13.webp,fanagoriya_primum_alveus_blanc_de_noirs_meunier_ekstra_bryut_2019_mene_beloe_11_13_5e42a8faca.webp
fanagoriya-primum-alveus-brut-2021-shardone-beloe-bryut-11-13,fanagoriya-primum-alveus-brut-2021-shardone-beloe-bryut-11-13.webp,fanagoriya_primum_alveus_brut_2021_shardone_beloe_bryut_11_13_0f4e9e5d49.webp
fanagoriya-primum-alveus-bryut-2019-pino-nuar-igristoe-bryut-rozovoe-11-13,fanagoriya-primum-alveus-bryut-2019-pino-nuar-igristoe-bryut-rozovoe-11-13.webp,fanagoriya_primum_alveus_bryut_2019_pino_nuar_igristoe_bryut_rozovoe_11_13_85e68acaf3.webp
fanagoriya-primum-alveus-ekstra-bryut-2017-pino-nuar-beloe-11-13,fanagoriya-primum-alveus-ekstra-bryut-2017-pino-nuar-beloe-11-13.webp,fanagoriya_primum_alveus_ekstra_bryut_2017_pino_nuar_beloe_11_13_278cb95a09.webp
aya-organic-wine-vineyards-purity-in-merlot-merlo-rozovoe-suhoe-134,aya-organic-wine-vineyards-purity-in-merlot-merlo-rozovoe-suhoe-134.webp,aya_organic_wine_vineyards_purity_in_merlot_merlo_rozovoe_suhoe_134_9e5858ac67.webp
aya-organic-wine-vineyards-purity-in-syrah-sira-krasnoe-suhoe-146,aya-organic-wine-vineyards-purity-in-syrah-sira-krasnoe-suhoe-146.webp,aya_organic_wine_vineyards_purity_in_syrah_sira_krasnoe_suhoe_146_1d4164b8db.webp
aya-organic-wine-vineyards-purity-in-syrah-sira-rozovoe-suhoe-132,aya-organic-wine-vineyards-purity-in-syrah-sira-rozovoe-suhoe-132.webp,aya_organic_wine_vineyards_purity_in_syrah_sira_rozovoe_suhoe_132_56159ed421.webp
aya-organic-wine-vineyards-purity-in-trinity-pino-nuar-rozovoe-suhoe-13,aya-organic-wine-vineyards-purity-in-trinity-pino-nuar-rozovoe-suhoe-13.webp,aya_organic_wine_vineyards_purity_in_trinity_pino_nuar_rozovoe_suhoe_13_a16516170d.webp
fanagoriya-q-blanc-sovinon-blan-beloe-suhoe-14,fanagoriya-q-blanc-sovinon-blan-beloe-suhoe-14.webp,fanagoriya_q_blanc_sovinon_blan_beloe_suhoe_14_0f9d610da3.webp
fanagoriya-q-bordeaux-blend-kaberne-sovinon-krasnoe-suhoe-135,fanagoriya-q-bordeaux-blend-kaberne-sovinon-krasnoe-suhoe-135.webp,fanagoriya_q_bordeaux_blend_kaberne_sovinon_krasnoe_suhoe_135_ab9142098e.webp
esse-ridicule-sira-krasnoe-suhoe-125,esse-ridicule-sira-krasnoe-suhoe-125.webp,esse_ridicule_sira_krasnoe_suhoe_125_6a621251f5.webp
ferrum-winery-riesling-risling-reynskiy-beloe-suhoe-11,ferrum-winery-riesling-risling-reynskiy-beloe-suhoe-11.webp,ferrum_winery_riesling_risling_reynskiy_beloe_suhoe_11_9421a33d82.webp
belmas-winery-riesling-belmas-risling-beloe-suhoe-135,belmas-winery-riesling-belmas-risling-beloe-suhoe-135.webp,belmas_winery_riesling_belmas_risling_beloe_suhoe_135_f64f3944b9.webp
belmas-winery-riesling-katya-risling-beloe-suhoe-12,belmas-winery-riesling-katya-risling-beloe-suhoe-12.webp,belmas_winery_riesling_katya_risling_beloe_suhoe_12_f09b143381.webp
belmas-winery-riesling-katya-belmas-risling-beloe-suhoe-125,belmas-winery-riesling-katya-belmas-risling-beloe-suhoe-125.webp,belmas_winery_riesling_katya_belmas_risling_beloe_suhoe_125_43237968a1.webp
domaine-lipko-riesling-m-domaine-lipko-risling-beloe-suhoe-102,domaine-lipko-riesling-m-domaine-lipko-risling-beloe-suhoe-102.webp,domaine_lipko_riesling_m_domaine_lipko_risling_beloe_suhoe_102_aac6eaf2b0.webp
esse-rose-sira-rozovoe-suhoe-12,esse-rose-sira-rozovoe-suhoe-12.webp,esse_rose_sira_rozovoe_suhoe_12_f4150d71ea.webp
esse-rose-cuvee-prestige-pino-nuar-rozovoe-bryut-13,esse-rose-cuvee-prestige-pino-nuar-igristoe-bryut-rozovoe-13.webp,esse_rose_cuvee_prestige_pino_nuar_igristoe_bryut_rozovoe_13_606b304d1d.webp
esse-rose-cuvee-prestige-pino-nuar-rozovoe-bryut-115,esse-rose-cuvee-prestige-pino-nuar-igristoe-bryut-rozovoe-115.webp,esse_rose_cuvee_prestige_pino_nuar_igristoe_bryut_rozovoe_115_725db31aa4.webp
fanagoriya-rose-kaberne-sovinon-rozovoe-polusuhoe-13,fanagoriya-rose-kaberne-sovinon-rozovoe-polusuhoe-13.webp,fanagoriya_rose_kaberne_sovinon_rozovoe_polusuhoe_13_93945d7963.webp
fanagoriya-rose-kaberne-fran-rozovoe-suhoe-13,fanagoriya-rose-kaberne-fran-rozovoe-suhoe-13.webp,fanagoriya_rose_kaberne_fran_rozovoe_suhoe_13_516a037cf7.webp
fanagoriya-rose-saperavi-rozovoe-polusuhoe-125,fanagoriya-rose-saperavi-rozovoe-polusuhoe-125.webp,fanagoriya_rose_saperavi_rozovoe_polusuhoe_125_79cbdac8e3.webp
fanagoriya-rs-noir-saperavi-krasnoe-polusladkoe-125,fanagoriya-rs-noir-saperavi-krasnoe-polusladkoe-125.webp,fanagoriya_rs_noir_saperavi_krasnoe_polusladkoe_125_9b8002f11a.webp
esse-sangiovese-sandzhoveze-krasnoe-suhoe-135,esse-sangiovese-sandzhoveze-krasnoe-suhoe-135.webp,esse_sangiovese_sandzhoveze_krasnoe_suhoe_135_cc1e0cdca2.webp
ferrum-winery-saperavi-saperavi-krasnoe-suhoe-12,ferrum-winery-saperavi-saperavi-krasnoe-suhoe-12.webp,ferrum_winery_saperavi_saperavi_krasnoe_suhoe_12_38db68708e.webp
fanagoriya-saqra-saperavi-krasnoe-suhoe-135,fanagoriya-saqra-saperavi-krasnoe-suhoe-vyderzhannoe-135.webp,fanagoriya_saqra_saperavi_krasnoe_suhoe_vyderzhannoe_135_2bf601b1e4.webp
chteau-le-grand-vostock-sauvignon-blanc-sovinon-blan-beloe-suhoe-14,chteau-le-grand-vostock-sauvignon-blanc-sovinon-blan-beloe-suhoe-14.webp,chteau_le_grand_vostock_sauvignon_blanc_sovinon_blan_beloe_suhoe_14_1d0d531b62.webp
belmas-winery-sauvignon-blanc-belmas-sovinon-blan-beloe-suhoe-13,belmas-winery-sauvignon-blanc-belmas-sovinon-blan-beloe-suhoe-13.webp,belmas_winery_sauvignon_blanc_belmas_sovinon_blan_beloe_suhoe_13_8043c6c433.webp
domaine-lipko-sauvignon-blanc-domaine-lipko-sovinon-blan-beloe-suhoe-118,domaine-lipko-sauvignon-blanc-domaine-lipko-sovinon-blan-beloe-suhoe-118.webp,domaine_lipko_sauvignon_blanc_domaine_lipko_sovinon_blan_beloe_suhoe_118_3466c4862b.webp
belmas-winery-sauvignon-blanc-katya-sovinon-blan-beloe-suhoe-115,belmas-winery-sauvignon-blanc-katya-sovinon-blan-beloe-suhoe-115.webp,belmas_winery_sauvignon_blanc_katya_sovinon_blan_beloe_suhoe_115_f45cba05c3.webp
belmas-winery-sauvignon-blanc-katya-belmas-sovinon-blan-beloe-suhoe-115,belmas-winery-sauvignon-blanc-katya-belmas-sovinon-blan-beloe-suhoe-115.webp,belmas_winery_sauvignon_blanc_katya_belmas_sovinon_blan_beloe_suhoe_115_0d366fd128.webp
chteau-le-grand-vostock-sauvignon-blanc-reserve-sovinon-blan-beloe-suhoe-14,chteau-le-grand-vostock-sauvignon-blanc-reserve-sovinon-blan-beloe-suhoe-14.webp,chteau_le_grand_vostock_sauvignon_blanc_reserve_sovinon_blan_beloe_suhoe_14_76f3ec9fa3.webp
fanagoriya-solera-moscatel-oro-muskat-ottonel-beloe-suhoe-16,fanagoriya-solera-moscatel-oro-muskat-ottonel-beloe-suhoe-16.webp,fanagoriya_solera_moscatel_oro_muskat_ottonel_beloe_suhoe_16_9b53f1b676.webp
fanagoriya-solera-porto-negro-saperavi-krasnoe-suhoe-15,fanagoriya-solera-porto-negro-saperavi-krasnoe-suhoe-15.webp,fanagoriya_solera_porto_negro_saperavi_krasnoe_suhoe_15_da8532cb52.webp
fanagoriya-solera-rkatsiteli-ambra-rkatsiteli-beloe-suhoe-15,fanagoriya-solera-rkatsiteli-ambra-rkatsiteli-beloe-suhoe-15.webp,fanagoriya_solera_rkatsiteli_ambra_rkatsiteli_beloe_suhoe_15_e7d1b39f59.webp
fanagoriya-solera-saperavi-ruby-saperavi-krasnoe-suhoe-16,fanagoriya-solera-saperavi-ruby-saperavi-krasnoe-suhoe-16.webp,fanagoriya_solera_saperavi_ruby_saperavi_krasnoe_suhoe_16_12e48bf206.webp
abrau-dyurso-spumante-bryut-roze-shardone-rozovoe-12,abrau-dyurso-spumante-bryut-roze-shardone-igristoe-bryut-rozovoe-12.webp,abrau_dyurso_spumante_bryut_roze_shardone_igristoe_bryut_rozovoe_12_36f26aa26f.webp
fanagoriya-sur-lie-chardonnay-shardone-beloe-suhoe-135,fanagoriya-sur-lie-chardonnay-shardone-beloe-suhoe-135.webp,fanagoriya_sur_lie_chardonnay_shardone_beloe_suhoe_135_03450c562d.webp
fanagoriya-sur-lie-clairet-saperavi-krasnoe-suhoe-13,fanagoriya-sur-lie-clairet-saperavi-krasnoe-suhoe-13.webp,fanagoriya_sur_lie_clairet_saperavi_krasnoe_suhoe_13_793f3ddcad.webp
fanagoriya-sur-lie-vi-vi-aligote-beloe-suhoe-125,fanagoriya-sur-lie-vi-vi-aligote-beloe-suhoe-125.webp,fanagoriya_sur_lie_vi_vi_aligote_beloe_suhoe_125_389d32e07e.webp
domaine-lipko-syrah-domaine-lipko-sira-krasnoe-suhoe-14,domaine-lipko-syrah-domaine-lipko-sira-krasnoe-suhoe-14.webp,domaine_lipko_syrah_domaine_lipko_sira_krasnoe_suhoe_14_4a737361dc.webp
belmas-winery-syrah-katya-sira-krasnoe-suhoe-125,belmas-winery-syrah-katya-sira-krasnoe-suhoe-125.webp,belmas_winery_syrah_katya_sira_krasnoe_suhoe_125_63523e8e71.webp
belmas-winery-syrah-katya-belmas-sira-krasnoe-suhoe-125,belmas-winery-syrah-katya-belmas-sira-krasnoe-suhoe-125.webp,belmas_winery_syrah_katya_belmas_sira_krasnoe_suhoe_125_53ec9045d4.webp
uva-vallis-risling,cu3xjk4e93p2zxvazyl9c3jlidfny9ub.webp,cu3xjk4e93p2zxvazyl9c3jlidfny9ub_cf6ed0e9b3.webp
fanagoriya-velvet-season-risling-beloe-sladkoe-12,fanagoriya-velvet-season-risling-beloe-sladkoe-12.webp,fanagoriya_velvet_season_risling_beloe_sladkoe_12_3dae247160.webp
fanagoriya-velvet-season-muskat-ottonel-beloe-sladkoe-13,fanagoriya-velvet-season-muskat-ottonel-beloe-sladkoe-13.webp,fanagoriya_velvet_season_muskat_ottonel_beloe_sladkoe_13_737d19601c.webp
agrolayn-vexillum-blanc-de-blancs-shardone-beloe-bryut-115,agrolayn-vexillum-blanc-de-blancs-shardone-igristoe-bryut-beloe-115.webp,agrolayn_vexillum_blanc_de_blancs_shardone_igristoe_bryut_beloe_115_95d59e344a.webp
agrolayn-vexillum-blanc-de-noirs-pino-nuar-beloe-bryut-12,agrolayn-vexillum-blanc-de-noirs-pino-nuar-igristoe-bryut-beloe-12.webp,agrolayn_vexillum_blanc_de_noirs_pino_nuar_igristoe_bryut_beloe_12_82c19c7b32.webp
belmas-winery-vi-vione-beloe-suhoe-122,belmas-winery-vi-vione-beloe-suhoe-122.webp,belmas_winery_vi_vione_beloe_suhoe_122_30cc36164c.webp
vibes-chardonnay-barrel-fermented-2021,bottle-01-Chardonnay.webp,bottle_01_Chardonnay_3f2618d7aa.webp
vibes-glera-col-fondo-2022,bottle-07-Glera.webp,bottle_07_Glera_c501ac35b9.webp
vibes-pinot-grigio-2021,bottle-04-Pinot_Grigio.webp,bottle_04_Pinot_Grigio_746de452f7.webp
vibes-riesling-silvaner-2022,01-Riesling-Silvaner-2022 (1).webp,01_Riesling_Silvaner_2022_1_4d11fabbf5.webp
vibes-silvaner-2022,02-Silvaner-2022.webp,02_Silvaner_2022_2241743a4e.webp
vibes-silvaner-barrel-fermented-2022,03-Silvaner-2022-Barrel-Fermented.webp,03_Silvaner_2022_Barrel_Fermented_01addc1e7f.webp
silvaner-pet-nat-2022,bottle-06-Silvaner.webp,bottle_06_Silvaner_a23d302323.webp
vibes-vermentino-viognier-barrel-fermented-2022,03-Silvaner-2022-Barrel-Fermented.webp,03_Silvaner_2022_Barrel_Fermented_01addc1e7f.webp
abrau-dyurso-victor-dravigny-brut-shardone-beloe-bryut-12,abrau-dyurso-victor-dravigny-brut-shardone-beloe-bryut-12.webp,abrau_dyurso_victor_dravigny_brut_shardone_beloe_bryut_12_4ab7b05e3d.webp
abrau-dyurso-victor-dravigny-brut-rose-pino-nuar-rozovoe-bryut-12,abrau-dyurso-victor-dravigny-brut-rose-pino-nuar-rozovoe-bryut-12.webp,abrau_dyurso_victor_dravigny_brut_rose_pino_nuar_rozovoe_bryut_12_c7199512eb.webp
abrau-dyurso-victor-dravigny-extra-brut-shardone-beloe-bryut-125,abrau-dyurso-victor-dravigny-extra-brut-shardone-beloe-bryut-125.webp,abrau_dyurso_victor_dravigny_extra_brut_shardone_beloe_bryut_125_86dc223df3.webp
abrau-dyurso-victor-dravigny-koshernoe-bryut-shardone-beloe-125,abrau-dyurso-victor-dravigny-koshernoe-bryut-shardone-beloe-125.webp,abrau_dyurso_victor_dravigny_koshernoe_bryut_shardone_beloe_125_662e4e2b51.webp
abrau-dyurso-victor-dravigny-krasnoe-polusladkoe-kaberne-sovinon-125,abrau-dyurso-victor-dravigny-krasnoe-polusladkoe-kaberne-sovinon-125.webp,abrau_dyurso_victor_dravigny_krasnoe_polusladkoe_kaberne_sovinon_125_f0e4d2775c.webp
abrau-dyurso-victor-dravigny-polusladkoe-sovinon-blan-beloe-12,abrau-dyurso-victor-dravigny-polusladkoe-sovinon-blan-beloe-12.webp,abrau_dyurso_victor_dravigny_polusladkoe_sovinon_blan_beloe_12_ec087df76c.webp
abrau-dyurso-victor-dravigny-polusuhoe-pino-blan-beloe-12,abrau-dyurso-victor-dravigny-polusuhoe-pino-blan-beloe-12.webp,abrau_dyurso_victor_dravigny_polusuhoe_pino_blan_beloe_12_7b6de7aca6.webp
belmas-winery-viogner-katya-vione-beloe-suhoe-135,belmas-winery-viogner-katya-vione-beloe-suhoe-135.webp,belmas_winery_viogner_katya_vione_beloe_suhoe_135_400b1034b7.webp
belmas-winery-viognier-belmas-vione-beloe-suhoe-122,belmas-winery-viognier-belmas-vione-beloe-suhoe-122.webp,belmas_winery_viognier_belmas_vione_beloe_suhoe_122_555561eab4.webp
belmas-winery-viognier-katya-belmas-vione-beloe-suhoe-135,belmas-winery-viognier-katya-belmas-vione-beloe-suhoe-135.webp,belmas_winery_viognier_katya_belmas_vione_beloe_suhoe_135_9ae123fee2.webp
domaine-de-la-vivandiere-vn-beloe-aligote-suhoe-131,domaine-de-la-vivandiere-vn-beloe-aligote-beloe-suhoe-131.webp,domaine_de_la_vivandiere_vn_beloe_aligote_beloe_suhoe_131_5d98fba99a.webp
domaine-de-la-vivandiere-vn-krasnoe-pino-nuar-suhoe-12,domaine-de-la-vivandiere-vn-krasnoe-pino-nuar-krasnoe-suhoe-12.webp,domaine_de_la_vivandiere_vn_krasnoe_pino_nuar_krasnoe_suhoe_12_22b28437fb.webp
chteau-le-grand-vostock-vostock-blanc-sovinon-blan-beloe-suhoe-135,chteau-le-grand-vostock-vostock-blanc-sovinon-blan-beloe-suhoe-135.webp,chteau_le_grand_vostock_vostock_blanc_sovinon_blan_beloe_suhoe_135_5964579dc4.webp
domaine-lipko-white-blend-tsitronnyy-magaracha-beloe-suhoe-115,domaine-lipko-white-blend-tsitronnyy-magaracha-beloe-suhoe-115.webp,domaine_lipko_white_blend_tsitronnyy_magaracha_beloe_suhoe_115_24011764ba.webp
domaine-lipko-white-blend-muskat-beloe-polusuhoe-12,domaine-lipko-white-blend-muskat-beloe-polusuhoe-12.webp,domaine_lipko_white_blend_muskat_beloe_polusuhoe_12_19ac7b503b.webp
domaine-lipko-white-blend-lipko-muskat-belyy-beloe-polusuhoe-115,domaine-lipko-white-blend-lipko-muskat-belyy-beloe-polusuhoe-115.webp,domaine_lipko_white_blend_lipko_muskat_belyy_beloe_polusuhoe_115_0ffe4c6cf6.webp
abrau-dyurso-abrau-kupazh-krasnyy-polsusladkoe-kaberne-sovinon-krasnoe-polusladkoe-11,abrau-dyurso-abrau-kupazh-krasnyy-polsusladkoe-kaberne-sovinon-krasnoe-polusladkoe-11.webp,abrau_dyurso_abrau_kupazh_krasnyy_polsusladkoe_kaberne_sovinon_krasnoe_polusladkoe_11_291e93ae8d.webp
abrau-dyurso-abrau-kupazh-svetlyy-suhoe-shardone-beloe-125,abrau-dyurso-abrau-kupazh-svetlyy-suhoe-shardone-beloe-125.webp,abrau_dyurso_abrau_kupazh_svetlyy_suhoe_shardone_beloe_125_b60d4bb639.webp
abrau-dyurso-abrau-kupazh-tyomnyy-suhoe-kaberne-sovinon-krasnoe-13,abrau-dyurso-abrau-kupazh-tyomnyy-suhoe-kaberne-sovinon-krasnoe-13.webp,abrau_dyurso_abrau_kupazh_tyomnyy_suhoe_kaberne_sovinon_krasnoe_13_a9c6a97e9b.webp
abrau-dyurso-abrau-dyurso-pino-nuar-krasnoe-suhoe-13,abrau-dyurso-abrau-dyurso-pino-nuar-krasnoe-suhoe-13.webp,abrau_dyurso_abrau_dyurso_pino_nuar_krasnoe_suhoe_13_2c1e6330fe.webp
abrau-dyurso-aleksandr-ii-magnum-shardone-beloe-bryut-125,abrau-dyurso-aleksandr-ii-magnum-shardone-beloe-bryut-125.webp,abrau_dyurso_aleksandr_ii_magnum_shardone_beloe_bryut_125_256840c1d1.webp
chateau-andre-aligote-beloe-suhoe-13,chateau-andre-aligote-beloe-suhoe-13.webp,chateau_andre_aligote_beloe_suhoe_13_c3d34b9641.webp
belbek-aligote-beloe-suhoe-125,belbek-aligote-beloe-suhoe-125.webp,belbek_aligote_beloe_suhoe_125_3994f84c11.webp
domaine-de-la-vivandiere-alkomishka-malbek-krasnoe-suhoe-123,domaine-de-la-vivandiere-alkomishka-malbek-krasnoe-suhoe-123.webp,domaine_de_la_vivandiere_alkomishka_malbek_krasnoe_suhoe_123_edeea28c08.webp
alma-valley-alma-graviti-pino-nuar-merlo-kaberne-sovinon-krasnoe-suhoe-14,alma-valley-alma-graviti-pino-nuar-merlo-kaberne-sovinon-krasnoe-suhoe-14.webp,alma_valley_alma_graviti_pino_nuar_merlo_kaberne_sovinon_krasnoe_suhoe_14_aed5a84143.webp
gavras-areni-krasnoe-suhoe-13,gavras-areni-krasnoe-suhoe-13.webp,gavras_areni_krasnoe_suhoe_13_52b40d0436.webp
dva-serdtsa-arinarnoa-kaberne-sovinon-krasnoe-suhoe-135,dva-serdtsa-arinarnoa-kaberne-sovinon-krasnoe-suhoe-135.webp,dva_serdtsa_arinarnoa_kaberne_sovinon_krasnoe_suhoe_135_047c8cca68.webp
denisov-winery-assamblyazh-rubin-golodrigi-rozovoe-suhoe-12,denisov-winery-assamblyazh-rubin-golodrigi-rozovoe-suhoe-12.webp,denisov_winery_assamblyazh_rubin_golodrigi_rozovoe_suhoe_12_0cb8d3dedd.webp
belbek-beloe-suhoe-kaberne-sovinon-krasnoe-14,belbek-beloe-suhoe-kaberne-sovinon-krasnoe-suhoe-14.webp,belbek_beloe_suhoe_kaberne_sovinon_krasnoe_suhoe_14_82f8b0eda2.webp
belbek-belbek-kaberne-fran-krasnoe-suhoe-13,belbek-belbek-kaberne-fran-krasnoe-suhoe-13.webp,belbek_belbek_kaberne_fran_krasnoe_suhoe_13_1dc81c94ac.webp
belbek-belbek-meritazh-kaberne-sovinon-krasnoe-suhoe-135,belbek-belbek-meritazh-kaberne-sovinon-krasnoe-suhoe-135.webp,belbek_belbek_meritazh_kaberne_sovinon_krasnoe_suhoe_135_3ac532f36b.webp
belbek-belbek-merlo-krasnoe-suhoe-129,belbek-belbek-merlo-krasnoe-suhoe-129.webp,belbek_belbek_merlo_krasnoe_suhoe_129_721da2ee04.webp
belbek-belbek-muskat-beloe-suhoe-128,belbek-belbek-muskat-beloe-suhoe-128.webp,belbek_belbek_muskat_beloe_suhoe_128_630defdbb3.webp
belbek-belbek-pino-nuar-krasnoe-suhoe-13,belbek-belbek-pino-nuar-krasnoe-suhoe-13.webp,belbek_belbek_pino_nuar_krasnoe_suhoe_13_f1519564c9.webp
belbek-belbek-pti-verdo-krasnoe-suhoe-121,belbek-belbek-pti-verdo-krasnoe-suhoe-121.webp,belbek_belbek_pti_verdo_krasnoe_suhoe_121_40c032fb64.webp
belbek-belbek-risling-beloe-suhoe-128,belbek-belbek-risling-beloe-suhoe-128.webp,belbek_belbek_risling_beloe_suhoe_128_cb6f66781a.webp
belbek-belbek-risling-rezerv-beloe-suhoe-13,belbek-belbek-risling-rezerv-beloe-suhoe-13.webp,belbek_belbek_risling_rezerv_beloe_suhoe_13_618fbe6775.webp
belbek-belbek-rkatsiteli-barrik-beloe-suhoe-13,belbek-belbek-rkatsiteli-barrik-beloe-suhoe-13.webp,belbek_belbek_rkatsiteli_barrik_beloe_suhoe_13_44d3a11b2f.webp
belbek-belbek-roze-pino-nuar-rozovoe-suhoe-129,belbek-belbek-roze-pino-nuar-rozovoe-suhoe-129.webp,belbek_belbek_roze_pino_nuar_rozovoe_suhoe_129_051d90b1ff.webp
belbek-belbek-sandzhoveze-krasnoe-suhoe-138,belbek-belbek-sandzhoveze-krasnoe-suhoe-138.webp,belbek_belbek_sandzhoveze_krasnoe_suhoe_138_9bf09c1a82.webp
belbek-belbek-saperavi-rezerv-krasnoe-suhoe-14,belbek-belbek-saperavi-rezerv-krasnoe-suhoe-14.webp,belbek_belbek_saperavi_rezerv_krasnoe_suhoe_14_d920558ff2.webp
belbek-belbek-sira-krasnoe-suhoe-132,belbek-belbek-sira-krasnoe-suhoe-132.webp,belbek_belbek_sira_krasnoe_suhoe_132_e2a205e856.webp
belbek-belbek-fiolent-muskat-beloe-polusladkoe-125,belbek-belbek-fiolent-muskat-beloe-polusladkoe-125.webp,belbek_belbek_fiolent_muskat_beloe_polusladkoe_125_a8f84e49d2.webp
chateau-de-talu-blan-semilon-beloe-suhoe-127,chateau-de-talu-blan-semilon-beloe-suhoe-127.webp,chateau_de_talu_blan_semilon_beloe_suhoe_127_93430db9c7.webp
perovskih_blan_de_noir,Blanc de noirs brut nature.webp,Blanc_de_noirs_brut_nature_030b095589.webp
domaine-lipko-blaufrankish-krasnoe-suhoe-126,domaine-lipko-blaufrankish-krasnoe-suhoe-126.webp,domaine_lipko_blaufrankish_krasnoe_suhoe_126_e33253850f.webp
andryus-yutsis-vione-beloe-suhoe-112,andryus-yutsis-vione-beloe-suhoe-112.webp,andryus_yutsis_vione_beloe_suhoe_112_3dcc463d21.webp
esse-vione-beloe-suhoe-13,esse-vione-beloe-suhoe-13.webp,esse_vione_beloe_suhoe_13_aec36b710c.webp
dva-serdtsa-vione-beloe-suhoe-125,dva-serdtsa-vione-beloe-suhoe-125.webp,dva_serdtsa_vione_beloe_suhoe_125_2e3fcdb2b9.webp
chateau-cachalot-vione-beloe-suhoe-112,chateau-cachalot-vione-beloe-suhoe-112.webp,chateau_cachalot_vione_beloe_suhoe_112_fe94c08087.webp
esse-gevyurtstraminer-beloe-suhoe-12,esse-gevyurtstraminer-beloe-suhoe-12.webp,esse_gevyurtstraminer_beloe_suhoe_12_c0993e07dc.webp
alma-valley-graviti-pino-blan-beloe-suhoe-135,alma-valley-graviti-pino-blan-beloe-suhoe-135.webp,alma_valley_graviti_pino_blan_beloe_suhoe_135_78180c873a.webp
alma-valley-graviti-kaberne-sovinon-krasnoe-suhoe-15,alma-valley-graviti-kaberne-sovinon-krasnoe-suhoe-15.webp,alma_valley_graviti_kaberne_sovinon_krasnoe_suhoe_15_018520df79.webp
derbent-vino-graf-vorontsov-beloe-polusladkoe-sovinon-blan-105-125,derbent-vino-graf-vorontsov-beloe-polusladkoe-sovinon-blan-105-125.webp,derbent_vino_graf_vorontsov_beloe_polusladkoe_sovinon_blan_105_125_5bcfddfbc1.webp
derbent-vino-graf-vorontsov-bryut-beloe-sovinon-blan-105-125,derbent-vino-graf-vorontsov-bryut-beloe-sovinon-blan-105-125.webp,derbent_vino_graf_vorontsov_bryut_beloe_sovinon_blan_105_125_75497fccb3.webp
derbent-vino-graf-vorontsov-bryut-rozovoe-pervenets-magaracha-105-125,derbent-vino-graf-vorontsov-bryut-rozovoe-pervenets-magaracha-105-125.webp,derbent_vino_graf_vorontsov_bryut_rozovoe_pervenets_magaracha_105_125_080d855e21.webp
chateau-andre-gryuner-beloe-suhoe-13,chateau-andre-gryuner-beloe-suhoe-13.webp,chateau_andre_gryuner_beloe_suhoe_13_c15d8162b2.webp
fanagoriya-dekanter-chardonnay-2020-shardone-beloe-suhoe-135,fanagoriya-dekanter-chardonnay-2020-shardone-beloe-suhoe-135.webp,fanagoriya_dekanter_chardonnay_2020_shardone_beloe_suhoe_135_b72982bc7e.webp
fanagoriya-dekanter-riesling-2020-risling-reynskiy-beloe-suhoe-13,fanagoriya-dekanter-riesling-2020-risling-reynskiy-beloe-suhoe-13.webp,fanagoriya_dekanter_riesling_2020_risling_reynskiy_beloe_suhoe_13_501205987a.webp
fanagoriya-dekanter-kaberne-sovinon-2018-krasnoe-suhoe-14,fanagoriya-dekanter-kaberne-sovinon-2018-krasnoe-suhoe-14.webp,fanagoriya_dekanter_kaberne_sovinon_2018_krasnoe_suhoe_14_fefe5a3d2b.webp
fanagoriya-dekanter-kaberne-fran-2019-krasnoe-suhoe-13,fanagoriya-dekanter-kaberne-fran-2019-krasnoe-suhoe-13.webp,fanagoriya_dekanter_kaberne_fran_2019_krasnoe_suhoe_13_0b28b4ba5d.webp
fanagoriya-dekanter-merlo-2018-krasnoe-suhoe-14,fanagoriya-dekanter-merlo-2018-krasnoe-suhoe-14.webp,fanagoriya_dekanter_merlo_2018_krasnoe_suhoe_14_5bd81e96ca.webp
fanagoriya-dekanter-pino-nuar-2020-krasnoe-suhoe-135,fanagoriya-dekanter-pino-nuar-2020-krasnoe-suhoe-135.webp,fanagoriya_dekanter_pino_nuar_2020_krasnoe_suhoe_135_7e07c8dd79.webp
fanagoriya-dekanter-rkatsiteli-2019-beloe-suhoe-135,fanagoriya-dekanter-rkatsiteli-2019-beloe-suhoe-135.webp,fanagoriya_dekanter_rkatsiteli_2019_beloe_suhoe_135_e7a61d6050.webp
fanagoriya-dekanter-saperavi-2017-krasnoe-suhoe-135,fanagoriya-dekanter-saperavi-2017-krasnoe-suhoe-135.webp,fanagoriya_dekanter_saperavi_2017_krasnoe_suhoe_135_1eb1ee94fa.webp
fanagoriya-dekanter-formula-q-kaberne-sovinon-krasnoe-suhoe-135,fanagoriya-dekanter-formula-q-kaberne-sovinon-krasnoe-suhoe-135.webp,fanagoriya_dekanter_formula_q_kaberne_sovinon_krasnoe_suhoe_135_f3b19bcb8e.webp
derbent-vino-di-kaspiko-merlo-krasnoe-polusladkoe-11,derbent-vino-di-kaspiko-merlo-krasnoe-polusladkoe-11.webp,derbent_vino_di_kaspiko_merlo_krasnoe_polusladkoe_11_fe0af35587.webp
derbent-vino-di-kaspiko-rkatsiteli-beloe-polusladkoe-11,derbent-vino-di-kaspiko-rkatsiteli-beloe-polusladkoe-11.webp,derbent_vino_di_kaspiko_rkatsiteli_beloe_polusladkoe_11_0f1d01c9b8.webp
derbent-vino-di-kaspiko-shardone-beloe-bryut-105-125,derbent-vino-di-kaspiko-shardone-beloe-bryut-105-125.webp,derbent_vino_di_kaspiko_shardone_beloe_bryut_105_125_4d786338c5.webp
di-kaspiko-di-caspico-fiori-di-mare-verde,FDM_verde_white.webp,FDM_verde_white_027d700ffe.webp
derbent-vino-di-kaspiko-kaberne-sovinon-krasnoe-suhoe-135,derbent-vino-di-kaspiko-kaberne-sovinon-krasnoe-suhoe-135.webp,derbent_vino_di_kaspiko_kaberne_sovinon_krasnoe_suhoe_135_cb62d5c61d.webp
derbent-vino-di-kaspiko-merlo-krasnoe-suhoe-13,derbent-vino-di-kaspiko-merlo-krasnoe-suhoe-13.webp,derbent_vino_di_kaspiko_merlo_krasnoe_suhoe_13_955108cf50.webp
derbent-vino-di-kaspiko-risling-beloe-suhoe-12,derbent-vino-di-kaspiko-risling-beloe-suhoe-12.webp,derbent_vino_di_kaspiko_risling_beloe_suhoe_12_4811c15318.webp
derbent-vino-di-kaspiko-rkatsiteli-beloe-suhoe-12,derbent-vino-di-kaspiko-rkatsiteli-beloe-suhoe-12.webp,derbent_vino_di_kaspiko_rkatsiteli_beloe_suhoe_12_bb2cf4506e.webp
derbent-vino-di-kaspiko-roze-shardone-rozovoe-suhoe-12,derbent-vino-di-kaspiko-roze-shardone-rozovoe-suhoe-12.webp,derbent_vino_di_kaspiko_roze_shardone_rozovoe_suhoe_12_9bae135964.webp
derbent-vino-di-kaspiko-saperavi-krasnoe-suhoe-13,derbent-vino-di-kaspiko-saperavi-krasnoe-suhoe-13.webp,derbent_vino_di_kaspiko_saperavi_krasnoe_suhoe_13_753016cd3a.webp
derbent-vino-di-kaspiko-fiori-di-mare-verde-avgustin-rozovoe-polusuhoe-10,derbent-vino-di-kaspiko-fiori-di-mare-verde-avgustin-rozovoe-polusuhoe-10.webp,derbent_vino_di_kaspiko_fiori_di_mare_verde_avgustin_rozovoe_polusuhoe_10_e9fa99da2f.webp
derbent-vino-di-kaspiko-shardone-beloe-suhoe-125,derbent-vino-di-kaspiko-shardone-beloe-suhoe-125.webp,derbent_vino_di_kaspiko_shardone_beloe_suhoe_125_f909d0b705.webp
cloudy-winery-dubrovskiy-bordeaux-blend-kaberne-fran-krasnoe-suhoe-14,cloudy-winery-dubrovskiy-bordeaux-blend-kaberne-fran-krasnoe-suhoe-14.webp,cloudy_winery_dubrovskiy_bordeaux_blend_kaberne_fran_krasnoe_suhoe_14_f6e9762007.webp
cloudy-winery-dubrovskiy-orange-rkatsiteli-beloe-suhoe-125,cloudy-winery-dubrovskiy-orange-rkatsiteli-beloe-suhoe-125.webp,cloudy_winery_dubrovskiy_orange_rkatsiteli_beloe_suhoe_125_4f9572c38b.webp
derbent-vino-desono-risling-ekstra-bryut-beloe-105-125,derbent-vino-desono-risling-ekstra-bryut-beloe-105-125.webp,derbent_vino_desono_risling_ekstra_bryut_beloe_105_125_724cf52ff8.webp
derbent-vino-desono-sovinon-ekstra-bryut-sovinon-blan-beloe-105-125,derbent-vino-desono-sovinon-ekstra-bryut-sovinon-blan-beloe-105-125.webp,derbent_vino_desono_sovinon_ekstra_bryut_sovinon_blan_beloe_105_125_756134dcb1.webp
zhemchuzhnaya-9-merlo-kaberne-sovinon,ec2082cwb8d2y4rf36x235pckozylfad.webp,ec2082cwb8d2y4rf36x235pckozylfad_9994a4e28f.webp
belbek-zakat-merlo-sira-krasnoe-suhoe-132,belbek-zakat-merlo-sira-krasnoe-suhoe-132.webp,belbek_zakat_merlo_sira_krasnoe_suhoe_132_1a2112ceb7.webp
zb-vajn-vajt-suhoe-beloe,convertio.in_L1002571_.webp,convertio_in_L1002571_8cf9459a5e.webp
zb-vajn-roze-suhoe-rozovoe,convertio.in_L1002577_ (1).webp,convertio_in_L1002577_1_5c9f9c2c38.webp
fanagoriya-zelyonoe-vino-risling-tsitronnyy-magaracha-beloe-polusuhoe-11,fanagoriya-zelyonoe-vino-risling-tsitronnyy-magaracha-beloe-polusuhoe-11.webp,fanagoriya_zelyonoe_vino_risling_tsitronnyy_magaracha_beloe_polusuhoe_11_e4de13ab6b.webp
fanagoriya-zelyonoe-vino-risling-tsitronnyy-magaracha-merlo-rozovoe-polusuhoe-11,fanagoriya-zelyonoe-vino-risling-tsitronnyy-magaracha-merlo-rozovoe-polusuhoe-11.webp,fanagoriya_zelyonoe_vino_risling_tsitronnyy_magaracha_merlo_rozovoe_polusuhoe_11_b750443919.webp
abrau-dyurso-imperatorskoe-bryut-shardone-beloe-12,abrau-dyurso-imperatorskoe-bryut-shardone-beloe-12.webp,abrau_dyurso_imperatorskoe_bryut_shardone_beloe_12_d6c7ebb073.webp
abrau-dyurso-imperatorskoe-polusladkoe-shardone-beloe-12,abrau-dyurso-imperatorskoe-polusladkoe-shardone-beloe-12.webp,abrau_dyurso_imperatorskoe_polusladkoe_shardone_beloe_12_956aaee80d.webp
abrau-dyurso-imperatorskoe-polusuhoe-shardone-beloe-12,abrau-dyurso-imperatorskoe-polusuhoe-shardone-beloe-12.webp,abrau_dyurso_imperatorskoe_polusuhoe_shardone_beloe_12_51385573f2.webp
abrau-dyurso-imperial-brut-lart-nouveau-shardone-beloe-bryut-105,abrau-dyurso-imperial-brut-lart-nouveau-shardone-beloe-bryut-105.webp,abrau_dyurso_imperial_brut_lart_nouveau_shardone_beloe_bryut_105_71076b0053.webp
abrau-dyurso-imperial-brut-rose-pino-nuar-rozovoe-bryut-12,abrau-dyurso-imperial-brut-rose-pino-nuar-rozovoe-bryut-12.webp,abrau_dyurso_imperial_brut_rose_pino_nuar_rozovoe_bryut_12_3eafe20e40.webp
abrau-dyurso-imperial-kyuve-pino-nuar-rozovoe-bryut-125,abrau-dyurso-imperial-kyuve-pino-nuar-igristoe-bryut-rozovoe-125.webp,abrau_dyurso_imperial_kyuve_pino_nuar_igristoe_bryut_rozovoe_125_99fe198335.webp
abrau-dyurso-imperial-brut-vintage-shardone-beloe-bryut-12,abrau-dyurso-imperial-brut-vintage-shardone-beloe-bryut-12.webp,abrau_dyurso_imperial_brut_vintage_shardone_beloe_bryut_12_8f6dbe7a71.webp
esse-kaberne-otbornoe-kaberne-sovinon-krasnoe-suhoe-12,esse-kaberne-otbornoe-kaberne-sovinon-krasnoe-suhoe-12.webp,esse_kaberne_otbornoe_kaberne_sovinon_krasnoe_suhoe_12_1f8b96ac79.webp
esse-kaberne-sovinon-krasnoe-suhoe-14,esse-kaberne-sovinon-krasnoe-suhoe-14.webp,esse_kaberne_sovinon_krasnoe_suhoe_14_2536b9976e.webp
abrau-dyurso-kaberne-sovinon-krasnoe-suhoe-125,abrau-dyurso-kaberne-sovinon-krasnoe-suhoe-vyderzhannoe-125.webp,abrau_dyurso_kaberne_sovinon_krasnoe_suhoe_vyderzhannoe_125_b9410efa7a.webp
chateau-andre-kaberne-sovinon-krasnoe-suhoe-13,chateau-andre-kaberne-sovinon-krasnoe-suhoe-13.webp,chateau_andre_kaberne_sovinon_krasnoe_suhoe_13_38b93a343b.webp
belbek-kaberne-sovinon-krasnoe-suhoe-138,belbek-kaberne-sovinon-krasnoe-suhoe-138.webp,belbek_kaberne_sovinon_krasnoe_suhoe_138_96f7db37a0.webp
bogovich-wine-vineyard-kaberne-sovinon-krasnoe-suhoe-125,bogovich-wine-vineyard-kaberne-sovinon-krasnoe-suhoe-125.webp,bogovich_wine_vineyard_kaberne_sovinon_krasnoe_suhoe_125_9316654ea1.webp
domaine-lipko-kaberne-sovinon-merlo-pomeste-trenzina-krasnoe-suhoe-15,domaine-lipko-kaberne-sovinon-merlo-pomeste-trenzina-krasnoe-suhoe-15.webp,domaine_lipko_kaberne_sovinon_merlo_pomeste_trenzina_krasnoe_suhoe_15_aa953b6231.webp
artvin-kaberne-sovinon-grand-rezerv-krasnoe-suhoe-13,artvin-kaberne-sovinon-grand-rezerv-krasnoe-suhoe-13.webp,artvin_kaberne_sovinon_grand_rezerv_krasnoe_suhoe_13_501fa25679.webp
alma-valley-kaberne-sovinon-rezerv-krasnoe-suhoe-15,alma-valley-kaberne-sovinon-rezerv-krasnoe-suhoe-15.webp,alma_valley_kaberne_sovinon_rezerv_krasnoe_suhoe_15_58f5256504.webp
chateau-de-talu-kaberne-sovinon-rezerv-krasnoe-suhoe-14,chateau-de-talu-kaberne-sovinon-rezerv-krasnoe-suhoe-14.webp,chateau_de_talu_kaberne_sovinon_rezerv_krasnoe_suhoe_14_6106a6f6b0.webp
jd_winery_kaberne_souvignon,20260617_071733-Photoroom.webp,20260617_071733_Photoroom_31245772bb.webp
bakla-vines-kaberne-fran-krasnoe-suhoe-143,bakla-vines-kaberne-fran-krasnoe-suhoe-143.webp,bakla_vines_kaberne_fran_krasnoe_suhoe_143_eb045e6d5d.webp
belbek-kaberne-fran-krasnoe-suhoe-134,belbek-kaberne-fran-krasnoe-suhoe-134.webp,belbek_kaberne_fran_krasnoe_suhoe_134_bb8ab4763e.webp
bogovich-wine-vineyard-kaberne-fran-krasnoe-suhoe-135,bogovich-wine-vineyard-kaberne-fran-krasnoe-suhoe-135.webp,bogovich_wine_vineyard_kaberne_fran_krasnoe_suhoe_135_5882f6ad55.webp
dva-serdtsa-kaberne-fran-krasnoe-suhoe-14,dva-serdtsa-kaberne-fran-krasnoe-suhoe-14.webp,dva_serdtsa_kaberne_fran_krasnoe_suhoe_14_3cd97c037a.webp
donskoe-vinodelcheskoe-hozyaystvo-elbuzd-kaberne-fran-krasnoe-suhoe-13,donskoe-vinodelcheskoe-hozyaystvo-elbuzd-kaberne-fran-krasnoe-suhoe-13.webp,donskoe_vinodelcheskoe_hozyaystvo_elbuzd_kaberne_fran_krasnoe_suhoe_13_2f331c5376.webp
esse-kaberne-fran-krasnoe-suhoe-13,esse-kaberne-fran-krasnoe-suhoe-13.webp,esse_kaberne_fran_krasnoe_suhoe_13_458f9c63ca.webp
alma-valley-kaberne-fran-krasnoe-suhoe-145,alma-valley-kaberne-fran-krasnoe-suhoe-145.webp,alma_valley_kaberne_fran_krasnoe_suhoe_145_f987d71edd.webp
ferrum-winery-kaberne-fran-krasnoe-suhoe-12,ferrum-winery-kaberne-fran-krasnoe-suhoe-12.webp,ferrum_winery_kaberne_fran_krasnoe_suhoe_12_9890e1cced.webp
chateau-andre-kaberne-fran-krasnoe-suhoe-14,chateau-andre-kaberne-fran-krasnoe-suhoe-14.webp,chateau_andre_kaberne_fran_krasnoe_suhoe_14_e070a8fb44.webp
alma-valley-kaberne-fran-rezerv-krasnoe-suhoe-15,alma-valley-kaberne-fran-rezerv-krasnoe-suhoe-15.webp,alma_valley_kaberne_fran_rezerv_krasnoe_suhoe_15_6ef14d79ec.webp
chateau-de-talu-kaberne-fran-rezerv-krasnoe-suhoe-13,chateau-de-talu-kaberne-fran-rezerv-krasnoe-suhoe-13.webp,chateau_de_talu_kaberne_fran_rezerv_krasnoe_suhoe_13_6dc8dcf2ec.webp
derbent-vino-kavkazian-merlo-krasnoe-polusladkoe-105-125,derbent-vino-kavkazian-merlo-krasnoe-polusladkoe-105-125.webp,derbent_vino_kavkazian_merlo_krasnoe_polusladkoe_105_125_d2973b5f66.webp
derbent-vino-kavkazian-dzharauli-moldova-krasnoe-polusladkoe-11,derbent-vino-kavkazian-dzharauli-moldova-krasnoe-polusladkoe-11.webp,derbent_vino_kavkazian_dzharauli_moldova_krasnoe_polusladkoe_11_79f7379ec0.webp
derbent-vino-kavkazian-rkatsiteli-beloe-suhoe-12,derbent-vino-kavkazian-rkatsiteli-beloe-suhoe-12.webp,derbent_vino_kavkazian_rkatsiteli_beloe_suhoe_12_88da97ff68.webp
derbent-vino-kavkazian-saperavi-krasnoe-suhoe-105-125,derbent-vino-kavkazian-saperavi-krasnoe-suhoe-105-125.webp,derbent_vino_kavkazian_saperavi_krasnoe_suhoe_105_125_f6bb126efc.webp
dacha-serdyuka-kazache-krasnostop-zolotovskiy-krasnoe-suhoe-135,dacha-serdyuka-kazache-krasnostop-zolotovskiy-krasnoe-suhoe-135.webp,dacha_serdyuka_kazache_krasnostop_zolotovskiy_krasnoe_suhoe_135_4d9bef956f.webp
bakla-vines-kangun-beloe-suhoe-12,bakla-vines-kangun-beloe-suhoe-12.webp,bakla_vines_kangun_beloe_suhoe_12_6f20bb8dda.webp
bakla-vines-kangun-ps-beloe-suhoe-128,bakla-vines-kangun-ps-beloe-suhoe-128.webp,bakla_vines_kangun_ps_beloe_suhoe_128_213dcbb9eb.webp
bakla-vines-kangun-oranzh-beloe-suhoe-119,bakla-vines-kangun-oranzh-beloe-suhoe-119.webp,bakla_vines_kangun_oranzh_beloe_suhoe_119_f52f04331a.webp
bogovich-wine-vineyard-klaret-pino-nuar-krasnoe-suhoe-119,bogovich-wine-vineyard-klaret-pino-nuar-krasnoe-suhoe-119.webp,bogovich_wine_vineyard_klaret_pino_nuar_krasnoe_suhoe_119_77d8d4b842.webp
bogovich-wine-vineyard-klassika-pino-nuar-krasnoe-suhoe-125,bogovich-wine-vineyard-klassika-pino-nuar-krasnoe-suhoe-125.webp,bogovich_wine_vineyard_klassika_pino_nuar_krasnoe_suhoe_125_5e73a1cf19.webp
chateau-de-talu-klere-sira-rozovoe-suhoe-136,chateau-de-talu-klere-sira-rozovoe-suhoe-136.webp,chateau_de_talu_klere_sira_rozovoe_suhoe_136_2bf038e641.webp
dva-serdtsa-kokur-beloe-suhoe-125,dva-serdtsa-kokur-beloe-suhoe-125.webp,dva_serdtsa_kokur_beloe_suhoe_125_2a62b6715b.webp
belbek-kokur-kokur-belyy-beloe-suhoe-13,belbek-kokur-kokur-belyy-beloe-suhoe-13.webp,belbek_kokur_kokur_belyy_beloe_suhoe_13_ac497b5531.webp
alma-valley-kokur-beloe-suhoe-14,alma-valley-kokur-beloe-suhoe-14.webp,alma_valley_kokur_beloe_suhoe_14_b8bafe9cd7.webp
alma-valley-kolombar-beloe-polusuhoe-135,alma-valley-kolombar-beloe-polusuhoe-135.webp,alma_valley_kolombar_beloe_polusuhoe_135_c5b227e252.webp
chateau-de-talu-krasnostop-rezerv-krasnostop-anapskiy-krasnoe-suhoe-137,chateau-de-talu-krasnostop-rezerv-krasnostop-anapskiy-krasnoe-suhoe-137.webp,chateau_de_talu_krasnostop_rezerv_krasnostop_anapskiy_krasnoe_suhoe_137_bcb15093c2.webp
chateau-le-grand-vostock-krasnostop-rezerv-krasnoe-suhoe-145,chateau-le-grand-vostock-krasnostop-rezerv-krasnoe-suhoe-vyderzhannoe-145.webp,chateau_le_grand_vostock_krasnostop_rezerv_krasnoe_suhoe_vyderzhannoe_145_a04e866765.webp
domaine-de-la-vivandiere-krasnostop-roze-rozovoe-suhoe-134,domaine-de-la-vivandiere-krasnostop-roze-rozovoe-suhoe-134.webp,domaine_de_la_vivandiere_krasnostop_roze_rozovoe_suhoe_134_065e0d758d.webp
cloudy-winery-krash-cabernet-sauvignon-kaberne-sovinon-krasnoe-suhoe-14,cloudy-winery-krash-cabernet-sauvignon-kaberne-sovinon-krasnoe-suhoe-14.webp,cloudy_winery_krash_cabernet_sauvignon_kaberne_sovinon_krasnoe_suhoe_14_7de40e47b0.webp
cloudy-winery-krash-super-bryut-shardone-beloe-ekstra-bryut-85,cloudy-winery-krash-super-bryut-shardone-beloe-ekstra-bryut-85.webp,cloudy_winery_krash_super_bryut_shardone_beloe_ekstra_bryut_85_82cb8d2e04.webp
chateau-de-talu-kupazh-132-kaberne-sovinon-krasnoe-suhoe-146,chateau-de-talu-kupazh-132-kaberne-sovinon-krasnoe-suhoe-146.webp,chateau_de_talu_kupazh_132_kaberne_sovinon_krasnoe_suhoe_146_d0f33c3c98.webp
cock-test-belle-kyuve-1-blanc-de-blancs-shardone-beloe-ekstra-bryut-12,cock-test-belle-kyuve-1-blanc-de-blancs-shardone-igristoe-ekstra-bryut-beloe-12.webp,cock_test_belle_kyuve_1_blanc_de_blancs_shardone_igristoe_ekstra_bryut_beloe_12_ca089c6b08.webp
cock-test-belle-kyuve-2-blan-de-nuar-pino-mene-beloe-ekstra-bryut-12,cock-test-belle-kyuve-2-blan-de-nuar-pino-mene-igristoe-ekstra-bryut-beloe-12.webp,cock_test_belle_kyuve_2_blan_de_nuar_pino_mene_igristoe_ekstra_bryut_beloe_12_8d6ef280c1.webp
cock-test-belle-kyuve-5-roze-shardone-rozovoe-ekstra-bryut-12,cock-test-belle-kyuve-5-roze-shardone-igristoe-ekstra-bryut-rozovoe-12.webp,cock_test_belle_kyuve_5_roze_shardone_igristoe_ekstra_bryut_rozovoe_12_98ac397fd8.webp
chateau-le-grand-vostock-kyuve-karsov-rezerv-shardone-beloe-suhoe-14,chateau-le-grand-vostock-kyuve-karsov-rezerv-shardone-beloe-suhoe-14.webp,chateau_le_grand_vostock_kyuve_karsov_rezerv_shardone_beloe_suhoe_14_ff996271bf.webp
gavras-levokumskiy-krasnoe-suhoe-12,gavras-levokumskiy-krasnoe-suhoe-12.webp,gavras_levokumskiy_krasnoe_suhoe_12_48b24ef5e2.webp
fanagoriya-ledyanoe-vino-muskat-muskat-ottonel-beloe-sladkoe-11,fanagoriya-ledyanoe-vino-muskat-muskat-ottonel-beloe-sladkoe-11.webp,fanagoriya_ledyanoe_vino_muskat_muskat_ottonel_beloe_sladkoe_11_b8c2ae7315.webp
chateau-andre-mado-pino-nuar-rozovoe-suhoe-13,chateau-andre-mado-pino-nuar-rozovoe-suhoe-13.webp,chateau_andre_mado_pino_nuar_rozovoe_suhoe_13_6412ac00e9.webp
aromatnoe-malbek-rezerv-krasnoe-suhoe-125,aromatnoe-malbek-rezerv-krasnoe-suhoe-vyderzhannoe-125.webp,aromatnoe_malbek_rezerv_krasnoe_suhoe_vyderzhannoe_125_d2e32af939.webp
cellar-master-malvaziya-beloe-suhoe-13,cellar-master-malvaziya-beloe-suhoe-13.webp,cellar_master_malvaziya_beloe_suhoe_13_3214f361ad.webp
esse-mama-marselan-krasnoe-suhoe-135,esse-mama-marselan-krasnoe-suhoe-135.webp,esse_mama_marselan_krasnoe_suhoe_135_5fef596cdc.webp
belbek-meritazh-kaberne-sovinon-krasnoe-suhoe-136,belbek-meritazh-kaberne-sovinon-krasnoe-suhoe-136.webp,belbek_meritazh_kaberne_sovinon_krasnoe_suhoe_136_b0152ba5c6.webp
alma-valley-merlo-krasnoe-suhoe-13,alma-valley-merlo-krasnoe-suhoe-13.webp,alma_valley_merlo_krasnoe_suhoe_13_51d2488815.webp
esse-merlo-krasnoe-suhoe-135,esse-merlo-krasnoe-suhoe-135.webp,esse_merlo_krasnoe_suhoe_135_efd9f63edb.webp
bogovich-wine-vineyard-merlo-krasnoe-suhoe-14,bogovich-wine-vineyard-merlo-krasnoe-suhoe-14.webp,bogovich_wine_vineyard_merlo_krasnoe_suhoe_14_6e030dc0f1.webp
chateau-andre-merlo-krasnoe-suhoe-14,chateau-andre-merlo-krasnoe-suhoe-14.webp,chateau_andre_merlo_krasnoe_suhoe_14_ac531c264e.webp
belbek-merlo-krasnoe-suhoe-13,belbek-merlo-krasnoe-suhoe-13.webp,belbek_merlo_krasnoe_suhoe_13_62ef7bfee8.webp
donskoe-vinodelcheskoe-hozyaystvo-elbuzd-merlo-krasnoe-suhoe-13,donskoe-vinodelcheskoe-hozyaystvo-elbuzd-merlo-krasnoe-suhoe-13.webp,donskoe_vinodelcheskoe_hozyaystvo_elbuzd_merlo_krasnoe_suhoe_13_261ddc4f01.webp
esse-merlo-otbornoe-krasnoe-suhoe-13,esse-merlo-otbornoe-krasnoe-suhoe-13.webp,esse_merlo_otbornoe_krasnoe_suhoe_13_eda65be34f.webp
chateau-de-talu-merlo-rezerv-krasnoe-suhoe-14,chateau-de-talu-merlo-rezerv-krasnoe-suhoe-14.webp,chateau_de_talu_merlo_rezerv_krasnoe_suhoe_14_d84b50e282.webp
alma-valley-merlo-rezerv-krasnoe-suhoe-15,alma-valley-merlo-rezerv-krasnoe-suhoe-15.webp,alma_valley_merlo_rezerv_krasnoe_suhoe_15_6f1a4e1e17.webp
alma-valley-merlo-rezerv-krasnoe-suhoe-14,alma-valley-merlo-rezerv-krasnoe-suhoe-vyderzhannoe-14.webp,alma_valley_merlo_rezerv_krasnoe_suhoe_vyderzhannoe_14_ea3e8292cb.webp
dubinin-winery-merlo-roze-rozovoe-suhoe-125,dubinin-winery-merlo-roze-rozovoe-suhoe-125.webp,dubinin_winery_merlo_roze_rozovoe_suhoe_125_7a5b91f610.webp
esse-muskat-muskat-belyy-beloe-suhoe-115,esse-muskat-muskat-belyy-beloe-suhoe-115.webp,esse_muskat_muskat_belyy_beloe_suhoe_115_48469f1962.webp
belbek-muskat-muskat-belyy-beloe-suhoe-127,belbek-muskat-muskat-belyy-beloe-suhoe-127.webp,belbek_muskat_muskat_belyy_beloe_suhoe_127_d8229478b6.webp
dva-serdtsa-muskat-muskat-belyy-beloe-polusuhoe-12,dva-serdtsa-muskat-muskat-belyy-beloe-polusuhoe-12.webp,dva_serdtsa_muskat_muskat_belyy_beloe_polusuhoe_12_812f13f41a.webp
chateau-de-talu-muskat-beloe-suhoe-13,chateau-de-talu-muskat-beloe-suhoe-13.webp,chateau_de_talu_muskat_beloe_suhoe_13_c31a9ba7de.webp
esse-muskat-belyy-beloe-suhoe-135,esse-muskat-belyy-beloe-suhoe-135.webp,esse_muskat_belyy_beloe_suhoe_135_446d285a06.webp
chateau-cachalot-muskat-blan-muskat-belyy-beloe-suhoe-117,chateau-cachalot-muskat-blan-muskat-belyy-beloe-suhoe-117.webp,chateau_cachalot_muskat_blan_muskat_belyy_beloe_suhoe_117_d2969be524.webp
andryus-yutsis-muskat-blan-vione-beloe-suhoe-117,andryus-yutsis-muskat-blan-vione-beloe-suhoe-117.webp,andryus_yutsis_muskat_blan_vione_beloe_suhoe_117_67d4906ed6.webp
esse-muskat-oranzh-muskat-belyy-beloe-suhoe-115,esse-muskat-oranzh-muskat-belyy-beloe-suhoe-115.webp,esse_muskat_oranzh_muskat_belyy_beloe_suhoe_115_8221306c48.webp
belbek-muskat-oranzh-muskat-belyy-oranzhevoe-suhoe-125,belbek-muskat-oranzh-muskat-belyy-oranzhevoe-suhoe-125.webp,belbek_muskat_oranzh_muskat_belyy_oranzhevoe_suhoe_125_15ac5f6bc6.webp
bogovich-wine-vineyard-muskat-oranzh-muskat-belyy-beloe-suhoe-125,bogovich-wine-vineyard-muskat-oranzh-muskat-belyy-beloe-suhoe-125.webp,bogovich_wine_vineyard_muskat_oranzh_muskat_belyy_beloe_suhoe_125_959036a2e8.webp
blagolyubov-muskat-ottonel-beloe-suhoe-125,blagolyubov-muskat-ottonel-beloe-suhoe-125.webp,blagolyubov_muskat_ottonel_beloe_suhoe_125_32dd0cb4e6.webp
jd_winery_muskat_ottonel,20260617_072415-Photoroom.webp,20260617_072415_Photoroom_6dda2f8425.webp
dva-serdtsa-muskat-suhoy-muskat-belyy-beloe-suhoe-12,dva-serdtsa-muskat-suhoy-muskat-belyy-beloe-suhoe-12.webp,dva_serdtsa_muskat_suhoy_muskat_belyy_beloe_suhoe_12_904721b94a.webp
domaine-lipko-muskat-pomeste-trenzina-muskat-belyy-beloe-suhoe-119,domaine-lipko-muskat-pomeste-trenzina-muskat-belyy-beloe-suhoe-119.webp,domaine_lipko_muskat_pomeste_trenzina_muskat_belyy_beloe_suhoe_119_f53581d3d0.webp
artvin-odesskiy-chernyy-rezerv-krasnoe-suhoe-13,artvin-odesskiy-chernyy-rezerv-krasnoe-suhoe-13.webp,artvin_odesskiy_chernyy_rezerv_krasnoe_suhoe_13_4531c8f1c7.webp
andryus-yutsis-organik-risling-beloe-suhoe-115,andryus-yutsis-organik-risling-beloe-suhoe-115.webp,andryus_yutsis_organik_risling_beloe_suhoe_115_6eb74add89.webp
alma-valley-petit-arvin-beloe-suhoe-13,alma-valley-petit-arvin-beloe-suhoe-13.webp,alma_valley_petit_arvin_beloe_suhoe_13_863e81595b.webp
denisov-winery-petnat-risling-beloe-ekstra-bryut-10,denisov-winery-petnat-risling-petnat-ekstra-bryut-belyy-10.webp,denisov_winery_petnat_risling_petnat_ekstra_bryut_belyy_10_8ac6c27fa7.webp
denisov-winery-petnat-rkatsiteli-beloe-ekstra-bryut-107,denisov-winery-petnat-rkatsiteli-petnat-ekstra-bryut-belyy-107.webp,denisov_winery_petnat_rkatsiteli_petnat_ekstra_bryut_belyy_107_5da935c18a.webp
denisov-winery-petnat-saperavi-severnyy-rozovoe-ekstra-bryut-105,denisov-winery-petnat-saperavi-severnyy-petnat-ekstra-bryut-rozovyy-105.webp,denisov_winery_petnat_saperavi_severnyy_petnat_ekstra_bryut_rozovyy_105_4689f0cb14.webp
denisov-winery-petnat-tsitron-risling-tsitronnyy-magaracha-beloe-ekstra-bryut-102,denisov-winery-petnat-tsitron-risling-tsitronnyy-magaracha-petnat-ekstra-bryut-belyy-102.webp,denisov_winery_petnat_tsitron_risling_tsitronnyy_magaracha_petnat_ekstra_bryut_belyy_102_8f425093ef.webp
alma-valley-pino-blan-beloe-suhoe-14,alma-valley-pino-blan-beloe-suhoe-14.webp,alma_valley_pino_blan_beloe_suhoe_14_8798dea7ca.webp
alma-valley-pino-blan-rezerv-beloe-suhoe-14,alma-valley-pino-blan-rezerv-beloe-suhoe-14.webp,alma_valley_pino_blan_rezerv_beloe_suhoe_14_1be9ab6c2a.webp
esse-pino-gri-beloe-suhoe-12,esse-pino-gri-beloe-suhoe-12.webp,esse_pino_gri_beloe_suhoe_12_8bf3160446.webp
esse-pino-gri-beloe-suhoe-135,esse-pino-gri-beloe-suhoe-135.webp,esse_pino_gri_beloe_suhoe_135_914856d918.webp
alma-valley-pino-gri-beloe-polusuhoe-15,alma-valley-pino-gri-beloe-polusuhoe-15.webp,alma_valley_pino_gri_beloe_polusuhoe_15_4e288bc898.webp
chateau-andre-pino-gri-beloe-suhoe-14,chateau-andre-pino-gri-beloe-suhoe-14.webp,chateau_andre_pino_gri_beloe_suhoe_14_6dc42ba55b.webp
esse-pino-gri-blush-rozovoe-suhoe-115,esse-pino-gri-blush-rozovoe-suhoe-115.webp,esse_pino_gri_blush_rozovoe_suhoe_115_6dbb8b61f3.webp
esse-pino-gri-blash-rozovoe-suhoe-125,esse-pino-gri-blash-rozovoe-suhoe-125.webp,esse_pino_gri_blash_rozovoe_suhoe_125_b69f532199.webp
belbek-pino-mene-krasnoe-suhoe-128,belbek-pino-mene-krasnoe-suhoe-128.webp,belbek_pino_mene_krasnoe_suhoe_128_e2f0538eec.webp
bakla-vines-pino-nuar-krasnoe-suhoe-125,bakla-vines-pino-nuar-krasnoe-suhoe-125.webp,bakla_vines_pino_nuar_krasnoe_suhoe_125_da1c7fdac6.webp
bogovich-wine-vineyard-pino-nuar-krasnoe-suhoe-125,bogovich-wine-vineyard-pino-nuar-krasnoe-suhoe-125.webp,bogovich_wine_vineyard_pino_nuar_krasnoe_suhoe_125_1146574e01.webp
andryus-yutsis-pino-nuar-krasnoe-suhoe-12,andryus-yutsis-pino-nuar-krasnoe-suhoe-12.webp,andryus_yutsis_pino_nuar_krasnoe_suhoe_12_bf6b9d813b.webp
belbek-pino-nuar-krasnoe-suhoe-133,belbek-pino-nuar-krasnoe-suhoe-133.webp,belbek_pino_nuar_krasnoe_suhoe_133_a2cb505435.webp
chateau-andre-pino-nuar-krasnoe-suhoe-14,chateau-andre-pino-nuar-krasnoe-suhoe-14.webp,chateau_andre_pino_nuar_krasnoe_suhoe_14_2f54e79838.webp
a-gordienko-m-nikolaev-pino-nuar-krasnoe-suhoe-135,a-gordienko-m-nikolaev-pino-nuar-krasnoe-suhoe-135.webp,a_gordienko_m_nikolaev_pino_nuar_krasnoe_suhoe_135_660d8a5012.webp
denisov-winery-pino-nuar-rozovoe-suhoe-125,denisov-winery-pino-nuar-rozovoe-suhoe-125.webp,denisov_winery_pino_nuar_rozovoe_suhoe_125_ad6a3633ed.webp
chateau-cachalot-pino-nuar-krasnoe-suhoe-12,chateau-cachalot-pino-nuar-krasnoe-suhoe-12.webp,chateau_cachalot_pino_nuar_krasnoe_suhoe_12_baf40bf4e8.webp
abrau-dyurso-pino-nuar-krasnoe-suhoe-125,abrau-dyurso-pino-nuar-krasnoe-suhoe-125.webp,abrau_dyurso_pino_nuar_krasnoe_suhoe_125_529987dabf.webp
esse-pino-nuar-krasnoe-suhoe-115,esse-pino-nuar-krasnoe-suhoe-115.webp,esse_pino_nuar_krasnoe_suhoe_115_469fd883e6.webp
belmas-winery-pino-nuar-krasnoe-suhoe-135,belmas-winery-pino-nuar-krasnoe-suhoe-135.webp,belmas_winery_pino_nuar_krasnoe_suhoe_135_ea70d5c59b.webp
domaine-lipko-pino-nuar-krasnoe-suhoe-12,domaine-lipko-pino-nuar-krasnoe-suhoe-12.webp,domaine_lipko_pino_nuar_krasnoe_suhoe_12_645408d2e3.webp
alma-valley-pino-nuar-krasnoe-suhoe-13,alma-valley-pino-nuar-krasnoe-suhoe-13.webp,alma_valley_pino_nuar_krasnoe_suhoe_13_a898042e38.webp
abrau-dyurso-pino-nuar-krasnoe-suhoe-12,abrau-dyurso-pino-nuar-krasnoe-suhoe-vyderzhannoe-12.webp,abrau_dyurso_pino_nuar_krasnoe_suhoe_vyderzhannoe_12_e7055f24aa.webp
alma-valley-pino-nuar-beloe-ekstra-bryut-115,alma-valley-pino-nuar-beloe-ekstra-bryut-115.webp,alma_valley_pino_nuar_beloe_ekstra_bryut_115_e3cb51cf8f.webp
donskoe-vinodelcheskoe-hozyaystvo-elbuzd-pino-nuar-krasnoe-suhoe-13,donskoe-vinodelcheskoe-hozyaystvo-elbuzd-pino-nuar-krasnoe-suhoe-13.webp,donskoe_vinodelcheskoe_hozyaystvo_elbuzd_pino_nuar_krasnoe_suhoe_13_fe1f143b4b.webp
denisov-winery-pino-nuar-shardone-ekstra-bryut-beloe-125,denisov-winery-pino-nuar-shardone-ekstra-bryut-igristoe-ekstra-bryut-beloe-125.webp,denisov_winery_pino_nuar_shardone_ekstra_bryut_igristoe_ekstra_bryut_beloe_125_43d45643b9.webp
bogovich-wine-vineyard-pino-nuar-2-krasnoe-suhoe-12,bogovich-wine-vineyard-pino-nuar-2-krasnoe-suhoe-12.webp,bogovich_wine_vineyard_pino_nuar_2_krasnoe_suhoe_12_ddfd0f7952.webp
dubinin-winery-pino-nuar-bryut-roze-rozovoe-ekstra-bryut-125,dubinin-winery-pino-nuar-bryut-roze-igristoe-ekstra-bryut-rozovoe-125.webp,dubinin_winery_pino_nuar_bryut_roze_igristoe_ekstra_bryut_rozovoe_125_f445b9db8a.webp
belbek-pino-nuar-rezerv-krasnoe-suhoe-135,belbek-pino-nuar-rezerv-krasnoe-suhoe-135.webp,belbek_pino_nuar_rezerv_krasnoe_suhoe_135_7e9ad8a8e2.webp
alma-valley-pino-nuar-rezerv-krasnoe-suhoe-14,alma-valley-pino-nuar-rezerv-krasnoe-suhoe-14.webp,alma_valley_pino_nuar_rezerv_krasnoe_suhoe_14_c3c0dc1cc6.webp
chateau-le-grand-vostock-pino-nuar-rezerv-krasnoe-suhoe-14,chateau-le-grand-vostock-pino-nuar-rezerv-krasnoe-suhoe-vyderzhannoe-14.webp,chateau_le_grand_vostock_pino_nuar_rezerv_krasnoe_suhoe_vyderzhannoe_14_16df8a8740.webp
domaine-de-la-vivandiere-pino-nuar-roze-rozovoe-suhoe-122,domaine-de-la-vivandiere-pino-nuar-roze-rozovoe-suhoe-122.webp,domaine_de_la_vivandiere_pino_nuar_roze_rozovoe_suhoe_122_48ffea282d.webp
chateau-andre-pino-nuar-roze-rozovoe-suhoe-13,chateau-andre-pino-nuar-roze-rozovoe-suhoe-13.webp,chateau_andre_pino_nuar_roze_rozovoe_suhoe_13_d662df99bd.webp
belbek-pino-nuar-roze-rozovoe-suhoe-115,belbek-pino-nuar-roze-rozovoe-suhoe-115.webp,belbek_pino_nuar_roze_rozovoe_suhoe_115_19d98fb390.webp
cloudy-winery-plohaya-devochka-pryanyy-traminer-traminer-beloe-suhoe-12,cloudy-winery-plohaya-devochka-pryanyy-traminer-traminer-beloe-suhoe-12.webp,cloudy_winery_plohaya_devochka_pryanyy_traminer_traminer_beloe_suhoe_12_3160b1b322.webp
cloudy-winery-plohaya-devochka-pryanyy-blend-byanka-beloe-suhoe-125,cloudy-winery-plohaya-devochka-pryanyy-blend-byanka-beloe-suhoe-125.webp,cloudy_winery_plohaya_devochka_pryanyy_blend_byanka_beloe_suhoe_125_ee12b511d9.webp
cloudy-winery-plohaya-devochka-sochnyy-pino-noir-pino-nuar-krasnoe-suhoe-12,cloudy-winery-plohaya-devochka-sochnyy-pino-noir-pino-nuar-krasnoe-suhoe-12.webp,cloudy_winery_plohaya_devochka_sochnyy_pino_noir_pino_nuar_krasnoe_suhoe_12_60e37c5c3b.webp
dacha-serdyuka-porechnoe-kaberne-sovinon-krasnoe-suhoe-13,dacha-serdyuka-porechnoe-kaberne-sovinon-krasnoe-suhoe-13.webp,dacha_serdyuka_porechnoe_kaberne_sovinon_krasnoe_suhoe_13_da7ab3daa7.webp
esse-prirodno-polusladkoe-beloe-risling-125,esse-prirodno-polusladkoe-beloe-risling-beloe-polusladkoe-125.webp,esse_prirodno_polusladkoe_beloe_risling_beloe_polusladkoe_125_727390d43b.webp
esse-prirodno-polusladkoe-krasnoe-merlo-13,esse-prirodno-polusladkoe-krasnoe-merlo-krasnoe-polusladkoe-13.webp,esse_prirodno_polusladkoe_krasnoe_merlo_krasnoe_polusladkoe_13_df0166b111.webp
domaine-lipko-pti-verdo-krasnoe-suhoe-14,domaine-lipko-pti-verdo-krasnoe-suhoe-14.webp,domaine_lipko_pti_verdo_krasnoe_suhoe_14_155eed96cb.webp
alma-valley-rislaner-beloe-polusladkoe-125,alma-valley-rislaner-beloe-polusladkoe-125.webp,alma_valley_rislaner_beloe_polusladkoe_125_01d472fe7c.webp
andryus-yutsis-risling-beloe-suhoe-12,andryus-yutsis-risling-beloe-suhoe-12.webp,andryus_yutsis_risling_beloe_suhoe_12_a00be531c0.webp
bakla-vines-risling-beloe-polusuhoe-125,bakla-vines-risling-beloe-polusuhoe-125.webp,bakla_vines_risling_beloe_polusuhoe_125_1b541a1b1c.webp
esse-risling-beloe-suhoe-115,esse-risling-beloe-suhoe-115.webp,esse_risling_beloe_suhoe_115_56a1b754fc.webp
chateau-andre-risling-beloe-suhoe-13,chateau-andre-risling-beloe-suhoe-13.webp,chateau_andre_risling_beloe_suhoe_13_cacac269cf.webp
belbek-risling-risling-reynskiy-beloe-suhoe-12,belbek-risling-risling-reynskiy-beloe-suhoe-12.webp,belbek_risling_risling_reynskiy_beloe_suhoe_12_8eaeddd994.webp
chateau-cachalot-risling-beloe-suhoe-115,chateau-cachalot-risling-beloe-suhoe-115.webp,chateau_cachalot_risling_beloe_suhoe_115_f258cd3856.webp
domaine-de-la-vivandiere-risling-beloe-suhoe-122,domaine-de-la-vivandiere-risling-beloe-suhoe-122.webp,domaine_de_la_vivandiere_risling_beloe_suhoe_122_68ba0c1792.webp
domaine-lipko-risling-beloe-polusuhoe-124,domaine-lipko-risling-beloe-polusuhoe-124.webp,domaine_lipko_risling_beloe_polusuhoe_124_221fa1bd0b.webp
dubinin-winery-risling-beloe-suhoe-12,dubinin-winery-risling-beloe-suhoe-12.webp,dubinin_winery_risling_beloe_suhoe_12_7ac8ef3e5f.webp
denisov-winery-risling-beloe-suhoe-115,denisov-winery-risling-beloe-suhoe-115.webp,denisov_winery_risling_beloe_suhoe_115_3963e7c359.webp
abrau-dyurso-risling-beloe-suhoe-12,abrau-dyurso-risling-beloe-suhoe-12.webp,abrau_dyurso_risling_beloe_suhoe_12_dea6af4677.webp
belmas-winery-risling-beloe-suhoe-135,belmas-winery-risling-beloe-suhoe-135.webp,belmas_winery_risling_beloe_suhoe_135_50cbb379a8.webp
abrau-dyurso-risling-beloe-suhoe-13,abrau-dyurso-risling-beloe-suhoe-vyderzhannoe-13.webp,abrau_dyurso_risling_beloe_suhoe_vyderzhannoe_13_3d81416050.webp
alma-valley-risling-beloe-polusuhoe-125,alma-valley-risling-beloe-polusuhoe-125.webp,alma_valley_risling_beloe_polusuhoe_125_88fc981d53.webp
donskoe-vinodelcheskoe-hozyaystvo-elbuzd-risling-beloe-suhoe-12,donskoe-vinodelcheskoe-hozyaystvo-elbuzd-risling-beloe-suhoe-12.webp,donskoe_vinodelcheskoe_hozyaystvo_elbuzd_risling_beloe_suhoe_12_c5359f598b.webp
jd_winery_risling_orange,20260617_070147-Photoroom.webp,20260617_070147_Photoroom_2bf16b8d06.webp
jd_winery_risling,DJ-7074-done_.webp,DJ_7074_done_c1541429c5.webp
belbek-risling-pozdniy-sbor-risling-reynskiy-beloe-sladkoe-117,belbek-risling-pozdniy-sbor-risling-reynskiy-beloe-sladkoe-117.webp,belbek_risling_pozdniy_sbor_risling_reynskiy_beloe_sladkoe_117_02352777b6.webp
esse-rkatsiteli-beloe-suhoe-125,esse-rkatsiteli-beloe-suhoe-125.webp,esse_rkatsiteli_beloe_suhoe_125_4f094ac315.webp
belbek-rkatsiteli-beloe-suhoe-13,belbek-rkatsiteli-beloe-suhoe-13.webp,belbek_rkatsiteli_beloe_suhoe_13_72dc1f9029.webp
denisov-winery-rkatsiteli-beloe-suhoe-112,denisov-winery-rkatsiteli-beloe-suhoe-112.webp,denisov_winery_rkatsiteli_beloe_suhoe_112_ed8e9acfcd.webp
belbek-rkatsiteli-barrik-beloe-suhoe-13,belbek-rkatsiteli-barrik-beloe-suhoe-13.webp,belbek_rkatsiteli_barrik_beloe_suhoe_13_42076e5365.webp
esse-rkatsiteli-oranzh-beloe-suhoe-12,esse-rkatsiteli-oranzh-beloe-suhoe-12.webp,esse_rkatsiteli_oranzh_beloe_suhoe_12_1c6512e2ab.webp
bogovich-wine-vineyard-rkatsiteli-oranzh-beloe-suhoe-125,bogovich-wine-vineyard-rkatsiteli-oranzh-beloe-suhoe-125.webp,bogovich_wine_vineyard_rkatsiteli_oranzh_beloe_suhoe_125_451f042270.webp
esse-rkatsiteli-syur-li-beloe-suhoe-125,esse-rkatsiteli-syur-li-beloe-suhoe-125.webp,esse_rkatsiteli_syur_li_beloe_suhoe_125_2f0b000796.webp
perovskih_rose,Extra Brut Rose.webp,Extra_Brut_Rose_b02ec16ad0.webp
chateau-de-talu-roze-kaberne-sovinon-rozovoe-suhoe-14,chateau-de-talu-roze-kaberne-sovinon-rozovoe-suhoe-14.webp,chateau_de_talu_roze_kaberne_sovinon_rozovoe_suhoe_14_034e61a253.webp
esse-roze-kaberne-sovinon-rozovoe-suhoe-135,esse-roze-kaberne-sovinon-rozovoe-suhoe-135.webp,esse_roze_kaberne_sovinon_rozovoe_suhoe_135_f6a387d48c.webp
dubinin-winery-roze-kaberne-fran-rozovoe-suhoe-13,dubinin-winery-roze-kaberne-fran-rozovoe-suhoe-13.webp,dubinin_winery_roze_kaberne_fran_rozovoe_suhoe_13_d7bb0abe34.webp
domaine-lipko-roze-sira-rozovoe-suhoe-135,domaine-lipko-roze-sira-rozovoe-suhoe-135.webp,domaine_lipko_roze_sira_rozovoe_suhoe_135_32069a0e89.webp
belbek-roze-sira-rozovoe-suhoe-125,belbek-roze-sira-rozovoe-suhoe-125.webp,belbek_roze_sira_rozovoe_suhoe_125_2131a8be30.webp
dva-serdtsa-rozovoe-kaberne-sovinon-suhoe-13,dva-serdtsa-rozovoe-kaberne-sovinon-rozovoe-suhoe-13.webp,dva_serdtsa_rozovoe_kaberne_sovinon_rozovoe_suhoe_13_43d6654ff9.webp
esse-rubinovyy-rubinovyy-magaracha-krasnoe-suhoe-12,esse-rubinovyy-rubinovyy-magaracha-krasnoe-suhoe-12.webp,esse_rubinovyy_rubinovyy_magaracha_krasnoe_suhoe_12_0570a9069b.webp
chateau-de-talu-ruzh-kaberne-sovinon-krasnoe-suhoe-14,chateau-de-talu-ruzh-kaberne-sovinon-krasnoe-suhoe-14.webp,chateau_de_talu_ruzh_kaberne_sovinon_krasnoe_suhoe_14_4bdd4b0a4f.webp
abrau-dyurso-russkoe-igristoe-koshernoe-bryut-shardone-beloe-13,abrau-dyurso-russkoe-igristoe-koshernoe-bryut-shardone-beloe-13.webp,abrau_dyurso_russkoe_igristoe_koshernoe_bryut_shardone_beloe_13_8b9ee7f9fe.webp
abrau-dyurso-russkoe-igristoe-koshernoe-polusladkoe-shardone-beloe-12,abrau-dyurso-russkoe-igristoe-koshernoe-polusladkoe-shardone-beloe-12.webp,abrau_dyurso_russkoe_igristoe_koshernoe_polusladkoe_shardone_beloe_12_cce09fd580.webp
abrau-dyurso-russkoe-igristoe-polusladkoe-shardone-beloe-12,abrau-dyurso-russkoe-igristoe-polusladkoe-shardone-beloe-12.webp,abrau_dyurso_russkoe_igristoe_polusladkoe_shardone_beloe_12_a8752d67f6.webp
abrau-dyurso-russkoe-igristoe-polusladkoe-krasnoe-kaberne-sovinon-12,abrau-dyurso-russkoe-igristoe-polusladkoe-krasnoe-kaberne-sovinon-12.webp,abrau_dyurso_russkoe_igristoe_polusladkoe_krasnoe_kaberne_sovinon_12_d7c8d1c042.webp
abrau-dyurso-russkoe-igristoe-polusuhoe-shardone-beloe-12,abrau-dyurso-russkoe-igristoe-polusuhoe-shardone-beloe-12.webp,abrau_dyurso_russkoe_igristoe_polusuhoe_shardone_beloe_12_1dd99a0a33.webp
abrau-dyurso-russkoe-igristoe-polusuhoe-rozovoe-pino-nuar-12,abrau-dyurso-russkoe-igristoe-polusuhoe-rozovoe-pino-nuar-12.webp,abrau_dyurso_russkoe_igristoe_polusuhoe_rozovoe_pino_nuar_12_dafb6d988e.webp
ferrum-winery-sabernet-sauvignon-kaberne-sovinon-krasnoe-suhoe-14,ferrum-winery-sabernet-sauvignon-kaberne-sovinon-krasnoe-suhoe-14.webp,ferrum_winery_sabernet_sauvignon_kaberne_sovinon_krasnoe_suhoe_14_462b926187.webp
ferrum-winery-sabernet-sauvignon-cabernet-franc-kaberne-sovinon-krasnoe-suhoe-12,ferrum-winery-sabernet-sauvignon-cabernet-franc-kaberne-sovinon-krasnoe-suhoe-12.webp,ferrum_winery_sabernet_sauvignon_cabernet_franc_kaberne_sovinon_krasnoe_suhoe_12_89900c9039.webp
cellar-master-sandzhoveze-krasnoe-suhoe-125,cellar-master-sandzhoveze-krasnoe-suhoe-125.webp,cellar_master_sandzhoveze_krasnoe_suhoe_125_3851d0eaae.webp
belbek-sandzhoveze-krasnoe-suhoe-14,belbek-sandzhoveze-krasnoe-suhoe-14.webp,belbek_sandzhoveze_krasnoe_suhoe_14_a0ba68a6c3.webp
belbek-saperavi-krasnoe-suhoe-137,belbek-saperavi-krasnoe-suhoe-137.webp,belbek_saperavi_krasnoe_suhoe_137_469b436cb9.webp
dacha-serdyuka-saperavi-saperavi-severnyy-krasnoe-suhoe-14,dacha-serdyuka-saperavi-saperavi-severnyy-krasnoe-suhoe-14.webp,dacha_serdyuka_saperavi_saperavi_severnyy_krasnoe_suhoe_14_f1b30ba078.webp
dva-serdtsa-saperavi-krasnoe-suhoe-135,dva-serdtsa-saperavi-krasnoe-suhoe-135.webp,dva_serdtsa_saperavi_krasnoe_suhoe_135_58815e0ac2.webp
esse-saperavi-krasnoe-suhoe-13,esse-saperavi-krasnoe-suhoe-13.webp,esse_saperavi_krasnoe_suhoe_13_52697406ad.webp
esse-saperavi-heaven-krasnoe-suhoe-13,esse-saperavi-heaven-krasnoe-suhoe-13.webp,esse_saperavi_heaven_krasnoe_suhoe_13_759445e79f.webp
belbek-saperavi-rezerv-krasnoe-suhoe-14,belbek-saperavi-rezerv-krasnoe-suhoe-14.webp,belbek_saperavi_rezerv_krasnoe_suhoe_14_c9a3cc2e46.webp
dubinin-winery-saperavi-fresh-krasnoe-suhoe-135,dubinin-winery-saperavi-fresh-krasnoe-suhoe-135.webp,dubinin_winery_saperavi_fresh_krasnoe_suhoe_135_ed1dd0f8f4.webp
alma-valley-semilon-beloe-suhoe-135,alma-valley-semilon-beloe-suhoe-135.webp,alma_valley_semilon_beloe_suhoe_135_12953499e0.webp
belbek-semilon-rezerv-beloe-suhoe-127,belbek-semilon-rezerv-beloe-suhoe-127.webp,belbek_semilon_rezerv_beloe_suhoe_127_64909a173d.webp
domaine-de-la-vivandiere-senso-roze-rozovoe-suhoe-126,domaine-de-la-vivandiere-senso-roze-rozovoe-suhoe-126.webp,domaine_de_la_vivandiere_senso_roze_rozovoe_suhoe_126_1beb87273d.webp
dacha-serdyuka-sibirkovyy-beloe-suhoe-135,dacha-serdyuka-sibirkovyy-beloe-suhoe-135.webp,dacha_serdyuka_sibirkovyy_beloe_suhoe_135_c7ad6452b8.webp
blagolyubov-sibirkovyy-beloe-suhoe-115,blagolyubov-sibirkovyy-beloe-suhoe-115.webp,blagolyubov_sibirkovyy_beloe_suhoe_115_9194769ec7.webp
domaine-de-la-vivandiere-sibirkovyy-sur-lies-beloe-suhoe-121,domaine-de-la-vivandiere-sibirkovyy-sur-lies-beloe-suhoe-121.webp,domaine_de_la_vivandiere_sibirkovyy_sur_lies_beloe_suhoe_121_536caa1f6a.webp
dacha-serdyuka-sibirkovyy-oranzh-beloe-suhoe-135,dacha-serdyuka-sibirkovyy-oranzh-beloe-suhoe-135.webp,dacha_serdyuka_sibirkovyy_oranzh_beloe_suhoe_135_5f7489325e.webp
domaine-de-la-vivandiere-sibirkovyy-fresh-beloe-suhoe-125,domaine-de-la-vivandiere-sibirkovyy-fresh-beloe-suhoe-125.webp,domaine_de_la_vivandiere_sibirkovyy_fresh_beloe_suhoe_125_39e6be90f5.webp
bakla-vines-sira-krasnoe-suhoe-135,bakla-vines-sira-krasnoe-suhoe-135.webp,bakla_vines_sira_krasnoe_suhoe_135_1d09e35f1b.webp
chateau-cachalot-sira-krasnoe-suhoe-12,chateau-cachalot-sira-krasnoe-suhoe-12.webp,chateau_cachalot_sira_krasnoe_suhoe_12_dce15be016.webp
gavras-sira-krasnoe-suhoe-135,gavras-sira-krasnoe-suhoe-135.webp,gavras_sira_krasnoe_suhoe_135_2d49e01dbe.webp
a-gordienko-m-nikolaev-sira-nuvo-krasnoe-suhoe-115,a-gordienko-m-nikolaev-sira-nuvo-krasnoe-suhoe-115.webp,a_gordienko_m_nikolaev_sira_nuvo_krasnoe_suhoe_115_3eff431cec.webp
belbek-sira-rezerv-krasnoe-suhoe-132,belbek-sira-rezerv-krasnoe-suhoe-132.webp,belbek_sira_rezerv_krasnoe_suhoe_132_ad3192b478.webp
alma-valley-sovinon-blan-beloe-suhoe-14,alma-valley-sovinon-blan-beloe-suhoe-14.webp,alma_valley_sovinon_blan_beloe_suhoe_14_a30a0144ff.webp
belbek-sovinon-blan-beloe-suhoe-12,belbek-sovinon-blan-beloe-suhoe-12.webp,belbek_sovinon_blan_beloe_suhoe_12_f6ebdcced9.webp
chateau-andre-sovinon-blan-beloe-suhoe-13,chateau-andre-sovinon-blan-beloe-suhoe-13.webp,chateau_andre_sovinon_blan_beloe_suhoe_13_fb031c925c.webp
esse-sovinon-blan-beloe-suhoe-12,esse-sovinon-blan-beloe-suhoe-12.webp,esse_sovinon_blan_beloe_suhoe_12_399b808abd.webp
denisov-winery-sovinon-blan-beloe-suhoe-115,denisov-winery-sovinon-blan-beloe-suhoe-115.webp,denisov_winery_sovinon_blan_beloe_suhoe_115_7ed31606ab.webp
blagolyubov-sovinon-blan-beloe-suhoe-125,blagolyubov-sovinon-blan-beloe-suhoe-125.webp,blagolyubov_sovinon_blan_beloe_suhoe_125_c0d0a71248.webp
dubinin-winery-sovinon-blan-beloe-suhoe-12,dubinin-winery-sovinon-blan-beloe-suhoe-12.webp,dubinin_winery_sovinon_blan_beloe_suhoe_12_18c78bf838.webp
donskoe-vinodelcheskoe-hozyaystvo-elbuzd-sovinon-blan-beloe-suhoe-12,donskoe-vinodelcheskoe-hozyaystvo-elbuzd-sovinon-blan-beloe-suhoe-12.webp,donskoe_vinodelcheskoe_hozyaystvo_elbuzd_sovinon_blan_beloe_suhoe_12_1e0d005870.webp
domaine-lipko-sovinon-blan-beloe-suhoe-118,domaine-lipko-sovinon-blan-beloe-suhoe-118.webp,domaine_lipko_sovinon_blan_beloe_suhoe_118_239115924a.webp
ferrum-winery-sovinon-blan-blush-beloe-suhoe-104,ferrum-winery-sovinon-blan-blush-beloe-suhoe-104.webp,ferrum_winery_sovinon_blan_blush_beloe_suhoe_104_f62ecc27db.webp
alma-valley-sovinon-blan-rezerv-beloe-suhoe-14,alma-valley-sovinon-blan-rezerv-beloe-suhoe-14.webp,alma_valley_sovinon_blan_rezerv_beloe_suhoe_14_67049e90d5.webp
esse-sovinon-blan-fyume-beloe-suhoe-128,esse-sovinon-blan-fyume-beloe-suhoe-128.webp,esse_sovinon_blan_fyume_beloe_suhoe_128_a32349f7e3.webp
alma-valley-solntse-vozduh-vinograd-sira-shiraz-rozovoe-polusladkoe-12,alma-valley-solntse-vozduh-vinograd-sira-shiraz-rozovoe-polusladkoe-12.webp,alma_valley_solntse_vozduh_vinograd_sira_shiraz_rozovoe_polusladkoe_12_ace425804f.webp
alma-valley-solntse-vozduh-vinograd-sira-shiraz-krasnoe-polusuhoe-135,alma-valley-solntse-vozduh-vinograd-sira-shiraz-krasnoe-polusuhoe-135.webp,alma_valley_solntse_vozduh_vinograd_sira_shiraz_krasnoe_polusuhoe_135_7cd3395fb2.webp
alma-valley-solntse-vozduh-vinograd-merlo-krasnoe-polusladkoe-14,alma-valley-solntse-vozduh-vinograd-merlo-krasnoe-polusladkoe-14.webp,alma_valley_solntse_vozduh_vinograd_merlo_krasnoe_polusladkoe_14_6111b648a4.webp
alma-valley-solntse-vozduh-vinograd-shardone-beloe-polusuhoe-13,alma-valley-solntse-vozduh-vinograd-shardone-beloe-polusuhoe-13.webp,alma_valley_solntse_vozduh_vinograd_shardone_beloe_polusuhoe_13_532db72561.webp
alma-valley-solntse-vozduh-vinograd-kokur-beloe-polusladkoe-13,alma-valley-solntse-vozduh-vinograd-kokur-beloe-polusladkoe-13.webp,alma_valley_solntse_vozduh_vinograd_kokur_beloe_polusladkoe_13_e1b2a15be1.webp
blagolyubov-stanichnoe-stanichnyy-beloe-suhoe-12,blagolyubov-stanichnoe-stanichnyy-beloe-suhoe-12.webp,blagolyubov_stanichnoe_stanichnyy_beloe_suhoe_12_eef92e6059.webp
alma-valley-tba-sovinon-sovinon-blan-beloe-sladkoe-75,alma-valley-tba-sovinon-sovinon-blan-beloe-sladkoe-75.webp,alma_valley_tba_sovinon_sovinon_blan_beloe_sladkoe_75_571c20333f.webp
alma-valley-tempranilo-krasnoe-suhoe-13,alma-valley-tempranilo-krasnoe-suhoe-13.webp,alma_valley_tempranilo_krasnoe_suhoe_13_9f66826c6d.webp
alma-valley-tempranilo-rezerv-krasnoe-suhoe-14,alma-valley-tempranilo-rezerv-krasnoe-suhoe-14.webp,alma_valley_tempranilo_rezerv_krasnoe_suhoe_14_36d4dbc6c0.webp
fanagoriya-tochka-saperavi-krasnoe-suhoe-14,fanagoriya-tochka-saperavi-krasnoe-suhoe-14.webp,fanagoriya_tochka_saperavi_krasnoe_suhoe_14_85b003f862.webp
chateau-andre-traminer-beloe-suhoe-135,chateau-andre-traminer-beloe-suhoe-135.webp,chateau_andre_traminer_beloe_suhoe_135_56ed4fb5e5.webp
alma-valley-traminer-beloe-suhoe-125,alma-valley-traminer-beloe-suhoe-125.webp,alma_valley_traminer_beloe_suhoe_125_535f55a570.webp
chateau-de-talu-uroki-frantsuzskogo-shardone-beloe-suhoe-124,chateau-de-talu-uroki-frantsuzskogo-shardone-beloe-suhoe-124.webp,chateau_de_talu_uroki_frantsuzskogo_shardone_beloe_suhoe_124_70debdc553.webp
chateau-de-talu-uroki-frantsuzskogo-sovinon-blan-beloe-suhoe-115,chateau-de-talu-uroki-frantsuzskogo-sovinon-blan-beloe-suhoe-115.webp,chateau_de_talu_uroki_frantsuzskogo_sovinon_blan_beloe_suhoe_115_19393490fe.webp
chateau-de-talu-uroki-frantsuzskogo-kaberne-sovinon-krasnoe-suhoe-14,chateau-de-talu-uroki-frantsuzskogo-kaberne-sovinon-krasnoe-suhoe-14.webp,chateau_de_talu_uroki_frantsuzskogo_kaberne_sovinon_krasnoe_suhoe_14_026f1c021d.webp
chateau-de-talu-uroki-frantsuzskogo-kaberne-fran-krasnoe-suhoe-14,chateau-de-talu-uroki-frantsuzskogo-kaberne-fran-krasnoe-suhoe-14.webp,chateau_de_talu_uroki_frantsuzskogo_kaberne_fran_krasnoe_suhoe_14_742f3fe735.webp
chateau-de-talu-uroki-frantsuzskogo-krasnostop-krasnostop-anapskiy-krasnoe-suhoe-145,chateau-de-talu-uroki-frantsuzskogo-krasnostop-krasnostop-anapskiy-krasnoe-suhoe-145.webp,chateau_de_talu_uroki_frantsuzskogo_krasnostop_krasnostop_anapskiy_krasnoe_suhoe_145_a9d5ec3ff6.webp
chateau-de-talu-uroki-frantsuzskogo-merlo-krasnoe-suhoe-147,chateau-de-talu-uroki-frantsuzskogo-merlo-krasnoe-suhoe-147.webp,chateau_de_talu_uroki_frantsuzskogo_merlo_krasnoe_suhoe_147_2d728f9e11.webp
chateau-de-talu-uroki-frantsuzskogo-sira-krasnoe-suhoe-13,chateau-de-talu-uroki-frantsuzskogo-sira-krasnoe-suhoe-13.webp,chateau_de_talu_uroki_frantsuzskogo_sira_krasnoe_suhoe_13_333740f907.webp
bogovich-wine-vineyard-faina-sovinon-zelenyy-beloe-suhoe-113,bogovich-wine-vineyard-faina-sovinon-zelenyy-beloe-suhoe-113.webp,bogovich_wine_vineyard_faina_sovinon_zelenyy_beloe_suhoe_113_8384005071.webp
fanagoriya-fanagoriya-sakra-sennoy-krasnostop-krasnoe-suhoe-135,fanagoriya-fanagoriya-sakra-sennoy-krasnostop-krasnoe-suhoe-135.webp,fanagoriya_fanagoriya_sakra_sennoy_krasnostop_krasnoe_suhoe_135_f22347e4bd.webp
fanagoriya-fanagoriya-blanc-de-blancs-beloe-iz-belogo-shardone-igristoe-bryut-beloe-11-13,fanagoriya-fanagoriya-blanc-de-blancs-beloe-iz-belogo-shardone-igristoe-bryut-beloe-11-13.webp,fanagoriya_fanagoriya_blanc_de_blancs_beloe_iz_belogo_shardone_igristoe_bryut_beloe_11_13_2387906571.webp
fanagoriya-fanagoriya-blanc-de-noirs-beloe-iz-chyornogo-merlo-igristoe-bryut-beloe-11-13,fanagoriya-fanagoriya-blanc-de-noirs-beloe-iz-chyornogo-merlo-igristoe-bryut-beloe-11-13.webp,fanagoriya_fanagoriya_blanc_de_noirs_beloe_iz_chyornogo_merlo_igristoe_bryut_beloe_11_13_a4d16b3226.webp
fanagoriya-fanagoriya-rose-de-noirs-roze-de-nuar-merlo-igristoe-bryut-rozovoe-11-13,fanagoriya-fanagoriya-rose-de-noirs-roze-de-nuar-merlo-igristoe-bryut-rozovoe-11-13.webp,fanagoriya_fanagoriya_rose_de_noirs_roze_de_nuar_merlo_igristoe_bryut_rozovoe_11_13_b3db75f16b.webp
fanagoriya-fanagoriya-bryut-beloe-sovinon-blan-igristoe-bryut-beloe-11-13,fanagoriya-fanagoriya-bryut-beloe-sovinon-blan-igristoe-bryut-beloe-11-13.webp,fanagoriya_fanagoriya_bryut_beloe_sovinon_blan_igristoe_bryut_beloe_11_13_3b08e056cc.webp
fanagoriya-fanagoriya-bryut-rozovoe-sovinon-blan-igristoe-bryut-rozovoe-11-13,fanagoriya-fanagoriya-bryut-rozovoe-sovinon-blan-igristoe-bryut-rozovoe-11-13.webp,fanagoriya_fanagoriya_bryut_rozovoe_sovinon_blan_igristoe_bryut_rozovoe_11_13_88695c0088.webp
fanagoriya-fanagoriya-polusladkoe-rozovoe-sovinon-blan-krasnoe-11-13,fanagoriya-fanagoriya-polusladkoe-rozovoe-sovinon-blan-krasnoe-11-13.webp,fanagoriya_fanagoriya_polusladkoe_rozovoe_sovinon_blan_krasnoe_11_13_f19a8f122b.webp
fanagoriya-formula-q-kaberne-sovinon-krasnoe-suhoe-135,fanagoriya-formula-q-kaberne-sovinon-krasnoe-suhoe-vyderzhannoe-135.webp,fanagoriya_formula_q_kaberne_sovinon_krasnoe_suhoe_vyderzhannoe_135_9d678f8cd7.webp
chateau-andre-tsvaygelt-tsvaygelt-tamanskiy-rozovoe-suhoe-13,chateau-andre-tsvaygelt-tsvaygelt-tamanskiy-rozovoe-suhoe-13.webp,chateau_andre_tsvaygelt_tsvaygelt_tamanskiy_rozovoe_suhoe_13_43d1400cf7.webp
chateau-andre-tsvaygelt-roze-rozovoe-suhoe-13,chateau-andre-tsvaygelt-roze-rozovoe-suhoe-13.webp,chateau_andre_tsvaygelt_roze_rozovoe_suhoe_13_f31bcaba87.webp
domaine-de-la-vivandiere-tsimlyanskiy-chyornyy-ctes-du-don-tsimlyanskiy-chernyy-rozovoe-suhoe-134,domaine-de-la-vivandiere-tsimlyanskiy-chyornyy-ctes-du-don-tsimlyanskiy-chernyy-rozovoe-suhoe-134.webp,domaine_de_la_vivandiere_tsimlyanskiy_chyornyy_ctes_du_don_tsimlyanskiy_chernyy_rozovoe_suhoe_134_1114a4a7ac.webp
denisov-winery-tsitron-tsitronnyy-magaracha-beloe-suhoe-112,denisov-winery-tsitron-tsitronnyy-magaracha-beloe-suhoe-112.webp,denisov_winery_tsitron_tsitronnyy_magaracha_beloe_suhoe_112_6a56776856.webp
bakla-vines-tsitron-krymskiy-tsitronnyy-magaracha-beloe-suhoe-118,bakla-vines-tsitron-krymskiy-tsitronnyy-magaracha-beloe-suhoe-118.webp,bakla_vines_tsitron_krymskiy_tsitronnyy_magaracha_beloe_suhoe_118_3e272f0bb2.webp
denisov-winery-tsitron-oranzh-tsitronnyy-magaracha-oranzhevoe-suhoe-105,denisov-winery-tsitron-oranzh-tsitronnyy-magaracha-oranzhevoe-suhoe-105.webp,denisov_winery_tsitron_oranzh_tsitronnyy_magaracha_oranzhevoe_suhoe_105_3d8bed58d0.webp
alma-valley-shardone-beloe-suhoe-135,alma-valley-shardone-beloe-suhoe-135.webp,alma_valley_shardone_beloe_suhoe_135_c577ccd0a1.webp
donskoe-vinodelcheskoe-hozyaystvo-elbuzd-shardone-beloe-suhoe-13,donskoe-vinodelcheskoe-hozyaystvo-elbuzd-shardone-beloe-suhoe-13.webp,donskoe_vinodelcheskoe_hozyaystvo_elbuzd_shardone_beloe_suhoe_13_4dc735a9ed.webp
chateau-andre-shardone-beloe-suhoe-13,chateau-andre-shardone-beloe-suhoe-13.webp,chateau_andre_shardone_beloe_suhoe_13_daddc9dfbf.webp
abrau-dyurso-shardone-beloe-suhoe-13,abrau-dyurso-shardone-beloe-suhoe-vyderzhannoe-13.webp,abrau_dyurso_shardone_beloe_suhoe_vyderzhannoe_13_3fdd6c2c92.webp
abrau-dyurso-shardone-beloe-suhoe-12,abrau-dyurso-shardone-beloe-suhoe-12.webp,abrau_dyurso_shardone_beloe_suhoe_12_9e3d40dd34.webp
esse-shardone-otbornoe-beloe-suhoe-12,esse-shardone-otbornoe-beloe-suhoe-12.webp,esse_shardone_otbornoe_beloe_suhoe_12_3b070fa772.webp
alma-valley-shardone-rezerv-beloe-suhoe-14,alma-valley-shardone-rezerv-beloe-suhoe-14.webp,alma_valley_shardone_rezerv_beloe_suhoe_14_e93f9dbbf9.webp
chateau-de-talu-shardone-rezerv-beloe-suhoe-13,chateau-de-talu-shardone-rezerv-beloe-suhoe-13.webp,chateau_de_talu_shardone_rezerv_beloe_suhoe_13_d15ce11b77.webp
alma-valley-shardone-rezerv-beloe-suhoe-135,alma-valley-shardone-rezerv-beloe-suhoe-vyderzhannoe-135.webp,alma_valley_shardone_rezerv_beloe_suhoe_vyderzhannoe_135_3c92719654.webp
jd_winery_shardone,20260617_071051-Photoroom.webp,20260617_071051_Photoroom_58ca3070a8.webp
andryus-yutsis-shenen-blan-beloe-suhoe-12,andryus-yutsis-shenen-blan-beloe-suhoe-12.webp,andryus_yutsis_shenen_blan_beloe_suhoe_12_88fa29c996.webp
chateau-cachalot-shenen-blan-beloe-suhoe-113,chateau-cachalot-shenen-blan-beloe-suhoe-113.webp,chateau_cachalot_shenen_blan_beloe_suhoe_113_f51452cd7b.webp
aromatnoe-shenen-blan-beloe-suhoe-13,aromatnoe-shenen-blan-beloe-suhoe-13.webp,aromatnoe_shenen_blan_beloe_suhoe_13_292ec223ed.webp
esse-shenen-blan-beloe-suhoe-13,esse-shenen-blan-beloe-suhoe-13.webp,esse_shenen_blan_beloe_suhoe_13_98cc04b8dc.webp
alma-valley-shiraz-krasnoe-suhoe-13,alma-valley-shiraz-krasnoe-suhoe-13.webp,alma_valley_shiraz_krasnoe_suhoe_13_cac190e3fc.webp
alma-valley-shiraz-sira-rezerv-krasnoe-suhoe-14,alma-valley-shiraz-sira-rezerv-krasnoe-suhoe-14.webp,alma_valley_shiraz_sira_rezerv_krasnoe_suhoe_14_8929b4c449.webp
chateau-de-talu-shiraz-rezerv-sira-krasnoe-suhoe-14,chateau-de-talu-shiraz-rezerv-sira-krasnoe-suhoe-14.webp,chateau_de_talu_shiraz_rezerv_sira_krasnoe_suhoe_14_86dc2c7da7.webp
derbent-vino-endemy-aligote-beloe-bryut-105-125,derbent-vino-endemy-aligote-beloe-bryut-105-125.webp,derbent_vino_endemy_aligote_beloe_bryut_105_125_9c9d02efb2.webp
derbent-vino-endemy-kaberne-sovinon-rozovoe-bryut-105-125,derbent-vino-endemy-kaberne-sovinon-rozovoe-bryut-105-125.webp,derbent_vino_endemy_kaberne_sovinon_rozovoe_bryut_105_125_2b46752cd4.webp
derbent-vino-endemy-kaberne-fran-krasnoe-suhoe-13,derbent-vino-endemy-kaberne-fran-krasnoe-suhoe-13.webp,derbent_vino_endemy_kaberne_fran_krasnoe_suhoe_13_6351c14f55.webp
derbent-vino-endemy-merlo-krasnoe-suhoe-13,derbent-vino-endemy-merlo-krasnoe-suhoe-13.webp,derbent_vino_endemy_merlo_krasnoe_suhoe_13_36ebced038.webp
derbent-vino-endemy-pino-nuar-rozovoe-bryut-105-125,derbent-vino-endemy-pino-nuar-rozovoe-bryut-105-125.webp,derbent_vino_endemy_pino_nuar_rozovoe_bryut_105_125_d889dc6335.webp
derbent-vino-endemy-risling-beloe-bryut-105-125,derbent-vino-endemy-risling-beloe-bryut-105-125.webp,derbent_vino_endemy_risling_beloe_bryut_105_125_ab6f76cf0a.webp
derbent-vino-endemy-saperavi-krasnoe-suhoe-13,derbent-vino-endemy-saperavi-krasnoe-suhoe-13.webp,derbent_vino_endemy_saperavi_krasnoe_suhoe_13_1e6d4109d5.webp
derbent-vino-endemy-sovinon-beloe-bryut-105-125,derbent-vino-endemy-sovinon-beloe-bryut-105-125.webp,derbent_vino_endemy_sovinon_beloe_bryut_105_125_7117449f6c.webp
derbent-vino-endemy-shardone-beloe-suhoe-13,derbent-vino-endemy-shardone-beloe-suhoe-13.webp,derbent_vino_endemy_shardone_beloe_suhoe_13_62a14e694a.webp
derbent-vino-endemy-shardone-beloe-bryut-105-125,derbent-vino-endemy-shardone-beloe-bryut-105-125.webp,derbent_vino_endemy_shardone_beloe_bryut_105_125_0050dd60c9.webp
chateau-de-talu-enolog-kaberne-sovinon-krasnoe-suhoe-15,chateau-de-talu-enolog-kaberne-sovinon-krasnoe-suhoe-15.webp,chateau_de_talu_enolog_kaberne_sovinon_krasnoe_suhoe_15_a5c6b551a6.webp
chateau-de-talu-yuzhnaya-vertikal-kaberne-fran-krasnoe-suhoe-142,chateau-de-talu-yuzhnaya-vertikal-kaberne-fran-krasnoe-suhoe-142.webp,chateau_de_talu_yuzhnaya_vertikal_kaberne_fran_krasnoe_suhoe_142_eb282f09b8.webp
chateau-de-talu-yuzhnaya-vertikal-kaberne-fran-premium-krasnoe-suhoe-143,chateau-de-talu-yuzhnaya-vertikal-kaberne-fran-premium-krasnoe-suhoe-143.webp,chateau_de_talu_yuzhnaya_vertikal_kaberne_fran_premium_krasnoe_suhoe_143_fe11f85d85.webp
chateau-de-talu-yuzhnaya-vertikal-kaberne-fran-rezerv-krasnoe-suhoe-146,chateau-de-talu-yuzhnaya-vertikal-kaberne-fran-rezerv-krasnoe-suhoe-146.webp,chateau_de_talu_yuzhnaya_vertikal_kaberne_fran_rezerv_krasnoe_suhoe_146_9ed8edf81c.webp
