slug,core,src,method,name,winery,category,color,region
zb-vajn-spumante-bryut-beloe,Spumante_belyj_bryut_d34e854a7b,Spumante_belyj_bryut_d34e854a7b.webp,photo_exact, ЗБ вайн СПУМАНТЕ Брют белое,Золотая Балка,Белое,соломенный,Крым
fanagoriya-100-ottenkov-krasnogo-kaberne-kaberne-sovinon-krasnoe-suhoe-135,fanagoriya_100_ottenkov_krasnogo_kaberne_kaberne_sovinon_krasnoe_suhoe_135_ad8495191f,fanagoriya_100_ottenkov_krasnogo_kaberne_kaberne_sovinon_krasnoe_suhoe_135_ad8495191f.webp,photo_exact,100 оттенков красного. Каберне,Фанагория,Красное,Темно-рубиновый,Кубань
fanagoriya-100-ottenkov-krasnogo-pino-nuar-krasnoe-suhoe-135,fanagoriya_100_ottenkov_krasnogo_pino_nuar_krasnoe_suhoe_vyderzhannoe_135_12baf813ea,fanagoriya_100_ottenkov_krasnogo_pino_nuar_krasnoe_suhoe_vyderzhannoe_135_12baf813ea.webp,photo_exact,100 оттенков красного. Пино Нуар,Фанагория,Красное,Вино полупрозрачного гранатового цвета.,Кубань
fanagoriya-100-ottenkov-krasnogo-saperavi-krasnoe-suhoe-14,fanagoriya_100_ottenkov_krasnogo_saperavi_krasnoe_suhoe_14_fa242e130a,fanagoriya_100_ottenkov_krasnogo_saperavi_krasnoe_suhoe_14_fa242e130a.webp,photo_exact,100 оттенков красного. Саперави,Фанагория,Красное,Темно-рубиновый,Кубань
fanagoriya-100-ottenkov-shardone-beloe-suhoe-14,fanagoriya_100_ottenkov_shardone_beloe_suhoe_14_dd14e33b83,fanagoriya_100_ottenkov_shardone_beloe_suhoe_14_dd14e33b83.webp,photo_exact,100 оттенков. Шардоне,Фанагория,Белое,Соломенный,Кубань
fanagoriya-101-ottenok-krasnogo-kaberne-kaberne-sovinon-krasnoe-suhoe-14,fanagoriya_101_ottenok_krasnogo_kaberne_kaberne_sovinon_krasnoe_suhoe_14_98c670a6a1,fanagoriya_101_ottenok_krasnogo_kaberne_kaberne_sovinon_krasnoe_suhoe_14_98c670a6a1.webp,photo_exact,101 оттенок красного. Каберне,Фанагория,Красное,Тёмно-рубиновый,Кубань
fanagoriya-101-ottenok-krasnogo-pino-nuar-krasnoe-suhoe-135,fanagoriya_101_ottenok_krasnogo_pino_nuar_krasnoe_suhoe_135_62be6e1c10,fanagoriya_101_ottenok_krasnogo_pino_nuar_krasnoe_suhoe_135_62be6e1c10.webp,photo_exact,101 оттенок красного. Пино нуар,Фанагория,Красное,Рубиновый,Кубань
fanagoriya-101-ottenok-krasnogo-saperavi-krasnoe-suhoe-14,fanagoriya_101_ottenok_krasnogo_saperavi_krasnoe_suhoe_14_4716c6d770,fanagoriya_101_ottenok_krasnogo_saperavi_krasnoe_suhoe_14_4716c6d770.webp,photo_exact,101 оттенок красного. Саперави,Фанагория,Красное,Тёмно-рубиновый,Кубань
usadba-rodnoe-gnezdo-4-elements-kaberne-sovinon-krasnoe-suhoe-15,usadba_rodnoe_gnezdo_4_elements_kaberne_sovinon_krasnoe_suhoe_15_0d55114014,usadba_rodnoe_gnezdo_4_elements_kaberne_sovinon_krasnoe_suhoe_15_0d55114014.webp,photo_exact,4 elements. Каберне Совиньон,Усадьба Родное Гнездо,Красное,Темно-рубиновый,Крым
usadba-rodnoe-gnezdo-4-elements-risling-beloe-suhoe-12,usadba_rodnoe_gnezdo_4_elements_risling_beloe_suhoe_12_815bd0df08,usadba_rodnoe_gnezdo_4_elements_risling_beloe_suhoe_12_815bd0df08.webp,photo_exact,4 elements. Рислинг,Усадьба Родное Гнездо,Белое,Соломенный,Крым
usadba-rodnoe-gnezdo-4-elements-risling-beloe-polusuhoe-12,usadba_rodnoe_gnezdo_4_elements_risling_beloe_polusuhoe_12_3621a7b684,usadba_rodnoe_gnezdo_4_elements_risling_beloe_polusuhoe_12_3621a7b684.webp,photo_exact,4 elements. Рислинг,Усадьба Родное Гнездо,Белое,Светло-соломенный,Крым
usadba-rodnoe-gnezdo-4-elements-sira-roze-rozovoe-polusuhoe-135,usadba_rodnoe_gnezdo_4_elements_sira_roze_rozovoe_polusuhoe_135_2c2c876bf4,usadba_rodnoe_gnezdo_4_elements_sira_roze_rozovoe_polusuhoe_135_2c2c876bf4.webp,photo_exact,4 elements. Сира. Розе,Усадьба Родное Гнездо,Розовое,Лососевый,Крым
usadba-rodnoe-gnezdo-4-elements-sovinon-blan-beloe-polusladkoe-12,usadba_rodnoe_gnezdo_4_elements_sovinon_blan_beloe_polusladkoe_12_5007538dcc,usadba_rodnoe_gnezdo_4_elements_sovinon_blan_beloe_polusladkoe_12_5007538dcc.webp,photo_exact,4 elements. Совиньон Блан,Усадьба Родное Гнездо,Белое,Светло-соломенный,Крым
usadba-rodnoe-gnezdo-4-elements-sovinon-blan-beloe-suhoe-12,usadba_rodnoe_gnezdo_4_elements_sovinon_blan_beloe_suhoe_12_38c66cd229,usadba_rodnoe_gnezdo_4_elements_sovinon_blan_beloe_suhoe_12_38c66cd229.webp,photo_exact,4 elements. Совиньон Блан,Усадьба Родное Гнездо,Белое,Соломенный,Крым
fanagoriya-5-elements-bryut-beloe-pino-gri-igristoe-bryut-beloe-125,fanagoriya_5_elements_bryut_beloe_pino_gri_igristoe_bryut_beloe_125_d7497bb817,fanagoriya_5_elements_bryut_beloe_pino_gri_igristoe_bryut_beloe_125_d7497bb817.webp,photo_exact,5 elements Брют белое,Фанагория,Белое,Светло-соломенный с зеленоватым оттенком,Кубань
fanagoriya-5-elements-bryut-rozovoe-saperavi-igristoe-bryut-rozovoe-125,fanagoriya_5_elements_bryut_rozovoe_saperavi_igristoe_bryut_rozovoe_125_89ce2d6975,fanagoriya_5_elements_bryut_rozovoe_saperavi_igristoe_bryut_rozovoe_125_89ce2d6975.webp,photo_exact,5 elements Брют розовое,Фанагория,Розовое,Розовый,Кубань
vinodelnya-vedernikov-5050-tsimlyanskiy-sibirkovyy-ekstra-bryut-beloe-12,vinodelnya_vedernikov_5050_tsimlyanskiy_sibirkovyy_ekstra_bryut_beloe_12_9cb05a5a09,vinodelnya_vedernikov_5050_tsimlyanskiy_sibirkovyy_ekstra_bryut_beloe_12_9cb05a5a09.webp,photo_exact,50/50 Цимлянский-Сибирьковый Экстра брют,Ведерниковъ,Белое,Бледно-желтый,Долина Дона
shato-pino-agpoezdnik-beloe-shardone-suhoe-13,shato_pino_beloe_shardone_beloe_suhoe_13_8b4d6eb365,shato_pino_beloe_shardone_beloe_suhoe_13_8b4d6eb365.webp,photo_exact,A.G.Poezdnik. Белое,Шато Пино,Белое,Золотистый,Кубань
shato-pino-agpoezdnik-krasnoe-kaberne-fran-suhoe-14,shato_pino_krasnoe_kaberne_fran_krasnoe_suhoe_14_074ad489ef,shato_pino_krasnoe_kaberne_fran_krasnoe_suhoe_14_074ad489ef.webp,photo_exact,A.G.Poezdnik. Красное,Шато Пино,Красное,Темно-гранатовый,Кубань
abrau-dyurso-abrau-estates-amurskiy-potapenko-krasnoe-suhoe-105,abrau_dyurso_abrau_estates_amurskiy_potapenko_krasnoe_suhoe_105_a70c9cabe2,abrau_dyurso_abrau_estates_amurskiy_potapenko_krasnoe_suhoe_105_a70c9cabe2.webp,photo_exact,Abrau Estates Амурский Потапенко,Абрау-Дюрсо,Красное,Рубиновый с пурпурным оттенком,Кубань
abrau-dyurso-abrau-estates-beloe-shardone-suhoe-12,abrau_dyurso_abrau_estates_beloe_shardone_suhoe_12_6c1aeb2039,abrau_dyurso_abrau_estates_beloe_shardone_suhoe_12_6c1aeb2039.webp,photo_exact,Abrau Estates белое,Абрау-Дюрсо,Белое,Светло-соломенный,Кубань
abrau-dyurso-abrau-estates-kaberne-po-belomu-kaberne-sovinon-beloe-suhoe-105,abrau_dyurso_abrau_estates_kaberne_po_belomu_kaberne_sovinon_beloe_suhoe_105_a340de7dd3,abrau_dyurso_abrau_estates_kaberne_po_belomu_kaberne_sovinon_beloe_suhoe_105_a340de7dd3.webp,photo_exact,Abrau Estates Каберне по-белому,Абрау-Дюрсо,Белое,Соломенный с розовым оттенком,Кубань
abrau-dyurso-abrau-estates-krasnoe-kaberne-sovinon-suhoe-13,abrau_dyurso_abrau_estates_krasnoe_kaberne_sovinon_suhoe_13_1770f5150f,abrau_dyurso_abrau_estates_krasnoe_kaberne_sovinon_suhoe_13_1770f5150f.webp,photo_exact,Abrau Estates красное,Абрау-Дюрсо,Красное,Тёмно-гранатовый,Кубань
abrau-dyurso-abrau-estates-oranzh-tsitronnyy-magaracha-oranzhevoe-suhoe-105,abrau_dyurso_abrau_estates_oranzh_tsitronnyy_magaracha_oranzhevoe_suhoe_105_95e00a834b,abrau_dyurso_abrau_estates_oranzh_tsitronnyy_magaracha_oranzhevoe_suhoe_105_95e00a834b.webp,photo_exact,Abrau Estates Оранж,Абрау-Дюрсо,Оранжевое,Янтарный,Кубань
abrau-dyurso-abrau-estates-dostoynyy-krasnoe-suhoe-135,abrau_dyurso_abrau_estates_dostoynyy_krasnoe_suhoe_135_a2b9e120e4,abrau_dyurso_abrau_estates_dostoynyy_krasnoe_suhoe_135_a2b9e120e4.webp,photo_exact,Abrau Estates. Достойный,Абрау-Дюрсо,Красное,Рубиновый,Кубань
abrau-dyurso-abrau-estates-roze-kaberne-sovinon-rozovoe-suhoe-12,abrau_dyurso_abrau_estates_roze_kaberne_sovinon_rozovoe_suhoe_12_416c8f123b,abrau_dyurso_abrau_estates_roze_kaberne_sovinon_rozovoe_suhoe_12_416c8f123b.webp,photo_exact,Abrau Estates. Розе,Абрау-Дюрсо,Розовое,Нежно-розовый,Кубань
abrau-dyurso-abrau-durso-brut-rose-reserve-pino-nuar-beloe-bryut-12,abrau_dyurso_abrau_durso_brut_rose_reserve_pino_nuar_beloe_bryut_12_bb364de705,abrau_dyurso_abrau_durso_brut_rose_reserve_pino_nuar_beloe_bryut_12_bb364de705.webp,photo_exact,Abrau-Durso Brut Rose Reserve,Абрау-Дюрсо,Белое,Насыщенный розовый,Кубань
abrau-dyurso-abrau-durso-reserve-brut-shardone-beloe-bryut-115,abrau_dyurso_abrau_durso_reserve_brut_shardone_beloe_bryut_115_c2d789063b,abrau_dyurso_abrau_durso_reserve_brut_shardone_beloe_bryut_115_c2d789063b.webp,photo_exact,Abrau-Durso Reserve Brut,Абрау-Дюрсо,Белое,Золотистый,Кубань
olymp-winery-adagum-cabernet-franc-kaberne-fran-krasnoe-suhoe-11,olymp_winery_adagum_cabernet_franc_kaberne_fran_krasnoe_suhoe_11_1296da5e1c,olymp_winery_adagum_cabernet_franc_kaberne_fran_krasnoe_suhoe_11_1296da5e1c.webp,photo_exact,Adagum Cabernet Franc,Olymp Winery,Красное,Рубиновый с фиолетовым оттенком,Кубань
olymp-winery-adagum-cabernet-sauvignon-kaberne-sovinon-krasnoe-suhoe-11,olymp_winery_adagum_cabernet_sauvignon_kaberne_sovinon_krasnoe_suhoe_11_389c433b06,olymp_winery_adagum_cabernet_sauvignon_kaberne_sovinon_krasnoe_suhoe_11_389c433b06.webp,photo_exact,Adagum Cabernet Sauvignon,Olymp Winery,Красное,Гранатово-рубиновый,Кубань
olymp-winery-adagum-chardonnay-shardone-beloe-suhoe-11,olymp_winery_adagum_chardonnay_shardone_beloe_suhoe_11_cf6c199a92,olymp_winery_adagum_chardonnay_shardone_beloe_suhoe_11_cf6c199a92.webp,photo_exact,Adagum Chardonnay,Olymp Winery,Белое,Светло-соломенный,Кубань
olymp-winery-adagum-chardonnay-kuban-shardone-beloe-suhoe-11,olymp_winery_adagum_chardonnay_kuban_shardone_beloe_suhoe_11_a41c24329f,olymp_winery_adagum_chardonnay_kuban_shardone_beloe_suhoe_11_a41c24329f.webp,photo_exact,Adagum Chardonnay Kuban,Olymp Winery,Белое,Светло-соломенный,Кубань
olymp-winery-adagum-estate-cabernet-sauvignon-kaberne-sovinon-krasnoe-suhoe-11,olymp_winery_adagum_estate_cabernet_sauvignon_kaberne_sovinon_krasnoe_suhoe_11_425fadfccf,olymp_winery_adagum_estate_cabernet_sauvignon_kaberne_sovinon_krasnoe_suhoe_11_425fadfccf.webp,photo_exact,Adagum Estate Cabernet Sauvignon,Olymp Winery,Красное,Насыщенный гранатово-рубиновый,Кубань
olymp-winery-adagum-estate-chardonnay-shardone-beloe-suhoe-11,olymp_winery_adagum_estate_chardonnay_shardone_beloe_suhoe_11_db799bd3fb,olymp_winery_adagum_estate_chardonnay_shardone_beloe_suhoe_11_db799bd3fb.webp,photo_exact,Adagum Estate Chardonnay,Olymp Winery,Белое,Соломенно-золотистый,Кубань
olymp-winery-adagum-estate-merlot-merlo-krasnoe-suhoe-11,olymp_winery_adagum_estate_merlot_merlo_krasnoe_suhoe_11_40b39cc86c,olymp_winery_adagum_estate_merlot_merlo_krasnoe_suhoe_11_40b39cc86c.webp,photo_exact,Adagum Estate Merlot,Olymp Winery,Красное,Рубиновый с фиолетовым отливом,Кубань
olymp-winery-adagum-estate-red-blend-kaberne-fran-krasnoe-suhoe-11,olymp_winery_adagum_estate_red_blend_kaberne_fran_krasnoe_suhoe_11_4dc9ac373d,olymp_winery_adagum_estate_red_blend_kaberne_fran_krasnoe_suhoe_11_4dc9ac373d.webp,photo_exact,Adagum Estate Red Blend,Olymp Winery,Красное,Глубокий рубиновый,Кубань
olymp-winery-adagum-estate-rose-kaberne-sovinon-rozovoe-suhoe-11,olymp_winery_adagum_estate_rose_kaberne_sovinon_rozovoe_suhoe_11_ad3a02cc01,olymp_winery_adagum_estate_rose_kaberne_sovinon_rozovoe_suhoe_11_ad3a02cc01.webp,photo_exact,Adagum Estate Rose,Olymp Winery,Розовое,Нежный бледно-лососевый,Кубань
olymp-winery-adagum-estate-sauvignon-blanc-sovinon-blan-beloe-suhoe-11,olymp_winery_adagum_estate_sauvignon_blanc_sovinon_blan_beloe_suhoe_11_3a562a0c8b,olymp_winery_adagum_estate_sauvignon_blanc_sovinon_blan_beloe_suhoe_11_3a562a0c8b.webp,photo_exact,Adagum Estate Sauvignon Blanc,Olymp Winery,Белое,Светло-соломенный с зеленоватым оттенком,Кубань
olymp-winery-adagum-krasnostop-krasnostop-zolotovskiy-krasnoe-suhoe-11,olymp_winery_adagum_krasnostop_krasnostop_zolotovskiy_krasnoe_suhoe_11_9741bfb5e5,olymp_winery_adagum_krasnostop_krasnostop_zolotovskiy_krasnoe_suhoe_11_9741bfb5e5.webp,photo_exact,Adagum Krаsnostop,Olymp Winery,Красное,Гранатово-рубиновый,Кубань
olymp-winery-adagum-merlot-merlo-rozovoe-suhoe-10,olymp_winery_adagum_merlot_merlo_rozovoe_suhoe_10_b7656d1596,olymp_winery_adagum_merlot_merlo_rozovoe_suhoe_10_b7656d1596.webp,photo_exact,Adagum Merlot,Olymp Winery,Розовое,Светло-розовый,Кубань
olymp-winery-adagum-odessa-black-kuban-odesskiy-chernyy-krasnoe-suhoe-11,olymp_winery_adagum_odessa_black_kuban_odesskiy_chernyy_krasnoe_suhoe_11_8c94e0d7d5,olymp_winery_adagum_odessa_black_kuban_odesskiy_chernyy_krasnoe_suhoe_11_8c94e0d7d5.webp,photo_exact,Adagum Odessa Black Kuban,Olymp Winery,Красное,"Тёмно-рубиновый, почти чернильный",Кубань
olymp-winery-adagum-pinot-noir-pino-nuar-rozovoe-suhoe-11,olymp_winery_adagum_pinot_noir_pino_nuar_rozovoe_suhoe_11_266cb2d0df,olymp_winery_adagum_pinot_noir_pino_nuar_rozovoe_suhoe_11_266cb2d0df.webp,photo_exact,Adagum Pinot Noir,Olymp Winery,Розовое,Светло-рубиновый с малиновым отливом,Кубань
olymp-winery-adagum-pinot-noir-pino-nuar-krasnoe-suhoe-11,olymp_winery_adagum_pinot_noir_pino_nuar_krasnoe_suhoe_11_5be0562815,olymp_winery_adagum_pinot_noir_pino_nuar_krasnoe_suhoe_11_5be0562815.webp,photo_exact,Adagum Pinot Noir,Olymp Winery,Красное,Светло-рубиновый с малиновым отливом,Кубань
olymp-winery-adagum-riesling-risling-beloe-suhoe-11,olymp_winery_adagum_riesling_risling_beloe_suhoe_11_73187f0bc2,olymp_winery_adagum_riesling_risling_beloe_suhoe_11_73187f0bc2.webp,photo_exact,Adagum Riesling,Olymp Winery,Белое,Светло-соломенный с золотистыми бликами.,Кубань
olymp-winery-adagum-saperavi-saperavi-krasnoe-suhoe-11,olymp_winery_adagum_saperavi_saperavi_krasnoe_suhoe_11_6a6ed2cae1,olymp_winery_adagum_saperavi_saperavi_krasnoe_suhoe_11_6a6ed2cae1.webp,photo_exact,Adagum Saperavi,Olymp Winery,Красное,Глубокий тёмно-рубиновый,Кубань
olymp-winery-adagum-sauvignon-sovinon-blan-beloe-suhoe-11,olymp_winery_adagum_sauvignon_sovinon_blan_beloe_suhoe_11_759c83d0e0,olymp_winery_adagum_sauvignon_sovinon_blan_beloe_suhoe_11_759c83d0e0.webp,photo_exact,Adagum Sauvignon,Olymp Winery,Белое,Светло-соломенный с зеленоватым оттенком,Кубань
olymp-winery-adagum-valley-merlot-merlo-krasnoe-suhoe-11,olymp_winery_adagum_valley_merlot_merlo_krasnoe_suhoe_11_3ec3bdd7ea,olymp_winery_adagum_valley_merlot_merlo_krasnoe_suhoe_11_3ec3bdd7ea.webp,photo_exact,Adagum Valley Merlot,Olymp Winery,Красное,Рубиновый с фиолетовым отливом,Кубань
olymp-winery-adagum-valley-pinot-noir-pino-nuar-krasnoe-suhoe-11,olymp_winery_adagum_valley_pinot_noir_pino_nuar_krasnoe_suhoe_11_f03c68421f,olymp_winery_adagum_valley_pinot_noir_pino_nuar_krasnoe_suhoe_11_f03c68421f.webp,photo_exact,Adagum Valley Pinot Noir,Olymp Winery,Красное,Светло-рубиновый,Кубань
olymp-winery-adagum-valley-riesling-risling-reynskiy-beloe-suhoe-11,olymp_winery_adagum_valley_riesling_risling_reynskiy_beloe_suhoe_11_c4f049c0fc,olymp_winery_adagum_valley_riesling_risling_reynskiy_beloe_suhoe_11_c4f049c0fc.webp,photo_exact,Adagum Valley Riesling,Olymp Winery,Белое,Соломенный с золотистыми бликами,Кубань
olymp-winery-adagum-valley-rkatsiteli-rkatsiteli-beloe-suhoe-10,olymp_winery_adagum_valley_rkatsiteli_rkatsiteli_beloe_suhoe_10_ddfa4f8a06,olymp_winery_adagum_valley_rkatsiteli_rkatsiteli_beloe_suhoe_10_ddfa4f8a06.webp,photo_exact,Adagum Valley Rkatsiteli,Olymp Winery,Белое,Светло-соломенный,Кубань
olymp-winery-adagum-valley-saperavi-saperavi-krasnoe-suhoe-12,olymp_winery_adagum_valley_saperavi_saperavi_krasnoe_suhoe_12_90b75e8147,olymp_winery_adagum_valley_saperavi_saperavi_krasnoe_suhoe_12_90b75e8147.webp,photo_exact,Adagum Valley Saperavi,Olymp Winery,Красное,Глубокий тёмно-рубиновый,Кубань
agora-yachting-cabernet-sauvignon,Agora_Rezerv_Yahting_Sovinon_kopiya_066436e3ad,Agora_Rezerv_Yahting_Sovinon_kopiya_066436e3ad.webp,photo_exact,Agora Yachting Cabernet Sauvignon,AGORA WINERY,Красное,"Насыщенный, плотный, бордовый",Крым
agora-yachting-chardonnay,Agora_Rezerv_Yahting_Shardone_836c91ea71,Agora_Rezerv_Yahting_Shardone_836c91ea71.webp,photo_exact,Agora Yachting Chardonnay,AGORA WINERY,Белое,Золотистый,Крым
agora-yachting-merlot,Agora_Rezerv_Yahting_Merlo_c83c62cf28,Agora_Rezerv_Yahting_Merlo_c83c62cf28.webp,photo_exact,Agora Yachting Merlot,AGORA WINERY,Красное,"Насыщенный, плотный, гранатовый ",Крым
agora-yachting-pinot-grigio,Agora_Rezerv_Yahting_Pino_Gridzhio_5daf688202,Agora_Rezerv_Yahting_Pino_Gridzhio_5daf688202.webp,photo_exact,Agora Yachting Pinot Grigio,AGORA WINERY,Белое,Соломенный,Крым
agora-yachting-sauvignon,Agora_Rezerv_Yahting_Sovinon_kopiya_066436e3ad,Agora_Rezerv_Yahting_Sovinon_kopiya_066436e3ad.webp,photo_exact,Agora Yachting Sauvignon,AGORA WINERY,Белое,Светло-золотистый,Крым
agora-yachting-shiraz,Agora_Rezerv_Yahting_Shiraz_efe299c1a7,Agora_Rezerv_Yahting_Shiraz_efe299c1a7.webp,photo_exact,Agora Yachting Shiraz,AGORA WINERY,Красное,"Глубокий насыщенный, с темно-рубиновыми и гранатовыми оттенками",Крым
agora-bastardo,Agora_Bastardo_59a04897ff,Agora_Bastardo_59a04897ff.webp,photo_exact,AGORA Бастардо,AGORA WINERY,Красное,Темно-гранатовый,Крым
agora-blek-stoun,Agora_Blek_Stoun_e98339ae1b,Agora_Blek_Stoun_e98339ae1b.webp,photo_exact,AGORA Блэк Стоун,AGORA WINERY,Красное,Спелой вишни,Крым
agora-kaberne-sovinon,Agora_Kaberne_Sovinon_cf765cd22e,Agora_Kaberne_Sovinon_cf765cd22e.webp,photo_exact,AGORA Каберне Совиньон,AGORA WINERY,Красное,Рубиновый,Крым
agora-muskat,Agora_Muskat_4030bf4725,Agora_Muskat_4030bf4725.webp,photo_exact,AGORA Мускат,AGORA WINERY,Белое,Золотистый,Крым
agora-muskat-chernyj,Agora_Muskat_Chernyj_b3314704fa,Agora_Muskat_Chernyj_b3314704fa.webp,photo_exact,AGORA Мускат Черный,AGORA WINERY,Красное,"Бордовый, с гранатовым оттенком",Крым
agora-pino-nuar,Agora_Pino_Nuar_e81246aa3a,Agora_Pino_Nuar_e81246aa3a.webp,photo_exact,AGORA Пино нуар,AGORA WINERY,Красное,Гранатовый,Крым
agora-risling,Agora_Risling_1b886b07f8,Agora_Risling_1b886b07f8.webp,photo_exact,AGORA Рислинг,AGORA WINERY,Белое,Светло-соломенный ,Крым
agora-saperavi,Agora_Saperavi_c472cc0afc,Agora_Saperavi_c472cc0afc.webp,photo_exact,AGORA Саперави,AGORA WINERY,Красное,Темно-рубиновый,Крым
agora-sovinon,Agora_Sovinon_6b035f6913,Agora_Sovinon_6b035f6913.webp,photo_exact,AGORA Совиньон,AGORA WINERY,Белое,Светло-соломенный,Крым
agora-terruarnoe-bastardo,Bastardo_terruarnoe_c692ff5ff0,Bastardo_terruarnoe_c692ff5ff0.webp,photo_exact,AGORA Терруарное Бастардо,AGORA WINERY,Красное,Сияющий рубиновый,Крым
agora-terruarnoe-kaberne-sovinon,Kaberne_Sovinon_terruarnoe_cebc6287a8,Kaberne_Sovinon_terruarnoe_cebc6287a8.webp,photo_exact,AGORA Терруарное Каберне совиньон,AGORA WINERY,Красное,Глубокий красный с благородными рубиновыми отсветами,Крым
agora-shardone,Agora_Shardone_4e9ddf9c52,Agora_Shardone_4e9ddf9c52.webp,photo_exact,AGORA Шардоне,AGORA WINERY,Белое,Золотистый,Крым
agora-vintage-blanc-de-blancs-extra-brut,Blan_de_Blan_2d64f13a73,Blan_de_Blan_2d64f13a73.webp,photo_exact,"AGORA, VINTAGE Blanc de Blancs extra brut",AGORA WINERY,Белое,Светло-соломенный,Крым
agora-vintage-blanc-de-noirs-extra-brut,Blan_de_Nuar_f3d5c90643,Blan_de_Nuar_f3d5c90643.webp,photo_exact,"AGORA, VINTAGE Blanc de Noirs extra brut",AGORA WINERY,Белое,Светло-соломенный,Крым
valeriy-zaharin-albedo-reserve-sary-pandas-beloe-suhoe-115,valeriy_zaharin_albedo_reserve_sary_pandas_beloe_suhoe_115_b108af9fde,valeriy_zaharin_albedo_reserve_sary_pandas_beloe_suhoe_115_b108af9fde.webp,photo_exact,Albedo. Reserve,Валерий Захарьин,Белое,Светло-соломенный,Крым
chteau-le-grand-vostock-aligote-aligote-beloe-suhoe-125,chteau_le_grand_vostock_aligote_aligote_beloe_suhoe_125_77b160f87a,chteau_le_grand_vostock_aligote_aligote_beloe_suhoe_125_77b160f87a.webp,photo_exact,Aligote,Château Le Grand Vostock,Белое,Золотистый,Кубань
chteau-le-grand-vostock-aligote-reserve-aligote-beloe-suhoe-13,chteau_le_grand_vostock_aligote_reserve_aligote_beloe_suhoe_13_bd611c7154,chteau_le_grand_vostock_aligote_reserve_aligote_beloe_suhoe_13_bd611c7154.webp,photo_exact,Aligote Reserve,Château Le Grand Vostock,Белое,Золотистый,Кубань
vino-nebo-aligote-sur-lie-aligote-beloe-suhoe-127,vino_nebo_aligote_sur_lie_aligote_beloe_suhoe_127_217cf83431,vino_nebo_aligote_sur_lie_aligote_beloe_suhoe_127_217cf83431.webp,photo_exact,Aligote Sur Lie,Vino & Nebo,Белое,Золотисто-соломенный,Крым
aligote-shato-pino,bez_fona_no_bg_preview_carve_photos_d1b6f3d608,bez_fona_no_bg_preview_carve_photos_d1b6f3d608.webp,photo_exact,Aligote. Шато Пино,Шато Пино,Белое,Светло-соломенный ,Кубань
alma-valley-locantita-merlot-cabernet-franc,Alma_Velli_Lokantino_7ad51d416c,Alma_Velli_Lokantino_7ad51d416c.webp,photo_exact,Alma Valley Locantita Merlot-Cabernet Franc,Alma Valley,Красное,Рубиновый,Крым
fanagoriya-alta-qortis-saperavi-krasnoe-suhoe-145,fanagoriya_alta_qortis_saperavi_krasnoe_suhoe_145_cd395bc533,fanagoriya_alta_qortis_saperavi_krasnoe_suhoe_145_cd395bc533.webp,photo_exact,Alta Qortis,Фанагория,Красное,Тёмно-рубиновый,Кубань
fanagoriya-alveus-ultra-cuvee-brut-shardone-beloe-bryut-12,fanagoriya_alveus_ultra_cuvee_brut_shardone_beloe_bryut_12_b29ade1dcd,fanagoriya_alveus_ultra_cuvee_brut_shardone_beloe_bryut_12_b29ade1dcd.webp,photo_exact,Alveus Ultra Cuvee Brut,Фанагория,Белое,Соломенный,Кубань
fanagoriya-alveus-ultra-cuvee-bryut-rozovoe-merlo-igristoe-bryut-rozovoe-12,fanagoriya_alveus_ultra_cuvee_bryut_rozovoe_merlo_igristoe_bryut_rozovoe_12_a23595c6d7,fanagoriya_alveus_ultra_cuvee_bryut_rozovoe_merlo_igristoe_bryut_rozovoe_12_a23595c6d7.webp,photo_exact,Alveus Ultra Cuvee. Брют розовое,Фанагория,Розовое,Соломенный,Кубань
fanagoriya-alveus-ultra-cuvee-ekstra-bryut-beloe-risling-reynskiy-12,fanagoriya_alveus_ultra_cuvee_ekstra_bryut_beloe_risling_reynskiy_12_d3eb10a98a,fanagoriya_alveus_ultra_cuvee_ekstra_bryut_beloe_risling_reynskiy_12_d3eb10a98a.webp,photo_exact,Alveus Ultra Cuvee. Экстра брют белое,Фанагория,Белое,Соломенный,Кубань
fanagoriya-alveus-ultra-cuvee-ekstra-bryut-rozovoe-merlo-12,fanagoriya_alveus_ultra_cuvee_ekstra_bryut_rozovoe_merlo_12_dda03da431,fanagoriya_alveus_ultra_cuvee_ekstra_bryut_rozovoe_merlo_12_dda03da431.webp,photo_exact,Alveus Ultra Cuvee. Экстра брют розовое,Фанагория,Розовое,Розовый с золотистым оттенком,Кубань
amelia,Amelia_22_png_e439aa8564,Amelia_22_png_e439aa8564.webp,photo_exact,"Amelia, 2022",WINEMAFIA,Белое,"Соломенный, с зеленоватым оттенком",Кубань
amelia-2023,Amelia_23_89599a3948,Amelia_23_89599a3948.webp,photo_exact,"Amelia, 2023",WINEMAFIA,Белое,"Соломенный, с зеленоватым оттенком",Кубань
ferrum-winery-apollinary-merlo-krasnoe-suhoe-13,ferrum_winery_apollinary_merlo_krasnoe_suhoe_13_335c7ed476,ferrum_winery_apollinary_merlo_krasnoe_suhoe_13_335c7ed476.webp,photo_exact,Apollinary,Ferrum Winery,Красное,Глубокий красно-рубиновый,Ставрополье
appassimento,Appassimento_cbbff6ab39,Appassimento_cbbff6ab39.webp,photo_exact,Appassimento,WINEMAFIA,Красное,Плотный рубиново-красный с фиолетовыми отблесками,Кубань
appassimento-merlot,AYA_Mokap_apassimento_437849eda9,AYA_Mokap_apassimento_437849eda9.webp,photo_exact,Appassimento merlot,AYA Organic Wine & Vineyards,Красное,Тёмно-рубиновый,Крым
ivan-ksenia-kruz-argonne-chardonay-shardone-beloe-suhoe-127,ivan_ksenia_kruz_argonne_chardonay_shardone_beloe_suhoe_127_d4a21f7bc6,ivan_ksenia_kruz_argonne_chardonay_shardone_beloe_suhoe_127_d4a21f7bc6.webp,photo_exact,Argonne Chardonay,Ivan & Ksenia Kruz,Белое,Золотисто-соломенный,Крым
ivan-ksenia-kruz-argonne-pinot-noir-pino-nuar-rozovoe-suhoe-122,ivan_ksenia_kruz_argonne_pinot_noir_pino_nuar_rozovoe_suhoe_122_956b877f5c,ivan_ksenia_kruz_argonne_pinot_noir_pino_nuar_rozovoe_suhoe_122_956b877f5c.webp,photo_exact,Argonne Pinot Noir,Ivan & Ksenia Kruz,Розовое,Розовый,Крым
ivan-ksenia-kruz-argonne-riesling-risling-beloe-suhoe-119,ivan_ksenia_kruz_argonne_riesling_risling_beloe_suhoe_119_7c2a4d6ca1,ivan_ksenia_kruz_argonne_riesling_risling_beloe_suhoe_119_7c2a4d6ca1.webp,photo_exact,Argonne Riesling,Ivan & Ksenia Kruz,Белое,Соломенно-золотистый,Крым
ivan-ksenia-kruz-argonne-sauvignon-blanc-sovinon-blan-beloe-suhoe-115,ivan_ksenia_kruz_argonne_sauvignon_blanc_sovinon_blan_beloe_suhoe_115_e25c7aa235,ivan_ksenia_kruz_argonne_sauvignon_blanc_sovinon_blan_beloe_suhoe_115_e25c7aa235.webp,photo_exact,Argonne Sauvignon Blanc,Ivan & Ksenia Kruz,Белое,Светло-соломенный,Крым
ivan-ksenia-kruz-argonne-syrah-sira-krasnoe-suhoe-124,ivan_ksenia_kruz_argonne_syrah_sira_krasnoe_suhoe_124_9d92c7e4ae,ivan_ksenia_kruz_argonne_syrah_sira_krasnoe_suhoe_124_9d92c7e4ae.webp,photo_exact,Argonne Syrah,Ivan & Ksenia Kruz,Красное,Глубокий рубиновый,Крым
arie,Arie_2020_WM_f96f943b9a,Arie_2020_WM_f96f943b9a.webp,photo_exact,Arie  (Выдержка сталь) 2020,WINEMAFIA,Красное,Светло-гранатовый,Кубань
arie-vyderzhka-bochka-francziya-2020,Arie_2020_KFB_742c588475,Arie_2020_KFB_742c588475.webp,photo_exact,"Arie (Выдержка бочка Франция), 2020",WINEMAFIA,Красное,Глубокий гранатово-фиолетовый,Кубань
arie-riserva,Arie_reserva_4e284defd7,Arie_reserva_4e284defd7.webp,photo_exact,Arie Riserva,WINEMAFIA,Красное,Глубокий гранатово-фиолетовый,Кубань
abrau-dyurso-az-abrau-bayanshira-beloe-suhoe-12,abrau_dyurso_az_abrau_bayanshira_beloe_suhoe_12_50e16ea5d5,abrau_dyurso_az_abrau_bayanshira_beloe_suhoe_12_50e16ea5d5.webp,photo_exact,Az Abrau Баяншира,Абрау-Дюрсо,Белое,Светло-соломенный,Кубань
ballet-blanc,balet_blan_7c53c7fcdb,balet_blan_7c53c7fcdb.webp,photo_exact,Ballet Blanc,Галицкий и Галицкий,Белое,Cветло-соломенный,Кубань
zolotaya-balka-black-prince-crimea-prestige-cuvee-extra-brut-limited-edition-shardone-beloe-ekstra-bryut-125,zolotaya_balka_black_prince_crimea_prestige_cuvee_extra_brut_limited_edition_shardone_beloe_ekstra_bryut_125_93ec57c2e6,zolotaya_balka_black_prince_crimea_prestige_cuvee_extra_brut_limited_edition_shardone_beloe_ekstra_bryut_125_93ec57c2e6.webp,photo_exact,Black Prince Crimea Prestige Cuvee Extra Brut Limited Edition,Золотая Балка,Белое,Светло-соломенный с золотистыми отблесками,Крым
fanagoriya-blanc-de-blancs-shardone-beloe-bryut-12,fanagoriya_blanc_de_blancs_shardone_igristoe_bryut_beloe_12_4071ae25d5,fanagoriya_blanc_de_blancs_shardone_igristoe_bryut_beloe_12_4071ae25d5.webp,photo_exact,Blanc de Blancs,Фанагория,Белое,Светло-соломенный цвет с яркими золотистыми отблесками.,Кубань
usadba-perovskih-blanc-de-blancs-shardone-beloe-ekstra-bryut-11,usadba_perovskih_blanc_de_blancs_shardone_igristoe_ekstra_bryut_beloe_11_f486d972d4,usadba_perovskih_blanc_de_blancs_shardone_igristoe_ekstra_bryut_beloe_11_f486d972d4.webp,photo_exact,Blanc de Blancs,Усадьба Перовских,Белое,Насыщенный соломенный,Крым
gunko-winery-blanc-de-blancs-shardone-beloe-bryut-12,gunko_winery_blanc_de_blancs_shardone_igristoe_bryut_beloe_12_ed1875c4fa,gunko_winery_blanc_de_blancs_shardone_igristoe_bryut_beloe_12_ed1875c4fa.webp,photo_exact,Blanc de Blancs,Gunko Winery,Белое,Нежно-золотистый,Кубань
vinodelnya-myshako-blanc-de-blancs-shardone-beloe-bryut-121,vinodelnya_myshako_blanc_de_blancs_shardone_igristoe_bryut_beloe_121_d4edffbd87,vinodelnya_myshako_blanc_de_blancs_shardone_igristoe_bryut_beloe_121_d4edffbd87.webp,photo_exact,Blanc de Blancs,Мысхако,Белое,Соломенный,Кубань
usadba-divnomorskoe-blanc-de-blancs-shardone-beloe-ekstra-bryut-12,usadba_divnomorskoe_blanc_de_blancs_shardone_igristoe_ekstra_bryut_beloe_12_c91b1a3468,usadba_divnomorskoe_blanc_de_blancs_shardone_igristoe_ekstra_bryut_beloe_12_c91b1a3468.webp,photo_exact,Blanc de Blancs,Усадьба Дивноморское,Белое,Светло-соломенный цвет с легкими лимонными отблесками.,Кубань
blanc-de-blancs-idolo,114294_1_Photoroom_da9352acff,114294_1_Photoroom_da9352acff.webp,photo_exact,Blanc de Blancs Idolo  ,Olymp Winery,Белое,Светло-соломенный,Крым
loco-cimbali-blanc-de-neige-shardone-beloe-suhoe-131,loco_cimbali_blanc_de_neige_shardone_beloe_suhoe_131_3d85be0763,loco_cimbali_blanc_de_neige_shardone_beloe_suhoe_131_3d85be0763.webp,photo_exact,Blanc de Neige,Loco Cimbali,Белое,Светло-золотистый,Крым
zolotaya-balka-blanc-de-neige-shardone-beloe-suhoe-125,zolotaya_balka_blanc_de_neige_shardone_beloe_suhoe_125_33030faa53,zolotaya_balka_blanc_de_neige_shardone_beloe_suhoe_125_33030faa53.webp,photo_exact,Blanc De Neige,Золотая Балка,Белое,Светло-соломенный,Крым
fanagoriya-blanc-de-noir-mene-extra-brut-2019-pino-nuar-beloe-ekstra-bryut-12,fanagoriya_blanc_de_noir_mene_extra_brut_2019_pino_nuar_beloe_ekstra_bryut_12_cf7fa4159c,fanagoriya_blanc_de_noir_mene_extra_brut_2019_pino_nuar_beloe_ekstra_bryut_12_cf7fa4159c.webp,photo_exact,Blanc de Noir Mene Extra Brut 2019,Фанагория,Белое,Светло-золотой,Кубань
esse-blanc-de-noirs-pino-nuar-beloe-ekstra-bryut-115,esse_blanc_de_noirs_pino_nuar_igristoe_ekstra_bryut_beloe_115_c951557140,esse_blanc_de_noirs_pino_nuar_igristoe_ekstra_bryut_beloe_115_c951557140.webp,photo_exact,Blanc De Noirs,ESSE,Белое,Золотисто-соломенный,Крым
fanagoriya-blanc-de-noirs-mene-pino-mene-beloe-ekstra-bryut-12,fanagoriya_blanc_de_noirs_mene_pino_mene_igristoe_ekstra_bryut_beloe_12_6cd37dc5ac,fanagoriya_blanc_de_noirs_mene_pino_mene_igristoe_ekstra_bryut_beloe_12_6cd37dc5ac.webp,photo_exact,Blanc de Noirs Менье,Фанагория,Белое,Бледный платиновый цвет с оттенками розового золота.,Кубань
domaine-lipko-blaufrankisch-domaine-lipko-blaufrankish-krasnoe-suhoe-136,domaine_lipko_blaufrankisch_domaine_lipko_blaufrankish_krasnoe_suhoe_136_440af9a034,domaine_lipko_blaufrankisch_domaine_lipko_blaufrankish_krasnoe_suhoe_136_440af9a034.webp,photo_exact,Blaufrankisch Domaine Lipko,Domaine Lipko,Красное,Насыщенный брусничный,Крым
aya-organic-wine-vineyards-blush-1-sira-rozovoe-ekstra-bryut-135,aya_organic_wine_vineyards_blush_1_sira_petnat_ekstra_bryut_rozovyy_135_33ab300ffe,aya_organic_wine_vineyards_blush_1_sira_petnat_ekstra_bryut_rozovyy_135_33ab300ffe.webp,photo_exact,Blush #1,AYA Organic Wine & Vineyards,Розовое,Ярко-розовый,Крым
aya-organic-wine-vineyards-blush-2-merlo-rozovoe-ekstra-bryut-135,aya_organic_wine_vineyards_blush_2_merlo_petnat_ekstra_bryut_rozovyy_135_ed87f553c8,aya_organic_wine_vineyards_blush_2_merlo_petnat_ekstra_bryut_rozovyy_135_ed87f553c8.webp,photo_exact,Blush #2,AYA Organic Wine & Vineyards,Розовое,Нежно-персиковый,Крым
aya-organic-wine-vineyards-blush-3-kaberne-fran-rozovoe-ekstra-bryut-132,aya_organic_wine_vineyards_blush_3_kaberne_fran_petnat_ekstra_bryut_rozovyy_132_a094099a22,aya_organic_wine_vineyards_blush_3_kaberne_fran_petnat_ekstra_bryut_rozovyy_132_a094099a22.webp,photo_exact,Blush #3,AYA Organic Wine & Vineyards,Розовое,Яркий розовый с вишневыми отблесками,Крым
aya-organic-wine-vineyards-blush-4-pino-nuar-krasnoe-ekstra-bryut-129,aya_organic_wine_vineyards_blush_4_pino_nuar_petnat_ekstra_bryut_krasnyy_129_26041a124c,aya_organic_wine_vineyards_blush_4_pino_nuar_petnat_ekstra_bryut_krasnyy_129_26041a124c.webp,photo_exact,Blush #4,AYA Organic Wine & Vineyards,Красное,Насыщенный рубиново-вишневый,Крым
fanagoriya-brule-cabernet-franc-polusuhoe-rozovoe-kaberne-fran-12,fanagoriya_brule_cabernet_franc_polusuhoe_rozovoe_kaberne_fran_12_08e20da65a,fanagoriya_brule_cabernet_franc_polusuhoe_rozovoe_kaberne_fran_12_08e20da65a.webp,photo_exact,Brule Cabernet Franc Полусухое Розовое,Фанагория,Розовое,Нежно-розовый,Кубань
fanagoriya-brule-cabernet-sauvignon-polusladkoe-krasnoe-kaberne-sovinon-125,fanagoriya_brule_cabernet_sauvignon_polusladkoe_krasnoe_kaberne_sovinon_125_da8519f333,fanagoriya_brule_cabernet_sauvignon_polusladkoe_krasnoe_kaberne_sovinon_125_da8519f333.webp,photo_exact,Brule Cabernet Sauvignon Полусладкое Красное,Фанагория,Красное,Рубиновый,Кубань
fanagoriya-brule-cuve-brut-rozovoe-merlo-igristoe-bryut-rozovoe-12,fanagoriya_brule_cuve_brut_rozovoe_merlo_igristoe_bryut_rozovoe_12_af9727f341,fanagoriya_brule_cuve_brut_rozovoe_merlo_igristoe_bryut_rozovoe_12_af9727f341.webp,photo_exact,Brule Cuvée Brut Розовое,Фанагория,Розовое,Розовый,Кубань
fanagoriya-brule-frizzante-brut-beloe-pino-nuar-bryut-115,fanagoriya_brule_frizzante_brut_beloe_pino_nuar_bryut_115_b4234dae19,fanagoriya_brule_frizzante_brut_beloe_pino_nuar_bryut_115_b4234dae19.webp,photo_exact,Brule Frizzante Brut Белое,Фанагория,Белое,Светло-соломенный,Кубань
fanagoriya-brule-frizzante-brut-rozovoe-merlo-igristoe-bryut-rozovoe-115,fanagoriya_brule_frizzante_brut_rozovoe_merlo_igristoe_bryut_rozovoe_115_84079e9350,fanagoriya_brule_frizzante_brut_rozovoe_merlo_igristoe_bryut_rozovoe_115_84079e9350.webp,photo_exact,Brule Frizzante Brut Розовое,Фанагория,Розовое,Розовый,Кубань
fanagoriya-brule-frizzante-polusladkoe-beloe-pino-nuar-11,fanagoriya_brule_frizzante_polusladkoe_beloe_pino_nuar_11_ddb87e2e2b,fanagoriya_brule_frizzante_polusladkoe_beloe_pino_nuar_11_ddb87e2e2b.webp,photo_exact,Brule Frizzante Полусладкое Белое,Фанагория,Белое,Соломенно-жёлтый,Кубань
fanagoriya-brule-muscat-ottonel-brut-muskat-ottonel-beloe-polusladkoe-12,fanagoriya_brule_muscat_ottonel_brut_muskat_ottonel_beloe_polusladkoe_12_cdfd9c20be,fanagoriya_brule_muscat_ottonel_brut_muskat_ottonel_beloe_polusladkoe_12_cdfd9c20be.webp,photo_exact,Brule Muscat Ottonel Brut,Фанагория,Белое,Светло-золотистый,Кубань
fanagoriya-brule-muscat-ottonel-polusladkoe-muskat-ottonel-beloe-115,fanagoriya_brule_muscat_ottonel_polusladkoe_muskat_ottonel_beloe_115_833e252321,fanagoriya_brule_muscat_ottonel_polusladkoe_muskat_ottonel_beloe_115_833e252321.webp,photo_exact,Brule Muscat Ottonel Полусладкое,Фанагория,Белое,Светло-золотистый,Кубань
fanagoriya-brule-saperavi-saperavi-igristoe-sladkoe-krasnoe-bryut-125,fanagoriya_brule_saperavi_saperavi_igristoe_sladkoe_krasnoe_bryut_125_433b942aaa,fanagoriya_brule_saperavi_saperavi_igristoe_sladkoe_krasnoe_bryut_125_433b942aaa.webp,photo_exact,Brule Saperavi,Фанагория,Красное,Тёмно-рубиновый,Кубань
fanagoriya-brule-sauvignon-blanc-brut-sovinon-blan-beloe-bryut-12,fanagoriya_brule_sauvignon_blanc_brut_sovinon_blan_beloe_bryut_12_27b65a0309,fanagoriya_brule_sauvignon_blanc_brut_sovinon_blan_beloe_bryut_12_27b65a0309.webp,photo_exact,Brule Sauvignon Blanc Brut,Фанагория,Белое,Соломенно-жёлтый,Кубань
esse-brut-cuvee-prestige-shardone-beloe-ekstra-bryut-115,esse_brut_cuvee_prestige_shardone_igristoe_ekstra_bryut_beloe_115_8e21ee1279,esse_brut_cuvee_prestige_shardone_igristoe_ekstra_bryut_beloe_115_8e21ee1279.webp,photo_exact,Brut Cuvee Prestige,ESSE,Белое,Светло-соломенный,Крым
abrau-dyurso-brut-dor-blanc-de-blancs-shardone-beloe-bryut-12,abrau_dyurso_brut_dor_blanc_de_blancs_shardone_igristoe_bryut_beloe_12_792f571be3,abrau_dyurso_brut_dor_blanc_de_blancs_shardone_igristoe_bryut_beloe_12_792f571be3.webp,photo_exact,Brut d'Or Blanc de Blancs,Абрау-Дюрсо,Белое,Яркий и насыщенный соломенный цвет с сияющими золотыми бликами.,Кубань
abrau-dyurso-brut-dor-blanc-de-noirs-pino-nuar-beloe-bryut-115,abrau_dyurso_brut_dor_blanc_de_noirs_pino_nuar_igristoe_bryut_beloe_115_d3fbb6965d,abrau_dyurso_brut_dor_blanc_de_noirs_pino_nuar_igristoe_bryut_beloe_115_d3fbb6965d.webp,photo_exact,Brut d'Or Blanc de Noirs,Абрау-Дюрсо,Белое,Желто-золотистый цвет и яркая искристость.,Кубань
abrau-dyurso-brut-dor-blanc-de-noirs-pino-nuar-beloe-bryut-125,abrau_dyurso_brut_dor_blanc_de_noirs_pino_nuar_beloe_bryut_125_2d16522a48,abrau_dyurso_brut_dor_blanc_de_noirs_pino_nuar_beloe_bryut_125_2d16522a48.webp,photo_exact,Brut d'Or Blanc de Noirs,Абрау-Дюрсо,Белое,Нежно-золотистый,Кубань
abrau-dyurso-brut-dor-rose-pino-nuar-rozovoe-bryut-12,abrau_dyurso_brut_dor_rose_pino_nuar_rozovoe_bryut_12_8b5bd155e6,abrau_dyurso_brut_dor_rose_pino_nuar_rozovoe_bryut_12_8b5bd155e6.webp,photo_exact,Brut d'Or Rose,Абрау-Дюрсо,Розовое,Нежно-розовый,Кубань
abrau-dyurso-brut-dor-blanc-de-blancs-shardone-beloe-bryut-125,abrau_dyurso_brut_dor_blanc_de_blancs_shardone_beloe_bryut_125_cf97076f41,abrau_dyurso_brut_dor_blanc_de_blancs_shardone_beloe_bryut_125_cf97076f41.webp,photo_exact,Brut d'Or. Blanc de Blancs,Абрау-Дюрсо,Белое,Золотисто-соломенный,Кубань
abrau-dyurso-brut-dor-riesling-risling-beloe-bryut-12,abrau_dyurso_brut_dor_riesling_risling_beloe_bryut_12_45b9c81ea5,abrau_dyurso_brut_dor_riesling_risling_beloe_bryut_12_45b9c81ea5.webp,photo_exact,Brut d'Or. Riesling,Абрау-Дюрсо,Белое,Светло-соломенный,Кубань
esse-brut-zero-dosage-shardone-beloe-ekstra-bryut-135,esse_brut_zero_dosage_shardone_igristoe_ekstra_bryut_beloe_135_b40ec10218,esse_brut_zero_dosage_shardone_igristoe_ekstra_bryut_beloe_135_b40ec10218.webp,photo_exact,Brut Zero Dosage,ESSE,Белое,Светло-соломенный цвет с золотистыми отблесками.,Крым
esse-brut-zero-dosage-shardone-beloe-ekstra-bryut-12,esse_brut_zero_dosage_shardone_igristoe_ekstra_bryut_beloe_12_23c5b934ee,esse_brut_zero_dosage_shardone_igristoe_ekstra_bryut_beloe_12_23c5b934ee.webp,photo_exact,Brut Zero Dosage,ESSE,Белое,Светло-соломенный,Крым
vibes-cabernet-franc-pinot-noir-pino-nuar-krasnoe-suhoe-125,vibes_cabernet_franc_pinot_noir_pino_nuar_krasnoe_suhoe_125_b1f64fe49e,vibes_cabernet_franc_pinot_noir_pino_nuar_krasnoe_suhoe_125_b1f64fe49e.webp,photo_exact,Cabernet Franc – Pinot Noir,Vibes,Красное,Темно-рубиновый,Крым
cabernet-franc-2024-one-barrel-by-dmitry-maslov-kaberne-fran-2024-uan-barrel-dmitrij-maslov,Kaberne_Fran_Uan_Barrel_2024_bec49ebb0d,Kaberne_Fran_Uan_Barrel_2024_bec49ebb0d.webp,photo_exact,Cabernet Franc 2024 One Barrel by Dmitry Maslov (Каберне фран 2024 Уан Баррел Дмитрий Маслов),One Barrel (Уан Баррел),Красное,Насыщенный гранатовый,Крым
belmas-winery-cabernet-franc-belmas-kaberne-fran-krasnoe-suhoe-14,belmas_winery_cabernet_franc_belmas_kaberne_fran_krasnoe_suhoe_14_ce15b611a1,belmas_winery_cabernet_franc_belmas_kaberne_fran_krasnoe_suhoe_14_ce15b611a1.webp,photo_exact,Cabernet Franc Belmas,Belmas Winery,Красное,Насыщенный красный,Крым
chteau-le-grand-vostock-cabernet-franc-reserve-kaberne-fran-krasnoe-suhoe-14,chteau_le_grand_vostock_cabernet_franc_reserve_kaberne_fran_krasnoe_suhoe_14_dc58d3d0de,chteau_le_grand_vostock_cabernet_franc_reserve_kaberne_fran_krasnoe_suhoe_14_dc58d3d0de.webp,photo_exact,Cabernet Franc Reserve,Château Le Grand Vostock,Красное,Рубиновый,Кубань
cabernet-franc-pinot-noir-2021,bottle_02_Cabernet_Franc_ec42fb71c4,bottle_02_Cabernet_Franc_ec42fb71c4.webp,photo_exact,Cabernet Franc-Pinot Noir 2021,Vibes,Красное,светло-рубиновый,Крым
cabernet-franc-pinot-noir-2022,bottle_02_Cabernet_Franc_ec42fb71c4,bottle_02_Cabernet_Franc_ec42fb71c4.webp,photo_exact,Cabernet Franc-Pinot Noir 2022,Vibes,Красное,Насыщенно-рубиновый,Дальневосточная зона
chteau-le-grand-vostock-cabernet-sauvignon-kaberne-sovinon-krasnoe-suhoe-14,chteau_le_grand_vostock_cabernet_sauvignon_kaberne_sovinon_krasnoe_suhoe_14_1006ebb20a,chteau_le_grand_vostock_cabernet_sauvignon_kaberne_sovinon_krasnoe_suhoe_14_1006ebb20a.webp,photo_exact,Cabernet Sauvignon,Château Le Grand Vostock,Красное,Рубиновый,Кубань
chteau-le-grand-vostock-cabernet-sauvignon-reserve-kaberne-sovinon-krasnoe-suhoe-14,chteau_le_grand_vostock_cabernet_sauvignon_reserve_kaberne_sovinon_krasnoe_suhoe_14_f13c051af7,chteau_le_grand_vostock_cabernet_sauvignon_reserve_kaberne_sovinon_krasnoe_suhoe_14_f13c051af7.webp,photo_exact,Cabernet Sauvignon Reserve,Château Le Grand Vostock,Красное,Рубиновый,Кубань
belmas-winery-cabernet-sauvignon-rose-belmas-kaberne-sovinon-rozovoe-suhoe-13,belmas_winery_cabernet_sauvignon_rose_belmas_kaberne_sovinon_rozovoe_suhoe_13_d837f5aa21,belmas_winery_cabernet_sauvignon_rose_belmas_kaberne_sovinon_rozovoe_suhoe_13_d837f5aa21.webp,photo_exact,Cabernet Sauvignon Rose Belmas,Belmas Winery,Розовое,Светло-розовый,Крым
chteau-le-grand-vostock-cadet-karsov-shardone-beloe-suhoe-135,chteau_le_grand_vostock_cadet_karsov_shardone_beloe_suhoe_135_e1a7aa1ea3,chteau_le_grand_vostock_cadet_karsov_shardone_beloe_suhoe_135_e1a7aa1ea3.webp,photo_exact,Cadet Karsov,Château Le Grand Vostock,Белое,Золотистый,Кубань
cantiani-brut,CANTIANI_Igrist_Brut_vid5_042026_kopiya_1b13527c60,CANTIANI_Igrist_Brut_vid5_042026_kopiya_1b13527c60.webp,photo_exact,Cantiani Brut,Шато АЛВИСА,Белое,Светло-соломенный,Дагестан
cantiani-cabernet-sauvignon-merlot,Risunok11_a641f8d3e0,Risunok11_a641f8d3e0.webp,photo_exact,Cantiani Cabernet Sauvignon Merlot,Шато АЛВИСА,Красное,Насыщенный рубиновый,Дагестан
cantiani-cabernet-sauvignon-reserve-2024,Cantiani_Reserve_1_e1bd881754,Cantiani_Reserve_1_e1bd881754.webp,photo_exact,"Cantiani Cabernet Sauvignon Reserve, 2024",Шато АЛВИСА,Красное,Насыщенно-рубиновый,Дагестан
cantiani-chardonnay,CANTIANI_Igristoe_Chardon_444h1200px_fa4fe5363b,CANTIANI_Igristoe_Chardon_444h1200px_fa4fe5363b.webp,photo_exact,Cantiani Chardonnay,Шато АЛВИСА,Белое,Светло-соломенный,Дагестан
cantiani-merlot,Cantiani_Merlot_vid_042024_189cdd1f9c,Cantiani_Merlot_vid_042024_189cdd1f9c.webp,prefix,Cantiani Merlot,Шато АЛВИСА,Красное,Вишнево-рубиновый,Дагестан
cantiani-riesling,Cantiani_Riesl_New_vid_042025_kopiya_fotor_bg_remover_20260821201017_c6605edd27,Cantiani_Riesl_New_vid_042025_kopiya_fotor_bg_remover_20260821201017_c6605edd27.webp,prefix,Cantiani Riesling,Шато АЛВИСА,Белое,Светло-лимонный,Дагестан
cantiani-riesling-1,CANTIANI_Igristoe_Riesl_vid_032025_kopiya_8150a5e627,CANTIANI_Igristoe_Riesl_vid_032025_kopiya_8150a5e627.webp,photo_exact,Cantiani Riesling,Шато АЛВИСА,Белое,Светло-соломенный,Дагестан
cantiani-rkatsiteli,Cantiani_Rkats_New_vid_042025_kopiya_fotor_bg_remover_20260821203120_9079733698,Cantiani_Rkats_New_vid_042025_kopiya_fotor_bg_remover_20260821203120_9079733698.webp,prefix,Cantiani Rkatsiteli,Шато АЛВИСА,Белое,Светло-соломенный,Дагестан
cantiani-rkatsiteli-1,CANTIANI_Igristoe_Rkats_vid_032025_kopiya_29e44021af,CANTIANI_Igristoe_Rkats_vid_032025_kopiya_29e44021af.webp,photo_exact,Cantiani Rkatsiteli,Шато АЛВИСА,Белое,Светло-соломенный,Дагестан
cantiani-saperavi-merlot,Image_ad611828e7,Image_ad611828e7.webp,photo_exact,Cantiani Saperavi Merlot,Шато АЛВИСА,Красное,Бордово-красный,Дагестан
cantiani-semisweet,CANTIANI_Igristoe_white_semi_444h1200px_2d2892b235,CANTIANI_Igristoe_white_semi_444h1200px_2d2892b235.webp,photo_exact,Cantiani Semisweet,Шато АЛВИСА,Белое,Светло-соломенный,Дагестан
caucasian-dzharag,Caucasian_Dzharag_300681b16f,Caucasian_Dzharag_300681b16f.webp,photo_exact,Caucasian Джарагъ ,Дербент Вино,Белое,Светло-соломенный,Дагестан
belmas-winery-cf-kaberne-fran-krasnoe-suhoe-14,belmas_winery_cf_kaberne_fran_krasnoe_suhoe_14_b3b0ea3baf,belmas_winery_cf_kaberne_fran_krasnoe_suhoe_14_b3b0ea3baf.webp,photo_exact,Cf,Belmas Winery,Красное,Рубиново-красный,Крым
chteau-le-grand-vostock-chardonnay-shardone-beloe-suhoe-14,chteau_le_grand_vostock_chardonnay_shardone_beloe_suhoe_14_42eb2dde28,chteau_le_grand_vostock_chardonnay_shardone_beloe_suhoe_14_42eb2dde28.webp,photo_exact,Chardonnay,Château Le Grand Vostock,Белое,Золотистый,Кубань
gavras-chardonnay-shardone-beloe-suhoe-13,gavras_chardonnay_shardone_beloe_suhoe_13_c69d79ea2c,gavras_chardonnay_shardone_beloe_suhoe_13_c69d79ea2c.webp,photo_exact,Chardonnay,GAVRAS,Белое,Золотисто-соломенный,Крым
one-barrel-uan-barrel,Shardone_uan_barrel_2024_e4ec3db7cd,Shardone_uan_barrel_2024_e4ec3db7cd.webp,photo_exact,Chardonnay 2024 One Barrel by Dmitry Maslov ,One Barrel (Уан Баррел),Белое,Светло-соломенный,Крым
vibes-chardonnay-barrel-fermented-shardone-beloe-suhoe-125,vibes_chardonnay_barrel_fermented_shardone_beloe_suhoe_125_8a3b995072,vibes_chardonnay_barrel_fermented_shardone_beloe_suhoe_125_8a3b995072.webp,photo_exact,Chardonnay Barrel Fermented,Vibes,Белое,Золотистый,Крым
chteau-le-grand-vostock-chardonnay-reserve-shardone-beloe-suhoe-14,chteau_le_grand_vostock_chardonnay_reserve_shardone_beloe_suhoe_14_ba03055c10,chteau_le_grand_vostock_chardonnay_reserve_shardone_beloe_suhoe_14_ba03055c10.webp,photo_exact,Chardonnay Reserve,Château Le Grand Vostock,Белое,Золотистый,Кубань
stn-winery-chardonnay-vol2-shardone-beloe-suhoe-105,stn_winery_chardonnay_vol2_shardone_beloe_suhoe_105_67d76e98d6,stn_winery_chardonnay_vol2_shardone_beloe_suhoe_105_67d76e98d6.webp,photo_exact,Chardonnay vol.2,STN Winery,Белое,Соломенно-золотистый,Крым
chateau-de-talu-merlot,shato_de_Talyu_Merlo_1d1734eb89,shato_de_Talyu_Merlo_1d1734eb89.webp,photo_exact,Chateau de Talu Merlot ,Chateau de Talu,Красное,Рубиново-красный,Кубань
chateau-tamagne-eno-amber,Shato_Taman_Eno_Amber_e41353a6c1,Shato_Taman_Eno_Amber_e41353a6c1.webp,photo_exact,Chateau Tamagne Eno Amber ,Кубань-Вино,Белое,Золотистый,Кубань
chateau-tamagne-eno-traminer-i-shardone,Chateau_Tamagne_Eno_Traminer_i_Shardone_bbb5a80c54,Chateau_Tamagne_Eno_Traminer_i_Shardone_bbb5a80c54.webp,photo_exact,Chateau Tamagne Eno Траминер и Шардоне,Кубань-Вино,Белое,Светло-соломенный,Кубань
chateau-tamagne-grand-dessert-muscat,Shato_Taman_rezerv_muskat_desertnyj_vyderzhannyj_fcef49a1a7,Shato_Taman_rezerv_muskat_desertnyj_vyderzhannyj_fcef49a1a7.webp,photo_exact,Chateau Tamagne Grand Dessert Muscat,Кубань-Вино,Белое,Золотистый,Кубань
chateau-tamagne-grand-dessert-nectar,Shato_Taman_rezerv_nektar_desertnyj_vyderzhannyj_36d8cd6fae,Shato_Taman_rezerv_nektar_desertnyj_vyderzhannyj_36d8cd6fae.webp,photo_exact,Chateau Tamagne Grand Dessert Nectar,Кубань-Вино,Красное,Рубиновый,Кубань
chateau-tamagne-select-blanc,photo_2026_08_17_17_13_05_no_bg_preview_carve_photos_68c4ef07cb,photo_2026_08_17_17_13_05_no_bg_preview_carve_photos_68c4ef07cb.webp,photo_exact,"Chateau Tamagne Select Blanc 0,2 СВОЁ ВИНО",Кубань-Вино,Белое,Соломенный,Кубань
chateau-tamagne-select-blanc-brut,taman_shato_bez_fona_d2c12c80a3,taman_shato_bez_fona_d2c12c80a3.webp,photo_exact,Chateau Tamagne Select Blanc Brut,Кубань-Вино,Белое,Светло-соломенный ,Кубань
esse-chenin-blanc-shenen-blan-beloe-suhoe-12,esse_chenin_blanc_shenen_blan_beloe_suhoe_12_d814751e86,esse_chenin_blanc_shenen_blan_beloe_suhoe_12_d814751e86.webp,photo_exact,Chenin Blanc,ESSE,Белое,Светло-соломенный,Крым
chenin-blanc-shenen-blan-oleg-repin,oleg_repin_shenen_blan_beloe_suhoe_125_668dadcd2b,oleg_repin_shenen_blan_beloe_suhoe_125_668dadcd2b.webp,photo_exact,Chenin Blanc (Шенен Блан. Олег Репин),Oleg Repin,Белое,Бледно-соломенный цвет с красивым блеском.,Крым
vinodelnya-batrak-contadina-merlo-krasnoe-suhoe-14,vinodelnya_batrak_contadina_merlo_krasnoe_suhoe_14_d8d327a6e9,vinodelnya_batrak_contadina_merlo_krasnoe_suhoe_14_d8d327a6e9.webp,photo_exact,Contadina,Винодельня Батрак,Красное,Красновато-багряный,Ставрополье
cosaque-krasnaya-gorka,kazak_de68fa252f,kazak_de68fa252f.webp,photo_exact,Cosaque,Галицкий и Галицкий,Красное,Рубиновый,Кубань
fanagoriya-cru-lermont-cabernet-franc-kaberne-fran-krasnoe-suhoe-13,fanagoriya_cru_lermont_cabernet_franc_kaberne_fran_krasnoe_suhoe_13_ef61ceeb84,fanagoriya_cru_lermont_cabernet_franc_kaberne_fran_krasnoe_suhoe_13_ef61ceeb84.webp,photo_exact,Cru Lermont Cabernet Franc,Фанагория,Красное,Рубиновый,Кубань
fanagoriya-cru-lermont-cabernet-sauvignon-kaberne-sovinon-krasnoe-suhoe-13,fanagoriya_cru_lermont_cabernet_sauvignon_kaberne_sovinon_krasnoe_suhoe_13_a5a169ea47,fanagoriya_cru_lermont_cabernet_sauvignon_kaberne_sovinon_krasnoe_suhoe_13_a5a169ea47.webp,photo_exact,Cru Lermont Cabernet Sauvignon,Фанагория,Красное,Рубиновый,Кубань
fanagoriya-cru-lermont-chardonnay-shardone-beloe-suhoe-14,fanagoriya_cru_lermont_chardonnay_shardone_beloe_suhoe_14_435c653682,fanagoriya_cru_lermont_chardonnay_shardone_beloe_suhoe_14_435c653682.webp,photo_exact,Cru Lermont Chardonnay,Фанагория,Белое,Соломенно‑золотистый,Кубань
fanagoriya-cru-lermont-merlo-merlo-krasnoe-suhoe-14,fanagoriya_cru_lermont_merlo_merlo_krasnoe_suhoe_14_15ccd6560f,fanagoriya_cru_lermont_merlo_merlo_krasnoe_suhoe_14_15ccd6560f.webp,photo_exact,Cru Lermont Merlo,Фанагория,Красное,Тёмно‑гранатовый,Кубань
fanagoriya-cru-lermont-petit-verdot-pti-verdo-krasnoe-suhoe-13,fanagoriya_cru_lermont_petit_verdot_pti_verdo_krasnoe_suhoe_13_83618460e6,fanagoriya_cru_lermont_petit_verdot_pti_verdo_krasnoe_suhoe_13_83618460e6.webp,photo_exact,Cru Lermont Petit Verdot,Фанагория,Красное,Рубиновый,Кубань
fanagoriya-cru-lermont-pinot-noir-pino-nuar-krasnoe-suhoe-13,fanagoriya_cru_lermont_pinot_noir_pino_nuar_krasnoe_suhoe_13_b8a0b0efab,fanagoriya_cru_lermont_pinot_noir_pino_nuar_krasnoe_suhoe_13_b8a0b0efab.webp,photo_exact,Cru Lermont Pinot Noir,Фанагория,Красное,Гранатовый с терракотовым оттенком,Кубань
fanagoriya-cru-lermont-saperavi-saperavi-krasnoe-suhoe-135,fanagoriya_cru_lermont_saperavi_saperavi_krasnoe_suhoe_135_d3b22976a5,fanagoriya_cru_lermont_saperavi_saperavi_krasnoe_suhoe_135_d3b22976a5.webp,photo_exact,Cru Lermont Saperavi,Фанагория,Красное,Рубиновый,Кубань
fanagoriya-cru-lermont-rubinovyy-magaracha-krasnoe-suhoe-13,fanagoriya_cru_lermont_rubinovyy_magaracha_krasnoe_suhoe_13_7011e81450,fanagoriya_cru_lermont_rubinovyy_magaracha_krasnoe_suhoe_13_7011e81450.webp,photo_exact,Cru Lermont Рубиновый Магарача,Фанагория,Красное,Тёмно‑рубиновый,Кубань
cuvee-de-vitmer-brut,Vitmer_belyj_bryut_1_840eb810c0,Vitmer_belyj_bryut_1_840eb810c0.webp,photo_exact,Cuvee de Vitmer Brut,Золотая Балка,Белое,Светло-золотистый,Крым
zolotaya-balka-cuvee-de-vitmer-rose-pino-blan-rozovoe-bryut-12,zolotaya_balka_cuvee_de_vitmer_rose_pino_blan_igristoe_bryut_rozovoe_12_5b002e17b2,zolotaya_balka_cuvee_de_vitmer_rose_pino_blan_igristoe_bryut_rozovoe_12_5b002e17b2.webp,photo_exact,Cuvee de Vitmer rose,Золотая Балка,Розовое,Нежный золотисто-розовый цвет с красивыми бликами.,Крым
chteau-le-grand-vostock-cuvee-karsov-reserve-shardone-beloe-suhoe-14,chteau_le_grand_vostock_cuvee_karsov_reserve_shardone_beloe_suhoe_14_d5479420dd,chteau_le_grand_vostock_cuvee_karsov_reserve_shardone_beloe_suhoe_14_d5479420dd.webp,photo_exact,Cuvee Karsov Reserve,Château Le Grand Vostock,Белое,Золотистый,Кубань
agora-winery-cuvee-pino-gridzhio-shardone-bryut-beloe-125,agora_winery_cuvee_pino_gridzhio_shardone_bryut_beloe_igristoe_bryut_beloe_125_16b20c89df,agora_winery_cuvee_pino_gridzhio_shardone_bryut_beloe_igristoe_bryut_beloe_125_16b20c89df.webp,photo_exact,"CUVEE Пино Гриджио Шардоне, брют, белое",AGORA WINERY,Белое,Светло-соломенный,Крым
agora-winery-cuvee-pino-nuar-shardone-bryut-rozovoe-125,agora_winery_cuvee_pino_nuar_shardone_bryut_rozovoe_igristoe_bryut_rozovoe_125_c2b30c8f55,agora_winery_cuvee_pino_nuar_shardone_bryut_rozovoe_igristoe_bryut_rozovoe_125_c2b30c8f55.webp,photo_exact,"CUVEE Пино нуар, Шардоне, брют, розовое",AGORA WINERY,Розовое,Нежно-розовый,Крым
stn-winery-cyberpunk-pino-nuar-krasnoe-suhoe-12,stn_winery_cyberpunk_pino_nuar_krasnoe_suhoe_12_97a68d8880,stn_winery_cyberpunk_pino_nuar_krasnoe_suhoe_12_97a68d8880.webp,photo_exact,Cyberpunk,STN Winery,Красное,Насыщенно-красный,Крым
daniel-2021,daniel_21_5adfb4086e,daniel_21_5adfb4086e.webp,photo_exact,"Daniel, 2021",WINEMAFIA,Красное,Глубокий рубиновый с гранатовыми бликами,Кубань
daniel-22,Daniel_2022_Koffmann_5bba62cc20,Daniel_2022_Koffmann_5bba62cc20.webp,photo_exact,"Daniel, 2022",WINEMAFIA,Красное,Глубокий рубиновый с гранатовыми бликами,Кубань
david,David_2020_71f53fa374,David_2020_71f53fa374.webp,photo_exact,"David, 2020",WINEMAFIA,Красное,"Темно-рубиновый, с фиолетовыми бликами",Кубань
david-2021,David_2021_65162f7033,David_2021_65162f7033.webp,photo_exact,"David, 2021",WINEMAFIA,Красное,Глубокий рубиновый,Кубань
david-2022,David_22_b6377f7280,David_22_b6377f7280.webp,photo_exact,"David, 2022",WINEMAFIA,Красное,Глубокий рубиновый,Кубань
esse-demi-sec-muscat-nectar-muskat-belyy-beloe-ekstra-bryut-115,esse_demi_sec_muscat_nectar_muskat_belyy_igristoe_ekstra_bryut_beloe_115_dd78fd153c,esse_demi_sec_muscat_nectar_muskat_belyy_igristoe_ekstra_bryut_beloe_115_dd78fd153c.webp,photo_exact,Demi-Sec Muscat Nectar,ESSE,Белое,Золотистый,Крым
esse-dolinnoe-cabernet-franc-kaberne-fran-krasnoe-suhoe-13,esse_dolinnoe_cabernet_franc_kaberne_fran_krasnoe_suhoe_13_0390d0284a,esse_dolinnoe_cabernet_franc_kaberne_fran_krasnoe_suhoe_13_0390d0284a.webp,photo_exact,Dolinnoe Cabernet Franc,ESSE,Красное,Вишнево-рубиновый,Крым
esse-dolinnoe-chrdvnr-shardone-beloe-suhoe-13,esse_dolinnoe_chrdvnr_shardone_beloe_suhoe_13_f8c0b600ad,esse_dolinnoe_chrdvnr_shardone_beloe_suhoe_13_f8c0b600ad.webp,photo_exact,Dolinnoe CHRD+VNR,ESSE,Белое,Светло-соломенный,Крым
dry-red-wine-56-rubinovyj-magaracha-oleg-repin,oleg_repin_rubinovyy_magaracha_krasnoe_suhoe_14_546920a1a5,oleg_repin_rubinovyy_magaracha_krasnoe_suhoe_14_546920a1a5.webp,photo_exact,Dry Red Wine #56 (Рубиновый Магарача. Олег Репин),Oleg Repin,Красное,Насыщенный гранатовый,Крым
oleg-repin-duvankoy-aligote-aligote-beloe-suhoe-13,oleg_repin_duvankoy_aligote_aligote_beloe_suhoe_13_58838be609,oleg_repin_duvankoy_aligote_aligote_beloe_suhoe_13_58838be609.webp,photo_exact,Duvankoy Aligote,Oleg Repin,Белое,Светло-золотистый,Крым
usadba-divnomorskoe-east-hill-vione-beloe-suhoe-127,usadba_divnomorskoe_east_hill_vione_beloe_suhoe_127_870fb1499b,usadba_divnomorskoe_east_hill_vione_beloe_suhoe_127_870fb1499b.webp,photo_exact,East Hill,Усадьба Дивноморское,Белое,Вино бледно-лимонного цвета с нежным блеском.,Кубань
vinogradniki-gay-kodzora-elegance-rose-de-gai-kodzor-sira-rozovoe-suhoe-125,vinogradniki_gay_kodzora_elegance_rose_de_gai_kodzor_sira_rozovoe_suhoe_125_5f5dbbbf70,vinogradniki_gay_kodzora_elegance_rose_de_gai_kodzor_sira_rozovoe_suhoe_125_5f5dbbbf70.webp,photo_exact,Elegance. Rose De Gai-Kodzor,Виноградники Гай-Кодзора,Розовое,Нежно-розовый,Кубань
eleonora,Eleonora_0e3c405b09,Eleonora_0e3c405b09.webp,photo_exact,"Eleonora, 2021",WINEMAFIA,Белое,Соломенно-солнечный,Кубань
villa-di-alma-en-barrique-shardone-beloe-ekstra-bryut-12,villa_di_alma_en_barrique_shardone_igristoe_ekstra_bryut_beloe_12_1fa106eafd,villa_di_alma_en_barrique_shardone_igristoe_ekstra_bryut_beloe_12_1fa106eafd.webp,photo_exact,En barrique,Villa di Alma,Белое,Вино бледно-лимонного цвета с пышным муссом из мелких пузырьков.,Крым
esse-esse-grand-cuvee-60-shardone-beloe-ekstra-bryut-115,esse_esse_grand_cuvee_60_shardone_igristoe_ekstra_bryut_beloe_115_20c6d7a318,esse_esse_grand_cuvee_60_shardone_igristoe_ekstra_bryut_beloe_115_20c6d7a318.webp,photo_exact,Esse Grand Cuvee 60,ESSE,Белое,Золотисто-соломенный,Крым
esse-esse-millesime-brut-zero-dosage-shardone-beloe-ekstra-bryut-115,esse_esse_millesime_brut_zero_dosage_shardone_igristoe_ekstra_bryut_beloe_115_0cfef302b3,esse_esse_millesime_brut_zero_dosage_shardone_igristoe_ekstra_bryut_beloe_115_0cfef302b3.webp,photo_exact,Esse Millesime Brut Zero Dosage,ESSE,Белое,Светло-соломенный,Крым
esse-esse-rose-zero-dosage-shardone-rozovoe-ekstra-bryut-115,esse_esse_rose_zero_dosage_shardone_igristoe_ekstra_bryut_rozovoe_115_24439839bf,esse_esse_rose_zero_dosage_shardone_igristoe_ekstra_bryut_rozovoe_115_24439839bf.webp,photo_exact,Esse Rose Zero Dosage,ESSE,Розовое,Светло-корраловый,Крым
esse-esse-sira-krasnoe-suhoe-12,esse_esse_sira_krasnoe_suhoe_12_d542214070,esse_esse_sira_krasnoe_suhoe_12_d542214070.webp,photo_exact,Esse Сира,ESSE,Красное,Темно-вишневый,Крым
esse-esse-shardone-beloe-suhoe-125,esse_esse_shardone_beloe_suhoe_125_a64096d1a1,esse_esse_shardone_beloe_suhoe_125_a64096d1a1.webp,photo_exact,Esse Шардоне,ESSE,Белое,Золотисто-соломенный,Крым
aya-organic-wine-vineyards-evolution-chardonnay-shardone-beloe-suhoe-124,aya_organic_wine_vineyards_evolution_chardonnay_shardone_beloe_suhoe_124_e03dd6e444,aya_organic_wine_vineyards_evolution_chardonnay_shardone_beloe_suhoe_124_e03dd6e444.webp,photo_exact,Evolution Chardonnay,AYA Organic Wine & Vineyards,Белое,Светло-соломенный с золотистым блеском,Крым
evolution-pinot-noir,evolution_rose_pinot_noir_2024_c3fc4a172a,evolution_rose_pinot_noir_2024_c3fc4a172a.webp,photo_exact,Evolution pinot noir,AYA Organic Wine & Vineyards,Розовое,"Розовый, пудровый",Крым
aya-organic-wine-vineyards-evolution-pinot-noir-pino-nuar-krasnoe-suhoe-125,aya_organic_wine_vineyards_evolution_pinot_noir_pino_nuar_krasnoe_suhoe_125_b0f9aa751e,aya_organic_wine_vineyards_evolution_pinot_noir_pino_nuar_krasnoe_suhoe_125_b0f9aa751e.webp,photo_exact,Evolution Pinot Noir,AYA Organic Wine & Vineyards,Красное,Рубиново-гранатовый средней интенсивности,Крым
evolution-pinot-noir-bryut-beloe,AYA_Mokapy_igristoe_beloe_09976d020f,AYA_Mokapy_igristoe_beloe_09976d020f.webp,photo_exact,"Evolution pinot noir, брют, белое",AYA Organic Wine & Vineyards,Белое,Светло-соломенный ,Крым
evolution-pinot-noir-bryut-rozovoe,AYA_Mokapy_igristoe_roze_e3c51b7973,AYA_Mokapy_igristoe_roze_e3c51b7973.webp,photo_exact,"Evolution pinot noir, брют, розовое",AYA Organic Wine & Vineyards,Розовое,Светло-розовый (пудровый),Крым
evolution-reserve-pinot-noir,2023g_Aya_Evolution_Pinot_noir_b850f06043,2023g_Aya_Evolution_Pinot_noir_b850f06043.webp,photo_exact,Evolution reserve pinot noir,AYA Organic Wine & Vineyards,Красное,Светло-рубиновый,Крым
shato-pino-exclusive-vione-risling-beloe-suhoe-115,shato_pino_vione_risling_beloe_suhoe_115_00ae6e439c,shato_pino_vione_risling_beloe_suhoe_115_00ae6e439c.webp,photo_exact,Exclusive Вионье - Рислинг,Шато Пино,Белое,Золотистый,Кубань
shato-pino-exclusive-kaberne-sovinon-shiraz-krasnoe-suhoe-135,shato_pino_kaberne_sovinon_shiraz_krasnoe_suhoe_135_943e3e76b8,shato_pino_kaberne_sovinon_shiraz_krasnoe_suhoe_135_943e3e76b8.webp,photo_exact,Exclusive Каберне Совиньон - Шираз,Шато Пино,Красное,Темно-красный,Кубань
shato-pino-exclusive-pino-nuar-merlo-krasnoe-suhoe-135,shato_pino_pino_nuarmerlo_krasnoe_suhoe_135_976c341758,shato_pino_pino_nuarmerlo_krasnoe_suhoe_135_976c341758.webp,photo_exact,Exclusive Пино Нуар - Мерло,Шато Пино,Красное,Рубиново-красный,Кубань
shato-pino-exclusive-shardone-pino-gri-beloe-suhoe-125,shato_pino_shardone_pino_gri_beloe_suhoe_125_2bbaea4aa5,shato_pino_shardone_pino_gri_beloe_suhoe_125_2bbaea4aa5.webp,photo_exact,Exclusive Шардоне - Пино Гри,Шато Пино,Белое,Светло-желтый,Кубань
chteau-le-grand-vostock-fagotine-pino-gri-beloe-polusladkoe-105,chteau_le_grand_vostock_fagotine_pino_gri_beloe_polusladkoe_105_03a77419a2,chteau_le_grand_vostock_fagotine_pino_gri_beloe_polusladkoe_105_03a77419a2.webp,photo_exact,Fagotine,Château Le Grand Vostock,Белое,Золотистый,Кубань
chteau-le-grand-vostock-fagotine-pino-gri-rozovoe-polusladkoe-11,chteau_le_grand_vostock_fagotine_pino_gri_rozovoe_polusladkoe_11_674bd59659,chteau_le_grand_vostock_fagotine_pino_gri_rozovoe_polusladkoe_11_674bd59659.webp,photo_exact,Fagotine,Château Le Grand Vostock,Розовое,Розовый,Кубань
fanagoriya-fanagoria-extra-brut-rose-2019-pino-nuar-igristoe-bryut-rozovoe-ekstra-bryut-12,fanagoriya_fanagoria_extra_brut_rose_2019_pino_nuar_igristoe_bryut_rozovoe_ekstra_bryut_12_aef88041a9,fanagoriya_fanagoria_extra_brut_rose_2019_pino_nuar_igristoe_bryut_rozovoe_ekstra_bryut_12_aef88041a9.webp,photo_exact,Fanagoria Extra Brut Rose 2019,Фанагория,Розовое,Розовый,Кубань
abrau-dyurso-femme-dabrau-amurskiy-potapenko-krasnoe-suhoe-107,abrau_dyurso_femme_dabrau_amurskiy_potapenko_krasnoe_suhoe_107_d599cb8a22,abrau_dyurso_femme_dabrau_amurskiy_potapenko_krasnoe_suhoe_107_d599cb8a22.webp,photo_exact,Femme d’Abrau,Абрау-Дюрсо,Красное,Насыщенный рубиновый,Кубань
fiori-di-mare-krasnoe-polusuhoe,Derbent_Vino_Fori_di_Mare_Di_Kaspiko_d67089804b,Derbent_Vino_Fori_di_Mare_Di_Kaspiko_d67089804b.webp,photo_exact,Fiori di Mare красное полусухое,Дербент Вино,Красное,Рубиновый,Дагестан
vinodelnya-myshako-flute-blaufrankish-rozovoe-bryut-126,vinodelnya_myshako_flute_blaufrankish_igristoe_bryut_rozovoe_126_131ed09b46,vinodelnya_myshako_flute_blaufrankish_igristoe_bryut_rozovoe_126_131ed09b46.webp,photo_exact,Flute Блауфранкиш,Мысхако,Розовое,Бледно-розовый,Кубань
vinodelnya-myshako-flute-bryut-beloe-shardone-11,vinodelnya_myshako_flute_bryut_beloe_shardone_igristoe_bryut_beloe_11_ddbe12b9ec,vinodelnya_myshako_flute_bryut_beloe_shardone_igristoe_bryut_beloe_11_ddbe12b9ec.webp,photo_exact,Flute брют белое,Мысхако,Белое,Соломенный,Кубань
vinodelnya-myshako-flute-vione-aligote-beloe-bryut-12,vinodelnya_myshako_flute_vione_aligote_igristoe_bryut_beloe_12_84a5f5532f,vinodelnya_myshako_flute_vione_aligote_igristoe_bryut_beloe_12_84a5f5532f.webp,photo_exact,Flute Вионье Алиготе,Мысхако,Белое,Соломенный,Кубань
vinodelnya-myshako-flute-gevyurtstraminer-sovinon-blan-beloe-bryut-122,vinodelnya_myshako_flute_gevyurtstraminer_sovinon_blan_igristoe_bryut_beloe_122_9d73a2d644,vinodelnya_myshako_flute_gevyurtstraminer_sovinon_blan_igristoe_bryut_beloe_122_9d73a2d644.webp,photo_exact,Flute Гевюрцтраминер Совиньон Блан,Мысхако,Белое,Соломенный,Кубань
fanagoriya-formula-q-saperavi-krasnoe-suhoe-135,fanagoriya_formula_q_saperavi_krasnoe_suhoe_135_3ac72505f2,fanagoriya_formula_q_saperavi_krasnoe_suhoe_135_3ac72505f2.webp,photo_exact,Formula Q,Фанагория,Красное,Тёмно-рубиновый,Кубань
vinogradniki-gay-kodzora-gewurztraminer-de-gai-kodzor-gevyurtstraminer-beloe-polusuhoe-135,vinogradniki_gay_kodzora_gewurztraminer_de_gai_kodzor_gevyurtstraminer_beloe_polusuhoe_135_2e99cb319b,vinogradniki_gay_kodzora_gewurztraminer_de_gai_kodzor_gevyurtstraminer_beloe_polusuhoe_135_2e99cb319b.webp,photo_exact,Gewurztraminer de Gai-Kodzor,Виноградники Гай-Кодзора,Белое,Светло-соломенный,Кубань
glu-glu-butch,Glu_Glu_Butch_16c03662bc,Glu_Glu_Butch_16c03662bc.webp,photo_exact,"Glu Glu Butch, 2022",WINEMAFIA,Красное,Прозрачный красный,Кубань
glu-glu-mr-mouse-2022,glu_glu_mouse_3ef17a8f95,glu_glu_mouse_3ef17a8f95.webp,photo_exact,"Glu Glu Mr.Mouse, 2022",WINEMAFIA,Красное,Прозрачно красный,Кубань
glu-glu-samba,Glu_Glu_Samba_tif_1e45185066,Glu_Glu_Samba_tif_1e45185066.webp,photo_exact,"Glu Glu Samba, 2022",WINEMAFIA,Красное,Прозрачный красный,Кубань
golubitskoe-estate-chardonnay,Pomeste_Golubiczkoe_Chardonnay_fc05cb08e0,Pomeste_Golubiczkoe_Chardonnay_fc05cb08e0.webp,photo_exact,Golubitskoe Estate Chardonnay,Поместье Голубицкое,Белое,Светло-соломенный,Кубань
golubitskoe-estate-risling,Pomeste_Golubiczkoe_Risling_02c2e84311,Pomeste_Golubiczkoe_Risling_02c2e84311.webp,photo_exact,Golubitskoe Estate Рислинг ,Golubitskoe Estate,Белое,Золотисто-соломенный,Кубань
golubitskoe-rose,Golubitskoe_Estate_Rose_84adcc1cea,Golubitskoe_Estate_Rose_84adcc1cea.webp,photo_exact,Golubitskoe Rose,Поместье Голубицкое,Розовое,Светло-розовое,Кубань
good-steak-cabernet,Good_Steak_Cabernet_d88ef34cad,Good_Steak_Cabernet_d88ef34cad.webp,photo_exact,Good Steak Cabernet,Olymp Winery,Красное,Рубиново-красный,Кубань
good-steak-merlot,Good_Steak_Merlot_2fe4acd615,Good_Steak_Merlot_2fe4acd615.webp,photo_exact,Good Steak Merlot,Olymp Winery,Красное,Рубиновый,Кубань
grand-jete-blanc-de-blancs,output_img_021_c689d211f9,output_img_021_c689d211f9.webp,photo_exact,Grand Jete Blanc de Blancs,Галицкий и Галицкий,Белое,Бледно-золотистый,Кубань
grand-jete-blanc-de-noirs,output_img_022_62bebb88f8,output_img_022_62bebb88f8.webp,photo_exact,Grand Jete Blanc de Noirs,Галицкий и Галицкий,Белое,Золотисто-соломенный,Кубань
grand-jete-cuvee,output_img_023_118c0b2ab7,output_img_023_118c0b2ab7.webp,photo_exact,Grand Jete Cuvee,Галицкий и Галицкий,Белое,Светло-золотистый,Кубань
grand-jete-rose,output_img_024_4a97c5528e,output_img_024_4a97c5528e.webp,photo_exact,Grand Jete Rose,Галицкий и Галицкий,Розовое,Бледно-розовый с лососевым оттенком,Кубань
chteau-le-grand-vostock-grand-karsov-shardone-beloe-suhoe-14,chteau_le_grand_vostock_grand_karsov_shardone_beloe_suhoe_14_89c8c2d86d,chteau_le_grand_vostock_grand_karsov_shardone_beloe_suhoe_14_89c8c2d86d.webp,photo_exact,Grand Karsov,Château Le Grand Vostock,Белое,Золотистый,Кубань
shato-pino-grand-reserve-cabernet-franc-kaberne-fran-krasnoe-suhoe-135,shato_pino_kaberne_fran_krasnoe_suhoe_135_564b619998,shato_pino_kaberne_fran_krasnoe_suhoe_135_564b619998.webp,photo_exact,Grand Reserve Cabernet Franc,Шато Пино,Красное,Темно-рубиновый,Кубань
shato-pino-grand-reserve-cabernet-sauvignon-kaberne-sovinon-krasnoe-suhoe-135,shato_pino_kaberne_sovinon_krasnoe_suhoe_135_25b56d23d4,shato_pino_kaberne_sovinon_krasnoe_suhoe_135_25b56d23d4.webp,photo_exact,Grand Reserve Cabernet Sauvignon,Шато Пино,Красное,Темно-вишневый,Кубань
shato-pino-grand-reserve-chardonnay-shardone-beloe-suhoe-125,shato_pino_grand_rezerv_shardone_beloe_suhoe_125_abadfb49a7,shato_pino_grand_rezerv_shardone_beloe_suhoe_125_abadfb49a7.webp,photo_exact,Grand Reserve Chardonnay,Шато Пино,Белое,Золотистый,Кубань
shato-pino-grand-reserve-pinot-noir-pino-nuar-krasnoe-suhoe-135,shato_pino_grand_rezerv_pino_nuar_krasnoe_suhoe_135_705f6fd901,shato_pino_grand_rezerv_pino_nuar_krasnoe_suhoe_135_705f6fd901.webp,photo_exact,Grand Reserve Pinot Noir,Шато Пино,Красное,Рубиновый,Кубань
usadba-divnomorskoe-grande-cuvee-shardone-beloe-bryut-125,usadba_divnomorskoe_grande_cuvee_shardone_igristoe_bryut_beloe_125_00b1325ee6,usadba_divnomorskoe_grande_cuvee_shardone_igristoe_bryut_beloe_125_00b1325ee6.webp,photo_exact,Grande Cuvee,Усадьба Дивноморское,Белое,Светло-соломенный цвет с легкими золотистыми бликами.,Кубань
usadba-divnomorskoe-grande-rose-pino-nuar-rozovoe-ekstra-bryut-125,usadba_divnomorskoe_grande_rose_pino_nuar_igristoe_ekstra_bryut_rozovoe_125_5c852c8006,usadba_divnomorskoe_grande_rose_pino_nuar_igristoe_ekstra_bryut_rozovoe_125_5c852c8006.webp,photo_exact,Grande Rose,Усадьба Дивноморское,Розовое,Вино бледно-опалового цвета с золотыми переливами.,Кубань
green-cape-risling,Myshako_Grin_Kejp_Risling_db31ed429d,Myshako_Grin_Kejp_Risling_db31ed429d.webp,photo_exact,Green Cape Рислинг,Мысхако,Белое,Светло-соломенный,Кубань
green-cape-sovinon-blan,Myshako_Green_Cape_Sovinon_Blan_beloe_suhoe_cfddcfd9d5,Myshako_Green_Cape_Sovinon_Blan_beloe_suhoe_cfddcfd9d5.webp,photo_exact,Green Cape Совиньон Блан,Мысхако,Белое,Светло-соломенный,Кубань
agrolayn-heritage-dg-skin-contact-red-saperavi-krasnoe-suhoe-13,agrolayn_heritage_dg_skin_contact_red_saperavi_krasnoe_suhoe_13_88fc4bc8a1,agrolayn_heritage_dg_skin_contact_red_saperavi_krasnoe_suhoe_13_88fc4bc8a1.webp,photo_exact,Heritage Dg Skin Contact Red,Агролайн,Красное,Рубиновый,Дагестан
agrolayn-heritage-dg-skin-contact-rkatsiteli-rkatsiteli-beloe-suhoe-12,agrolayn_heritage_dg_skin_contact_rkatsiteli_rkatsiteli_beloe_suhoe_12_3e44c13a6f,agrolayn_heritage_dg_skin_contact_rkatsiteli_rkatsiteli_beloe_suhoe_12_3e44c13a6f.webp,photo_exact,Heritage DG Skin contact Rkatsiteli,Агролайн,Белое,Соломенно-желтый с оранжевыми бликами,Дагестан
fanagoriya-ice-wine-kaberne-kaberne-sovinon-krasnoe-sladkoe-11,fanagoriya_ice_wine_kaberne_kaberne_sovinon_krasnoe_sladkoe_11_d0c08332e8,fanagoriya_ice_wine_kaberne_kaberne_sovinon_krasnoe_sladkoe_11_d0c08332e8.webp,photo_exact,Ice Wine Каберне,Фанагория,Красное,Рубиновый,Кубань
fanagoriya-ice-wine-merlo-rozovoe-sladkoe-10,fanagoriya_ice_wine_merlo_rozovoe_sladkoe_10_f04efb1e6f,fanagoriya_ice_wine_merlo_rozovoe_sladkoe_10_f04efb1e6f.webp,photo_exact,Ice Wine Мерло розовое,Фанагория,Розовое,Розовый,Кубань
shato-pino-ice-wine-risling-risling-reynskiy-beloe-sladkoe-11,shato_pino_ice_wine_risling_risling_reynskiy_beloe_sladkoe_11_003c1461e3,shato_pino_ice_wine_risling_risling_reynskiy_beloe_sladkoe_11_003c1461e3.webp,photo_exact,ICE Wine Рислинг,Шато Пино,Белое,Медовый,Кубань
fanagoriya-ice-wine-risling-tihoe-beloe-sladkoe-10,fanagoriya_ice_wine_risling_tihoe_beloe_sladkoe_10_fd6aaba610,fanagoriya_ice_wine_risling_tihoe_beloe_sladkoe_10_fd6aaba610.webp,photo_exact,Ice Wine Рислинг тихое,Фанагория,Белое,Соломенный,Кубань
fanagoriya-ice-wine-saperavi-tihoe-krasnoe-sladkoe-10,fanagoriya_ice_wine_saperavi_tihoe_krasnoe_sladkoe_10_9c41c0131c,fanagoriya_ice_wine_saperavi_tihoe_krasnoe_sladkoe_10_9c41c0131c.webp,photo_exact,Ice Wine Саперави тихое,Фанагория,Красное,Тёмно-рубиновый,Кубань
vinodelnya-molchanova-ice-wine-tsvetochnyy-beloe-sladkoe-11,vinodelnya_molchanova_ice_wine_tsvetochnyy_beloe_sladkoe_11_b011b225f0,vinodelnya_molchanova_ice_wine_tsvetochnyy_beloe_sladkoe_11_b011b225f0.webp,photo_exact,Ice Wine Цветочный,Винодельня Молчанова,Белое,Вино жемчужно-зеленоватого цвета.,Долина Дона
inkermanskiy-zmv-inkerman-bryut-shardone-beloe-135,inkermanskiy_zmv_inkerman_bryut_shardone_igristoe_bryut_beloe_135_e40fffb0b1,inkermanskiy_zmv_inkerman_bryut_shardone_igristoe_bryut_beloe_135_e40fffb0b1.webp,photo_exact,Inkerman брют,Инкерманский ЗМВ,Белое,Яркий золотистый цвет с сияющим блеском.,Крым
inkerman-muskatnoe-beloe,Inkerman_muskatnoe_beloe_polusladkoe_092002be0d,Inkerman_muskatnoe_beloe_polusladkoe_092002be0d.webp,photo_exact,Inkerman Мускатное белое,Инкерманский ЗМВ,Белое,Светло-золотистый,Крым
inkermanskiy-zmv-inkerman-polusladkoe-roze-aligote-rozovoe-135,inkermanskiy_zmv_inkerman_polusladkoe_roze_aligote_igristoe_polusladkoe_rozovoe_135_1956dabf85,inkermanskiy_zmv_inkerman_polusladkoe_roze_aligote_igristoe_polusladkoe_rozovoe_135_1956dabf85.webp,photo_exact,Inkerman полусладкое розе,Инкерманский ЗМВ,Розовое,Яркий розовый цвет с коралловыми оттенками.,Крым
inkerman-shato-ruzh,Inkerman_Shato_Ruzh_85fa6ee9ce,Inkerman_Shato_Ruzh_85fa6ee9ce.webp,photo_exact,Inkerman Шато Руж,Инкерманский ЗМВ,Красное,Красно-рубиновый,Крым
zolotoe-pole-kaffa-vione-beloe-suhoe-13,zolotoe_pole_kaffa_vione_beloe_suhoe_13_fc7fb280dc,zolotoe_pole_kaffa_vione_beloe_suhoe_13_fc7fb280dc.webp,photo_exact,"KAFFA ""Вионье""",Золотое Поле,Белое,Насыщенный лимонный,Крым
zolotoe-pole-kaffa-kaberne-sovinon-krasnoe-suhoe-125,zolotoe_pole_kaffa_kaberne_sovinon_krasnoe_suhoe_125_8eeb858fc0,zolotoe_pole_kaffa_kaberne_sovinon_krasnoe_suhoe_125_8eeb858fc0.webp,photo_exact,"KAFFA ""Каберне Совиньон""",Золотое Поле,Красное,Рубиновый с лёгким гранатовым оттенком,Крым
zolotoe-pole-kaffa-kaberne-fran-krasnoe-suhoe-14,zolotoe_pole_kaffa_kaberne_fran_krasnoe_suhoe_14_1af04dd482,zolotoe_pole_kaffa_kaberne_fran_krasnoe_suhoe_14_1af04dd482.webp,photo_exact,"KAFFA ""Каберне Фран""",Золотое Поле,Красное,Насыщенный рубиновый с гранатовым оттенком,Крым
zolotoe-pole-kaffa-malbek-krasnoe-suhoe-125,zolotoe_pole_kaffa_malbek_krasnoe_suhoe_125_59cab68c16,zolotoe_pole_kaffa_malbek_krasnoe_suhoe_125_59cab68c16.webp,photo_exact,"KAFFA ""Мальбек""",Золотое Поле,Красное,Рубиновый с пурпурным оттенком,Крым
zolotoe-pole-kaffa-moskato-dzhallo-moskato-dzhallo-beloe-suhoe-135,zolotoe_pole_kaffa_moskato_dzhallo_moskato_dzhallo_beloe_suhoe_135_1681d08fcb,zolotoe_pole_kaffa_moskato_dzhallo_moskato_dzhallo_beloe_suhoe_135_1681d08fcb.webp,photo_exact,"KAFFA ""Москато Джалло""",Золотое Поле,Белое,Лимонный с золотистым оттенком,Крым
zolotoe-pole-kaffa-saperavi-krasnoe-suhoe-14,zolotoe_pole_kaffa_saperavi_krasnoe_suhoe_14_d1fe213221,zolotoe_pole_kaffa_saperavi_krasnoe_suhoe_14_d1fe213221.webp,photo_exact,"KAFFA ""Саперави""",Золотое Поле,Красное,Глубокий пурпурный,Крым
zolotoe-pole-kaffa-shardone-beloe-suhoe-125,zolotoe_pole_kaffa_shardone_beloe_suhoe_125_7bb0c3ca2b,zolotoe_pole_kaffa_shardone_beloe_suhoe_125_7bb0c3ca2b.webp,photo_exact,"KAFFA ""Шардоне""",Золотое Поле,Белое,Бледно-соломенный с лёгким румяным оттенком,Крым
kaffa-joy-malbec-glu-glu,460110750288_no_bg_preview_carve_photos_613a90613e,460110750288_no_bg_preview_carve_photos_613a90613e.webp,photo_exact,Kaffa Joy Malbec Glu Glu,Золотое Поле,Красное,Насыщенный красно-коралловый,Крым
kaffa-joy-malvasia,460110750290_no_bg_preview_carve_photos_97c4b5c7e5,460110750290_no_bg_preview_carve_photos_97c4b5c7e5.webp,photo_exact,Kaffa Joy Malvasia  ,Золотое Поле,Белое,Соломенный,Крым
kaffa-joy-merlot-malbec,460110750289_no_bg_preview_carve_photos_4b52546c83,460110750289_no_bg_preview_carve_photos_4b52546c83.webp,photo_exact,Kaffa Joy Merlot / Malbec,Золотое Поле,Розовое,Розовый,Крым
kaffa-joy-rkatsiteli,460110750287_no_bg_preview_carve_photos_d9a9b898cd,460110750287_no_bg_preview_carve_photos_d9a9b898cd.webp,photo_exact,Kaffa Joy Rkatsiteli,Золотое Поле,Белое,Соломенный,Крым
katharon-brut,kataron_bryut_3a1af9a036,kataron_bryut_3a1af9a036.webp,photo_exact,Katharon Brut ,KATHARON,Белое,Соломенный,Кубань
katharon-semi-sweet,2yfvayvay_83316bd121,2yfvayvay_83316bd121.webp,photo_exact,Katharon Semi-Sweet ,KATHARON,Белое,Золотисто-соломенный,Кубань
katharon-katharon-brut-blanc-de-blan,Katharon_Brut_blanc_de_blan_d34e259ca2,Katharon_Brut_blanc_de_blan_d34e259ca2.webp,photo_exact,Katharon: Brut (blanc de blan) ,KATHARON,Белое,Бледно-золотистый с зеленоватым отблеском,Кубань
katharon-katharon-kaberne-fran,Katharon_Kab_Fran_suhoe_0ed5f19ec1,Katharon_Kab_Fran_suhoe_0ed5f19ec1.webp,photo_exact,Katharon: Каберне Фран,KATHARON,Красное,Глубокий рубиновый с фиолетовым ободком,Кубань
katharon-katharon-merlo,Katharon_Merlo_suhoe_6947446370,Katharon_Merlo_suhoe_6947446370.webp,photo_exact,Katharon: Мерло,KATHARON,Красное,"Насыщенный рубиново-гранатовый, плотный, с пурпурными бликами",Кубань
katharon-katharon-risling-suhoe,Katharon_Risling_2025_983f02b959,Katharon_Risling_2025_983f02b959.webp,photo_exact,Katharon: Рислинг сухое,KATHARON,Белое,"Светло-соломенный с зеленоватым отблеском, кристально прозрачный",Кубань
katharon-katharon-sovinon-blan,Katharon_Sovinon_Blan_2025_d965fbe23c,Katharon_Sovinon_Blan_2025_d965fbe23c.webp,photo_exact,Katharon: Совиньон Блан,KATHARON,Белое,Бледно-соломенный с серебристо-зелеными бликами,Кубань
katharon-katharon-shardone,Katharon_Shardone_2025_93baa2e60f,Katharon_Shardone_2025_93baa2e60f.webp,photo_exact,Katharon: Шардоне,KATHARON,Белое,Насыщенный соломенно-золотистый,Кубань
vinodelnya-konstantina-dzitoeva-kd-bryut-shardone-beloe-115,vinodelnya_konstantina_dzitoeva_kd_bryut_shardone_igristoe_bryut_beloe_115_6951096ef2,vinodelnya_konstantina_dzitoeva_kd_bryut_shardone_igristoe_bryut_beloe_115_6951096ef2.webp,photo_exact,KD брют,Винодельня Константина Дзитоева,Белое,Бледно-соломенный цвет с легкими золотистыми оттенками.,Северная Осетия — Алания
kd-kokur,photo_2026_08_19_23_47_51_no_bg_preview_carve_photos_4f7d3d0747,photo_2026_08_19_23_47_51_no_bg_preview_carve_photos_4f7d3d0747.webp,photo_exact,KD Кокур,Винодельня Константина Дзитоева,Белое,Золотисто-соломенный,Северная Осетия — Алания
vinodelnya-konstantina-dzitoeva-kd-rezerv-merlo-krasnoe-suhoe-12,vinodelnya_konstantina_dzitoeva_kd_rezerv_merlo_krasnoe_suhoe_vyderzhannoe_12_b66cd45010,vinodelnya_konstantina_dzitoeva_kd_rezerv_merlo_krasnoe_suhoe_vyderzhannoe_12_b66cd45010.webp,photo_exact,KD Резерв,Винодельня Константина Дзитоева,Красное,Вино красновато-рубинового цвета.,Северная Осетия — Алания
vinodelnya-konstantina-dzitoeva-kd-shardone-beloe-suhoe-128,vinodelnya_konstantina_dzitoeva_kd_shardone_beloe_suhoe_128_e9a75fb7f0,vinodelnya_konstantina_dzitoeva_kd_shardone_beloe_suhoe_128_e9a75fb7f0.webp,photo_exact,KD Шардоне,Винодельня Константина Дзитоева,Белое,Вино бледно-лимонного цвета с зеленоватыми бликами.,Северная Осетия — Алания
khrustaleva-76-merlot-polusuhoe-rozovoe,hrustaleva_polusuhoe_merlo_049054fb87,hrustaleva_polusuhoe_merlo_049054fb87.webp,photo_exact,"Khrustaleva 76 merlot, полусухое, розовое",AYA Organic Wine & Vineyards,Розовое,Розовый,Крым
khrustaleva-76-muscat-bryut-beloe,hrustaleva_bryut_muskat_314381c682,hrustaleva_bryut_muskat_314381c682.webp,photo_exact,"Khrustaleva 76 muscat, брют, белое",AYA Organic Wine & Vineyards,Белое,Светло-соломенный ,Крым
khrustaleva-76-muscat-polusladkoe-beloe,hrustaleva_semi_svit_muskat_8fa1427352,hrustaleva_semi_svit_muskat_8fa1427352.webp,photo_exact,"Khrustaleva 76 muscat, полусладкое, белое",AYA Organic Wine & Vineyards,Белое,Светло-соломенный ,Крым
chteau-le-grand-vostock-krasnostop-reserve-krasnostop-krasnoe-suhoe-14,chteau_le_grand_vostock_krasnostop_reserve_krasnostop_krasnoe_suhoe_14_6f2c655629,chteau_le_grand_vostock_krasnostop_reserve_krasnostop_krasnoe_suhoe_14_6f2c655629.webp,photo_exact,Krasnostop Reserve,Château Le Grand Vostock,Красное,Рубиновый,Кубань
agrolayn-lame-du-vin-saperavi-krasnoe-suhoe-13,agrolayn_lame_du_vin_saperavi_krasnoe_suhoe_13_5ede20a1fd,agrolayn_lame_du_vin_saperavi_krasnoe_suhoe_13_5ede20a1fd.webp,photo_exact,L'ame du Vin,Агролайн,Красное,Темно-рубиновый,Дагестан
chteau-le-grand-vostock-le-chene-royal-reserve-merlo-krasnoe-suhoe-145,chteau_le_grand_vostock_le_chene_royal_reserve_merlo_krasnoe_suhoe_145_3a1ec8fdfa,chteau_le_grand_vostock_le_chene_royal_reserve_merlo_krasnoe_suhoe_145_3a1ec8fdfa.webp,photo_exact,Le Chene Royal Reserve,Château Le Grand Vostock,Красное,Рубиновый,Кубань
le-general-hiver,output_img_037_425130ed89,output_img_037_425130ed89.webp,photo_exact,Le General Hiver,Галицкий и Галицкий,Белое,"Янтарный, с золотистыми отблесками",Кубань
zolotoe-pole-legend-of-crimea-cabernet-sauvignon-kaberne-sovinon-krasnoe-suhoe-125,zolotoe_pole_legend_of_crimea_cabernet_sauvignon_kaberne_sovinon_krasnoe_suhoe_125_dd1e75d7d6,zolotoe_pole_legend_of_crimea_cabernet_sauvignon_kaberne_sovinon_krasnoe_suhoe_125_dd1e75d7d6.webp,photo_exact,"Legend of Crimea ""Cabernet Sauvignon""",Золотое Поле,Красное,Насыщенный рубиновый,Крым
zolotoe-pole-legend-of-crimea-chardonnay-shardone-beloe-suhoe-13,zolotoe_pole_legend_of_crimea_chardonnay_shardone_beloe_suhoe_13_198c99212d,zolotoe_pole_legend_of_crimea_chardonnay_shardone_beloe_suhoe_13_198c99212d.webp,photo_exact,"Legend of Crimea ""Chardonnay""",Золотое Поле,Белое,Лимонный с зеленоватым оттенком,Крым
zolotoe-pole-legend-of-crimea-malbec-malbek-krasnoe-suhoe-125,zolotoe_pole_legend_of_crimea_malbec_malbek_krasnoe_suhoe_125_58b26ef1ab,zolotoe_pole_legend_of_crimea_malbec_malbek_krasnoe_suhoe_125_58b26ef1ab.webp,photo_exact,"Legend of Crimea ""Malbec""",Золотое Поле,Красное,Яркий рубиновый с пурпурным оттенком,Крым
zolotoe-pole-legend-of-crimea-muscat-ottonel-muskat-ottonel-beloe-suhoe-14,zolotoe_pole_legend_of_crimea_muscat_ottonel_muskat_ottonel_beloe_suhoe_14_b38aa9e08c,zolotoe_pole_legend_of_crimea_muscat_ottonel_muskat_ottonel_beloe_suhoe_14_b38aa9e08c.webp,photo_exact,"Legend of Crimea ""Muscat Ottonel""",Золотое Поле,Белое,Бледно-лимонный,Крым
zolotoe-pole-legend-of-crimea-pinot-gris-rose-pino-gri-rozovoe-suhoe-135,zolotoe_pole_legend_of_crimea_pinot_gris_rose_pino_gri_rozovoe_suhoe_135_9f75698a01,zolotoe_pole_legend_of_crimea_pinot_gris_rose_pino_gri_rozovoe_suhoe_135_9f75698a01.webp,photo_exact,"Legend of Crimea ""Pinot Gris Rose""",Золотое Поле,Розовое,Нежный розовый с лососёвым оттенком,Крым
zolotoe-pole-legend-of-crimea-red-blend-kaberne-sovinon-krasnoe-suhoe-14,zolotoe_pole_legend_of_crimea_red_blend_kaberne_sovinon_krasnoe_suhoe_14_19d5632763,zolotoe_pole_legend_of_crimea_red_blend_kaberne_sovinon_krasnoe_suhoe_14_19d5632763.webp,photo_exact,"Legend of Crimea ""Red Blend""",Золотое Поле,Красное,Глубокий рубиновый с гранатовым оттенком,Крым
zolotoe-pole-legend-of-crimea-sauvignon-blanc-sovinon-blan-beloe-suhoe-13,zolotoe_pole_legend_of_crimea_sauvignon_blanc_sovinon_blan_beloe_suhoe_13_5c21d982fd,zolotoe_pole_legend_of_crimea_sauvignon_blanc_sovinon_blan_beloe_suhoe_13_5c21d982fd.webp,photo_exact,"Legend of Crimea ""Sauvignon Blanc""",Золотое Поле,Белое,Светлый соломенный с зеленоватым оттенком,Крым
zolotoe-pole-legend-of-crimea-white-blend-malvaziya-beloe-suhoe-135,zolotoe_pole_legend_of_crimea_white_blend_malvaziya_beloe_suhoe_135_d791def8a0,zolotoe_pole_legend_of_crimea_white_blend_malvaziya_beloe_suhoe_135_d791def8a0.webp,photo_exact,"Legend of Crimea ""White Blend""",Золотое Поле,Белое,Соломенный с золотистым оттенком,Крым
leto-kaberne-sovinon-2023-polusuhoe-krasnoe,Vino_polusuhoe_krasnoe_KABERNE_SOVINON_cfd594e5f6,Vino_polusuhoe_krasnoe_KABERNE_SOVINON_cfd594e5f6.webp,photo_exact,LETO Каберне Совиньон 2023 полусухое красное,LETO,Красное,Насыщенный рубиновый,Кубань
leto-kaberne-fran-2021-suhoe-krasnoe,Vino_suhoe_krasnoe_KABERNE_FRAN_3c69650ca3,Vino_suhoe_krasnoe_KABERNE_FRAN_3c69650ca3.webp,prefix,LETO Каберне Фран 2021 сухое красное,LETO,Красное,Насыщенный рубиновый,Кубань
leto-kaberne-fran-2024-polusladkoe-krasnoe,Kaberne_Fran_polusladkoe_a62c376c55,Kaberne_Fran_polusladkoe_a62c376c55.webp,photo_exact,LETO Каберне Фран 2024 полусладкое красное,LETO,Красное,Рубиновый с фиолетовыми бликами,Кубань
leto-kaberne-fran-rezerv-2020-suhoe-krasnoe,Kaberne_Fran_rezerv_2021_12ff9ab8f8,Kaberne_Fran_rezerv_2021_12ff9ab8f8.webp,photo_exact,LETO Каберне Фран Резерв 2020 сухое красное,LETO,Красное,Насыщенный тёмно-красный с рубиновыми оттенками,Кубань
leto-kaberne-fran-rezerv-2021-suhoe-krasnoe,Vino_suhoe_krasnoe_KABERNE_FRAN_REZERV_2f6ac9d296,Vino_suhoe_krasnoe_KABERNE_FRAN_REZERV_2f6ac9d296.webp,photo_exact,LETO Каберне Фран Резерв 2021 сухое красное,LETO,Красное,Насыщенный рубиновый,Кубань
leto-kollekcziya-vinodela-2020-suhoe-krasnoe,Kollekcziya_vinodela_e3dfd5dd5b,Kollekcziya_vinodela_e3dfd5dd5b.webp,photo_exact,LETO Коллекция винодела 2020 сухое красное,LETO,Красное,Насыщенный красный с пурпурными оттенками,Кубань
leto-kollekcziya-leta-2020-suhoe-beloe,Kollekcziya_leta_beloe_2020_3bc15b4ff4,Kollekcziya_leta_beloe_2020_3bc15b4ff4.webp,photo_exact,LETO Коллекция Лета 2020 сухое белое,LETO,Белое,Бледно-соломенный с золотистыми бликами,Кубань
leto-vecrfn-2024-suhoe-vino,Beloe_suhoe_MUSKAT_7b044897c5,Beloe_suhoe_MUSKAT_7b044897c5.webp,photo_exact,LETO Мускат 2024 сухое белое,LETO,Белое,Светло-соломенное с золотистым отблеском,Кубань
leto-muskat-oranzh-2024-suhoe-vino,Muskat_Oranzh_ca7932fac1,Muskat_Oranzh_ca7932fac1.webp,photo_exact,LETO Мускат Оранж 2024 сухое белое,LETO,Белое,Насыщенный золотистый с персиковыми бликами,Кубань
leto-risling-2020,photo_a535bcc46e,photo_a535bcc46e.webp,photo_exact,LETO Рислинг 2020 сухое белое,LETO,Белое,Светло-соломенное с золотистым отблеском,Кубань
leto-risling-2024-polusuhoe-vino,Risling_2024_polusuhoe_cfdd46fd1d,Risling_2024_polusuhoe_cfdd46fd1d.webp,photo_exact,LETO Рислинг 2024 полусухое белое,LETO,Белое,Золотистый,Кубань
leto-risling-2024,Risling_2024_068199ad02,Risling_2024_068199ad02.webp,photo_exact,LETO Рислинг 2024 сухое белое,LETO,Белое,Золотистый с зеленоватыми бликами,Кубань
oleg-repin-listva-cabernet-sauvignon-kaberne-sovinon-krasnoe-suhoe-14,oleg_repin_listva_cabernet_sauvignon_kaberne_sovinon_krasnoe_suhoe_14_d4b85ef613,oleg_repin_listva_cabernet_sauvignon_kaberne_sovinon_krasnoe_suhoe_14_d4b85ef613.webp,photo_exact,Listva Cabernet Sauvignon,Oleg Repin,Красное,Вишнево-рубиновый,Крым
oleg-repin-listva-syrah-sira-krasnoe-suhoe-14,oleg_repin_listva_syrah_sira_krasnoe_suhoe_14_664db3a828,oleg_repin_listva_syrah_sira_krasnoe_suhoe_14_664db3a828.webp,photo_exact,Listva Syrah,Oleg Repin,Красное,Рубиново-гранатовый,Крым
locantita-sauvignon-blanc-chardonnay,ru_pim_263023001001_01_d63898ec2e,ru_pim_263023001001_01_d63898ec2e.webp,photo_exact,Locantita Sauvignon Blanc-Chardonnay,Alma Valley,Белое,Светло-соломенный,Крым
locantita-more,075mjty781rmw0czc3ba7kc53w_preview_0_ezremove_a03c591e41,075mjty781rmw0czc3ba7kc53w_preview_0_ezremove_a03c591e41.webp,photo_exact,Locantita Море,Скалистый берег,Красное,Рубиновый,Кубань
loco-cimbali-loco-cimbali-pinot-meunier-mene-krasnoe-suhoe-125,loco_cimbali_loco_cimbali_pinot_meunier_mene_krasnoe_suhoe_125_bc6731c1b6,loco_cimbali_loco_cimbali_pinot_meunier_mene_krasnoe_suhoe_125_bc6731c1b6.webp,photo_exact,Loco Cimbali Pinot Meunier,Loco Cimbali,Красное,Ярко-малиновый с рубиновым оттенком,Крым
loco-cimbali-loco-cimbali-red-kaberne-sovinon-krasnoe-suhoe-135,loco_cimbali_loco_cimbali_red_kaberne_sovinon_krasnoe_suhoe_135_591dd06510,loco_cimbali_loco_cimbali_red_kaberne_sovinon_krasnoe_suhoe_135_591dd06510.webp,photo_exact,Loco Cimbali Red,Loco Cimbali,Красное,Гранатовый с фиолетовыми отблесками,Крым
magnatum-blanc-de-blancs,2_1ff7dd9f81,2_1ff7dd9f81.webp,photo_exact,Magnatum Blanc de Blancs,Mantra Estate,Белое,Лимонный с золотистым,Кубань
magnatum-cuvee-m-blanc-de-blancs,e7b5c9242252ee908c6a7f883415bf51_859cbd72e2,e7b5c9242252ee908c6a7f883415bf51_859cbd72e2.webp,photo_exact,Magnatum Cuvee M Blanc de Blancs,Mantra Estate,Белое,Лимонный с золотистым,Кубань
magnatum-rose,f804754fa9ae3bf4c674ad5d82e86b14_d9b6930374,f804754fa9ae3bf4c674ad5d82e86b14_d9b6930374.webp,photo_exact,Magnatum Rose,Mantra Estate,Розовое,Лососевый,Кубань
makitra-selection,Makitra_Selection_Shardone_7f42730601,Makitra_Selection_Shardone_7f42730601.webp,photo_exact,Makitra Selection,Кубань-Вино,Белое,Светло-соломенный,Кубань
vinogradniki-gay-kodzora-malbec-de-gai-kodzor-malbek-krasnoe-suhoe-135,vinogradniki_gay_kodzora_malbec_de_gai_kodzor_malbek_krasnoe_suhoe_135_5a017ab36f,vinogradniki_gay_kodzora_malbec_de_gai_kodzor_malbek_krasnoe_suhoe_135_5a017ab36f.webp,photo_exact,Malbec De Gai-Kodzor,Виноградники Гай-Кодзора,Красное,Насыщенно-рубиновый,Кубань
belmas-winery-malbec-katya-malbek-rozovoe-suhoe-129,belmas_winery_malbec_katya_malbek_rozovoe_suhoe_129_a3e291a903,belmas_winery_malbec_katya_malbek_rozovoe_suhoe_129_a3e291a903.webp,photo_exact,Malbec Katya,Belmas Winery,Розовое,Розовое,Крым
belmas-winery-malbec-katya-belmas-malbek-rozovoe-suhoe-11,belmas_winery_malbec_katya_belmas_malbek_rozovoe_suhoe_11_77522b0de4,belmas_winery_malbec_katya_belmas_malbek_rozovoe_suhoe_11_77522b0de4.webp,photo_exact,Malbec Katya Belmas,Belmas Winery,Розовое,Насыщенный рубиново-красный с благородными фиолетовыми отблесками.,Крым
vinogradniki-gay-kodzora-malbec-red-klen-de-gai-kodzor-malbek-krasnoe-suhoe-135,vinogradniki_gay_kodzora_malbec_red_klen_de_gai_kodzor_malbek_krasnoe_suhoe_135_88285a40f2,vinogradniki_gay_kodzora_malbec_red_klen_de_gai_kodzor_malbek_krasnoe_suhoe_135_88285a40f2.webp,photo_exact,Malbec Red Klen De Gai-Kodzor,Виноградники Гай-Кодзора,Красное,Глубокий рубиновый,Кубань
domaine-de-la-vivandiere-malbec-vivandiere-roze-malbek-rozovoe-suhoe-125,domaine_de_la_vivandiere_malbec_vivandiere_roze_malbek_rozovoe_suhoe_125_882f670a7d,domaine_de_la_vivandiere_malbec_vivandiere_roze_malbek_rozovoe_suhoe_125_882f670a7d.webp,photo_exact,Malbec Vivandiere розе,Domaine de la Vivandiere,Розовое,Яркий розовый,Крым
esse-mama-marselan-krasnoe-suhoe-115,esse_mama_marselan_krasnoe_suhoe_115_13668d8525,esse_mama_marselan_krasnoe_suhoe_115_13668d8525.webp,photo_exact,MaMa,ESSE,Красное,Насыщенно-рубиновый,Крым
mancopia-kaberne-sovinon,Kaberne_Sovinon_981ea8ff0c,Kaberne_Sovinon_981ea8ff0c.webp,photo_exact,Mancopia Каберне Совиньон,Mancopia,Красное,Насыщенный рубиновый,Крым
mancopia-meritazh,Meritazh_80196a1ff6,Meritazh_80196a1ff6.webp,photo_exact,Mancopia Меритаж,Mancopia,Красное,Насыщенный рубиновый,Крым
mancopia-risling,0632ia7qvpbnncf2rdtc0371aua6i4q2_20fb4a70b1,0632ia7qvpbnncf2rdtc0371aua6i4q2_20fb4a70b1.webp,photo_exact,Mancopia Рислинг,Mancopia,Белое,Соломенный,Крым
mancopia-saperavi,jch166xas825xpjkdnoo0zrbrsdlg815_06ce10a133,jch166xas825xpjkdnoo0zrbrsdlg815_06ce10a133.webp,photo_exact,Mancopia Саперави,Mancopia,Красное,Пурпурный,Крым
mancopia-sira,i99mhxq3ffugxl7vay272qaxisjosj8i_3ec2f1ed83,i99mhxq3ffugxl7vay272qaxisjosj8i_3ec2f1ed83.webp,photo_exact,Mancopia Сира,Mancopia,Красное,Глубокий пурпурный,Крым
mantra-blanc-de-blancs,cd3690e22dc2df799a4db8b857e74d37_9ca346a575,cd3690e22dc2df799a4db8b857e74d37_9ca346a575.webp,photo_exact,Mantra Blanc de Blancs,Mantra Estate,Белое,Светло-соломенный,Кубань
wine-1,Margarita_22_49dd66061b,Margarita_22_49dd66061b.webp,photo_exact,"Margarita, 2022",WINEMAFIA,Белое,Соломенный,Кубань
margarita,Margarita_2023_47752d294f,Margarita_2023_47752d294f.webp,photo_exact,"Margarita, 2023",WINEMAFIA,Белое,Соломенно-лаймовый,Кубань
usadba-divnomorskoe-maris-blanc-de-blanc-extra-brut-shardone-beloe-ekstra-bryut-105,usadba_divnomorskoe_maris_blanc_de_blanc_extra_brut_shardone_beloe_ekstra_bryut_105_2146bdc77b,usadba_divnomorskoe_maris_blanc_de_blanc_extra_brut_shardone_beloe_ekstra_bryut_105_2146bdc77b.webp,photo_exact,Maris Blanc de Blanc Extra Brut,Усадьба Дивноморское,Белое,Светло-соломенный,Кубань
usadba-divnomorskoe-maris-blanc-de-noirs-extra-brut-pino-nuar-beloe-ekstra-bryut-105,usadba_divnomorskoe_maris_blanc_de_noirs_extra_brut_pino_nuar_beloe_ekstra_bryut_105_800f5ad248,usadba_divnomorskoe_maris_blanc_de_noirs_extra_brut_pino_nuar_beloe_ekstra_bryut_105_800f5ad248.webp,photo_exact,Maris Blanc de Noirs Extra Brut,Усадьба Дивноморское,Белое,Светло-соломенный,Кубань
marquetry-cabernet-franc,AYA_marquetry_cabernet_franc_2023_bottle_81526424ed,AYA_marquetry_cabernet_franc_2023_bottle_81526424ed.webp,photo_exact,Marquetry cabernet franc,AYA Organic Wine & Vineyards,Красное,Тёмно-гранатовый,Крым
marquetry-syrah,AYA_marquetry_syrah_2023_bottle_90a876b523,AYA_marquetry_syrah_2023_bottle_90a876b523.webp,photo_exact,Marquetry syrah,AYA Organic Wine & Vineyards,Красное,Тёмно-рубиновый,Крым
marquetry-syrah-merlot-cabernet-franc,AYA_marquetry_syrah_merlot_cabernet_franc_2023_bottle_1174396457,AYA_marquetry_syrah_merlot_cabernet_franc_2023_bottle_1174396457.webp,photo_exact,"Marquetry syrah, merlot, cabernet franc",AYA Organic Wine & Vineyards,Красное,Гранатовый,Крым
usadba-divnomorskoe-marselan-marselan-krasnoe-suhoe-149,usadba_divnomorskoe_marselan_marselan_krasnoe_suhoe_149_cfc4d7c708,usadba_divnomorskoe_marselan_marselan_krasnoe_suhoe_149_cfc4d7c708.webp,photo_exact,Marselan,Усадьба Дивноморское,Красное,Глубокий красный с чернильными оттенками,Кубань
gavras-masour-murvedr-rozovoe-suhoe-12,gavras_masour_murvedr_rozovoe_suhoe_12_9a98bd2fb0,gavras_masour_murvedr_rozovoe_suhoe_12_9a98bd2fb0.webp,photo_exact,Masour,GAVRAS,Розовое,Нежный лососевый,Крым
usadba-divnomorskoe-merlot-merlo-krasnoe-suhoe-149,usadba_divnomorskoe_merlot_merlo_krasnoe_suhoe_149_06c6e6e8aa,usadba_divnomorskoe_merlot_merlo_krasnoe_suhoe_149_06c6e6e8aa.webp,photo_exact,Merlot,Усадьба Дивноморское,Красное,Рубиновый с фиолетовым отливом,Кубань
chteau-le-grand-vostock-merlot-merlo-krasnoe-suhoe-14,chteau_le_grand_vostock_merlot_merlo_krasnoe_suhoe_14_b7ff8ad6c4,chteau_le_grand_vostock_merlot_merlo_krasnoe_suhoe_14_b7ff8ad6c4.webp,photo_exact,Merlot,Château Le Grand Vostock,Красное,Рубиновый,Кубань
ferrum-winery-merlot-merlo-krasnoe-suhoe-13,ferrum_winery_merlot_merlo_krasnoe_suhoe_13_bb60771e4b,ferrum_winery_merlot_merlo_krasnoe_suhoe_13_bb60771e4b.webp,photo_exact,Merlot,Ferrum Winery,Красное,Пурпурно-красный,Ставрополье
chteau-le-grand-vostock-merlot-reserve-merlo-krasnoe-suhoe-145,chteau_le_grand_vostock_merlot_reserve_merlo_krasnoe_suhoe_145_56be446fbd,chteau_le_grand_vostock_merlot_reserve_merlo_krasnoe_suhoe_145_56be446fbd.webp,photo_exact,Merlot Reserve,Château Le Grand Vostock,Красное,Рубиновый,Кубань
millstream-alamak-bryut-beloe,Alamak_bryut_beloe_2c9b3e074d,Alamak_bryut_beloe_2c9b3e074d.webp,photo_exact,MILLSTREAM Alamak брют белое,MILLSTREAM ,Белое,Светло-соломенный,Кубань
millstream-av-igristoe-molodoe-polusuhoe-beloe,AV_AB_molodoe_polusuhoe_beloe_94421f365d,AV_AB_molodoe_polusuhoe_beloe_94421f365d.webp,photo_exact,MILLSTREAM AV игристое молодое полусухое белое,MILLSTREAM ,Белое,Светло-золотистый,Кубань
millstream-av-igristoe-molodoe-suhoe-beloe,AV_AB_molodoe_suhoe_beloe_5e97393b71,AV_AB_molodoe_suhoe_beloe_5e97393b71.webp,photo_exact,"MILLSTREAM AV игристое молодое, сухое, белое",MILLSTREAM ,Белое,Светло-соломенный,Кубань
millstream-cellar-blanc-de-blanc-ekstra-bryut-beloe,Milstrim_Sellar_Cellar_BLANC_DE_BLANCS_Ekstra_bryut_5f039ba36e,Milstrim_Sellar_Cellar_BLANC_DE_BLANCS_Ekstra_bryut_5f039ba36e.webp,photo_exact,MILLSTREAM Cellar Blanc de Blanc игристое экстра брют белое,MILLSTREAM ,Белое,Золотистый,Кубань
millstream-cellar-select-blend-avtohtonov,Milstrim_Sellar_Cellar_Selekt_Blend_Avtohtonov_e81e864b68,Milstrim_Sellar_Cellar_Selekt_Blend_Avtohtonov_e81e864b68.webp,photo_exact,MILLSTREAM Cellar Select Бленд Автохтонов,MILLSTREAM ,Красное,Тёмно-рубиновый,Кубань
millstream-cellar-select-kaberne-sovinon,Milstrim_Sellar_Cellar_Selekt_KABERNE_SOVINON_b985f964b3,Milstrim_Sellar_Cellar_Selekt_KABERNE_SOVINON_b985f964b3.webp,photo_exact,MILLSTREAM Cellar Select Каберне Совиньон,MILLSTREAM ,Красное,Тёмно-красный с гранатовым оттенком,Кубань
millstream-cellar-select-krasnostop-zolotovskij,Milstrim_Sellar_Cellar_Selekt_Krasnostop_zolotovskij_226fd9ead3,Milstrim_Sellar_Cellar_Selekt_Krasnostop_zolotovskij_226fd9ead3.webp,photo_exact,MILLSTREAM Cellar Select Красностоп Золотовский,MILLSTREAM ,Красное,Тёмно-рубиновый с фиолетовым оттенком,Кубань
millstream-cellar-select-saperavi,Milstrim_Sellar_Cellar_Selekt_SAPERAVI_suhoe_krasnoe_b3fd335b8d,Milstrim_Sellar_Cellar_Selekt_SAPERAVI_suhoe_krasnoe_b3fd335b8d.webp,photo_exact,MILLSTREAM Cellar Select Саперави,MILLSTREAM ,Красное,Темно-рубиновый с фиолетовым оттенком,Кубань
millstream-cellar-vyderzhannoe-igristoe-polusuhoe-beloe,Milstrim_Sellar_Cellar_klassicheskoe_beloe_polusuhoe_a72226a735,Milstrim_Sellar_Cellar_klassicheskoe_beloe_polusuhoe_a72226a735.webp,photo_exact,MILLSTREAM Cellar выдержанное игристое полусухое белое,MILLSTREAM ,Белое,Соломенный,Кубань
millstream-cellar-rezerv-blend-4,Milstrim_Sellar_Cellar_Blend_4_suhoe_krasnoe_b6bf6ca178,Milstrim_Sellar_Cellar_Blend_4_suhoe_krasnoe_b6bf6ca178.webp,photo_exact,MILLSTREAM Cellar Резерв Бленд №4,MILLSTREAM ,Красное,Тёмно-красный с гранатовым оттенком,Кубань
miroir-de-talu-merlot-cabernet-sauvignon,Miroir_De_Talu_Merlot_Cabernet_Sauvignon_477ed75989,Miroir_De_Talu_Merlot_Cabernet_Sauvignon_477ed75989.webp,photo_exact,Miroir De Talu Merlot Cabernet Sauvignon,Chateau de Talu,Красное,Рубиновый,Кубань
miroir-de-talu-merlot-krasnostop,Miroir_De_Talu_Krasnostop_35f7acf3cd,Miroir_De_Talu_Krasnostop_35f7acf3cd.webp,photo_exact,Miroir De Talu Merlot Красностоп,Chateau de Talu,Красное,Терракотовый,Кубань
mont-blanc-cuvee,MB_igrist_Cuvee_vid_032026_kopiya_8bb830fcc2,MB_igrist_Cuvee_vid_032026_kopiya_8bb830fcc2.webp,photo_exact,Mont Blanc Cuvée,Шато АЛВИСА,Белое,Соломенный,Дагестан
mont-blanc-blanc-de-blancs,MB_igrist_Blanc_vid_032026_kopiya_5c6680d1ef,MB_igrist_Blanc_vid_032026_kopiya_5c6680d1ef.webp,photo_exact,"Mont Blanc, Blanc de Blancs",Шато АЛВИСА,Белое,Светло-соломенный,Дагестан
vinodelnya-batrak-monte-di-cammello-nuvola-bianca-risling-beloe-suhoe-12,vinodelnya_batrak_monte_di_cammello_nuvola_bianca_risling_beloe_suhoe_12_e818c16f4c,vinodelnya_batrak_monte_di_cammello_nuvola_bianca_risling_beloe_suhoe_12_e818c16f4c.webp,photo_exact,Monte Di Cammello Nuvola Bianca,Винодельня Батрак,Белое,Золотисто-соломенный,Ставрополье
monte-garu-beloe-bryut,ru_pim_78722001001_01_a64f7241c9,ru_pim_78722001001_01_a64f7241c9.webp,photo_exact,Monte Garu белое брют,Дербент Вино,Белое,Блестящий светло-соломенный цвет. В аромате вино раскрывается нотками косточковых фруктов и белых цветов. Вкус освежающий и сбалансированный.,Дагестан
monte-garu-beloe-polusladkoe,ru_pim_78716001001_01_3c2f0c7afe,ru_pim_78716001001_01_3c2f0c7afe.webp,photo_exact,Monte Garu белое полусладкое,Дербент Вино,Белое,Светло-соломенный,Дагестан
vibes-montepulciano-cabernet-franc-petit-verdot-montepulchano-krasnoe-suhoe-125,vibes_montepulciano_cabernet_franc_petit_verdot_montepulchano_krasnoe_suhoe_125_5642303e11,vibes_montepulciano_cabernet_franc_petit_verdot_montepulchano_krasnoe_suhoe_125_5642303e11.webp,photo_exact,Montepulciano – Cabernet Franc – Petit Verdot,Vibes,Красное,Рубиновый,Крым
gunko-winery-monumental-bryut-shardone-beloe-12,gunko_winery_monumental_bryut_shardone_igristoe_bryut_beloe_12_e0ca0a9975,gunko_winery_monumental_bryut_shardone_igristoe_bryut_beloe_12_e0ca0a9975.webp,photo_exact,Monumental брют,Gunko Winery,Белое,Золотисто-соломенный,Кубань
gunko-winery-monumental-saperavi-krasnoe-suhoe-145,gunko_winery_monumental_saperavi_krasnoe_suhoe_145_6e796e0d26,gunko_winery_monumental_saperavi_krasnoe_suhoe_145_6e796e0d26.webp,photo_exact,Monumental Саперави,Gunko Winery,Красное,Насыщенный рубиновый,Кубань
agrolayn-mountain-eagle-aleatico-rose-aleatiko-rozovoe-suhoe-125,agrolayn_mountain_eagle_aleatico_rose_aleatiko_rozovoe_suhoe_125_2fca230608,agrolayn_mountain_eagle_aleatico_rose_aleatiko_rozovoe_suhoe_125_2fca230608.webp,photo_exact,Mountain Eagle Aleatico Rose,Агролайн,Розовое,Насыщенный лососевый,Дагестан
agrolayn-mountain-eagle-cabernet-sauvignon-kaberne-sovinon-krasnoe-suhoe-135,agrolayn_mountain_eagle_cabernet_sauvignon_kaberne_sovinon_krasnoe_suhoe_135_c2ea2996ff,agrolayn_mountain_eagle_cabernet_sauvignon_kaberne_sovinon_krasnoe_suhoe_135_c2ea2996ff.webp,photo_exact,Mountain Eagle Cabernet Sauvignon,Агролайн,Красное,рубиново-красный с пурпурными отблесками.,Дагестан
agrolayn-mountain-eagle-chardonnay-shardone-beloe-suhoe-12,agrolayn_mountain_eagle_chardonnay_shardone_beloe_suhoe_12_787345e979,agrolayn_mountain_eagle_chardonnay_shardone_beloe_suhoe_12_787345e979.webp,photo_exact,Mountain Eagle Chardonnay,Агролайн,Белое,Светло-золотистый,Дагестан
agrolayn-mountain-eagle-marselan-marselan-krasnoe-suhoe-13,agrolayn_mountain_eagle_marselan_marselan_krasnoe_suhoe_13_918dcc5044,agrolayn_mountain_eagle_marselan_marselan_krasnoe_suhoe_13_918dcc5044.webp,photo_exact,Mountain Eagle Marselan,Агролайн,Красное,Рубиново-красный,Дагестан
agrolayn-mountain-eagle-muscat-muskat-beloe-suhoe-125,agrolayn_mountain_eagle_muscat_muskat_beloe_suhoe_125_1592a7a3e1,agrolayn_mountain_eagle_muscat_muskat_beloe_suhoe_125_1592a7a3e1.webp,photo_exact,Mountain Eagle Muscat,Агролайн,Белое,Светло-лимонный,Дагестан
agrolayn-mountain-eagle-pedro-ximenez-pedro-himenes-beloe-suhoe-11,agrolayn_mountain_eagle_pedro_ximenez_pedro_himenes_beloe_suhoe_11_f778a838b5,agrolayn_mountain_eagle_pedro_ximenez_pedro_himenes_beloe_suhoe_11_f778a838b5.webp,photo_exact,Mountain Eagle Pedro Ximenez,Агролайн,Белое,Бледного соломенного,Дагестан
agrolayn-mountain-eagle-saperavi-saperavi-krasnoe-suhoe-135,agrolayn_mountain_eagle_saperavi_saperavi_krasnoe_suhoe_135_6d3f5cfe1e,agrolayn_mountain_eagle_saperavi_saperavi_krasnoe_suhoe_135_6d3f5cfe1e.webp,photo_exact,Mountain Eagle Saperavi,Агролайн,Красное,Темно-рубиновый,Дагестан
agrolayn-mountain-eagle-sauvignon-blanc-sovinon-blan-beloe-suhoe-125,agrolayn_mountain_eagle_sauvignon_blanc_sovinon_blan_beloe_suhoe_125_4e32ec4820,agrolayn_mountain_eagle_sauvignon_blanc_sovinon_blan_beloe_suhoe_125_4e32ec4820.webp,photo_exact,Mountain Eagle Sauvignon Blanc,Агролайн,Белое,Светло-золотистый,Дагестан
agrolayn-mountain-eagle-semillon-semilon-beloe-suhoe-11,agrolayn_mountain_eagle_semillon_semilon_beloe_suhoe_11_6f41e3735a,agrolayn_mountain_eagle_semillon_semilon_beloe_suhoe_11_6f41e3735a.webp,photo_exact,Mountain Eagle Semillon,Агролайн,Белое,Золотисто-соломенный,Дагестан
agrolayn-mountain-eagle-viognier-vione-beloe-suhoe-115,agrolayn_mountain_eagle_viognier_vione_beloe_suhoe_115_841c23d57a,agrolayn_mountain_eagle_viognier_vione_beloe_suhoe_115_841c23d57a.webp,photo_exact,Mountain Eagle Viognier,Агролайн,Белое,светлый соломенно-желтый цвет.,Дагестан
agrolayn-mountain-eagle-white-blend-vione-beloe-suhoe-115,agrolayn_mountain_eagle_white_blend_vione_beloe_suhoe_115_30af9f7827,agrolayn_mountain_eagle_white_blend_vione_beloe_suhoe_115_30af9f7827.webp,photo_exact,Mountain Eagle White Blend,Агролайн,Белое,Светло-соломенный с желтым отливом,Дагестан
andryus-yutsis-muscat-blanc-muskat-beloe-suhoe-112,andryus_yutsis_muscat_blanc_muskat_beloe_suhoe_112_efea231a5f,andryus_yutsis_muscat_blanc_muskat_beloe_suhoe_112_efea231a5f.webp,photo_exact,Muscat Blanc,Andryus Yutsis,Белое,Соломенный,Крым
vinogradniki-gay-kodzora-muscat-de-gai-kodzor-sladkiy-muskat-aleksandriyskiy-beloe-sladkoe-14,vinogradniki_gay_kodzora_muscat_de_gai_kodzor_sladkiy_muskat_aleksandriyskiy_beloe_sladkoe_14_b6db28874b,vinogradniki_gay_kodzora_muscat_de_gai_kodzor_sladkiy_muskat_aleksandriyskiy_beloe_sladkoe_14_b6db28874b.webp,photo_exact,Muscat de Gai-Kodzor сладкий,Виноградники Гай-Кодзора,Белое,Золотистый,Кубань
vinogradniki-gay-kodzora-muscat-ga-kodzor-muskat-melkozernistyy-beloe-suhoe-12,vinogradniki_gay_kodzora_muscat_ga_kodzor_muskat_melkozernistyy_beloe_suhoe_12_b15bbb92d8,vinogradniki_gay_kodzora_muscat_ga_kodzor_muskat_melkozernistyy_beloe_suhoe_12_b15bbb92d8.webp,photo_exact,Muscat Gaï-Kodzor,Виноградники Гай-Кодзора,Белое,Светло-золотистый,Кубань
usadba-divnomorskoe-muscat-ottonel-muskat-ottonel-beloe-sladkoe-135,usadba_divnomorskoe_muscat_ottonel_muskat_ottonel_beloe_sladkoe_135_e8a0643fd7,usadba_divnomorskoe_muscat_ottonel_muskat_ottonel_beloe_sladkoe_135_e8a0643fd7.webp,photo_exact,Muscat Ottonel,Усадьба Дивноморское,Белое,Блестящий светло-янтарный,Кубань
naomi-2022,Naomi_22_61d7c5eeff,Naomi_22_61d7c5eeff.webp,photo_exact,"Naomi, 2022",WINEMAFIA,Розовое,Ягодно-насыщенный барбарисовый,Кубань
naomi-2023,Naomi_23_206944817c,Naomi_23_206944817c.webp,photo_exact,"Naomi, 2023",WINEMAFIA,Розовое,"Розовый, ягодно-насыщенный",Кубань
nebbiolo,nebbiolo_43312005b9,nebbiolo_43312005b9.webp,photo_exact,Nebbiolo,Галицкий и Галицкий,Красное,Гранатово-красный,Кубань
esse-nectar-muscat-muskat-belyy-beloe-polusuhoe-12,esse_nectar_muscat_muskat_belyy_igristoe_polusuhoe_beloe_12_5b5a2eb0f1,esse_nectar_muscat_muskat_belyy_igristoe_polusuhoe_beloe_12_5b5a2eb0f1.webp,photo_exact,Nectar Muscat,ESSE,Белое,Светло-соломенный цвет с ярким блеском и слаженной игрой пузырьков.,Крым
golubitskoe-estate-noble-selection-red-blend-kaberne-sovinon-krasnoe-suhoe-136,golubitskoe_estate_noble_selection_red_blend_kaberne_sovinon_krasnoe_suhoe_136_37a3acdce0,golubitskoe_estate_noble_selection_red_blend_kaberne_sovinon_krasnoe_suhoe_136_37a3acdce0.webp,photo_exact,Noble Selection Red Blend,Golubitskoe Estate,Красное,Красивый гранатово-красный,Кубань
golubitskoe-estate-noble-selection-white-blend-shardone-beloe-suhoe-135,golubitskoe_estate_noble_selection_white_blend_shardone_beloe_suhoe_135_3e16d234be,golubitskoe_estate_noble_selection_white_blend_shardone_beloe_suhoe_135_3e16d234be.webp,photo_exact,Noble Selection White Blend,Golubitskoe Estate,Белое,Светло-соломенный,Кубань
pomeste-golubitskoe-noble-selection-pino-nuar-roze-rozovoe-suhoe-132,pomeste_golubitskoe_noble_selection_pino_nuar_roze_rozovoe_suhoe_132_8c761a20cf,pomeste_golubitskoe_noble_selection_pino_nuar_roze_rozovoe_suhoe_132_8c761a20cf.webp,photo_exact,Noble Selection. Пино Нуар розе,Golubitskoe Estate,Розовое,Вино бледно-лососевого цвета.,Кубань
nosorog-gold,Nosorog_zolotoj_17ef77cf25,Nosorog_zolotoj_17ef77cf25.webp,photo_exact,Nosorog gold,WINEMAFIA,Красное,Глубокий рубиновый с гранатовыми бликами,Кубань
nosorog-night,Nosorog_noch_bdcfc8be7f,Nosorog_noch_bdcfc8be7f.webp,photo_exact,Nosorog night,WINEMAFIA,Красное,Глубокий рубиновый,Кубань
esse-odessa-black-odesskiy-chernyy-krasnoe-suhoe-12,esse_odessa_black_odesskiy_chernyy_krasnoe_suhoe_12_0708fdaee7,esse_odessa_black_odesskiy_chernyy_krasnoe_suhoe_12_0708fdaee7.webp,photo_exact,Odessa black,ESSE,Красное,Фиолетово-красный,Крым
opium,Opium_68e7c19bd9,Opium_68e7c19bd9.webp,photo_exact,"Opium, 2020",WINEMAFIA,Красное,Глубокий рубиновый,Кубань
andryus-yutsis-orange-vermentino-beloe-suhoe-112,andryus_yutsis_orange_vermentino_beloe_suhoe_112_656c4e7348,andryus_yutsis_orange_vermentino_beloe_suhoe_112_656c4e7348.webp,photo_exact,Orange,Andryus Yutsis,Белое,Яркий золотисто-персиковый,Крым
orange,Orange_b3f73ad1d2,Orange_b3f73ad1d2.webp,photo_exact,"Orange, 2023",WINEMAFIA,Белое,Сухой насыщенной соломы,Кубань
andryus-yutsis-organic-syrah-sira-krasnoe-suhoe-135,andryus_yutsis_organic_syrah_sira_krasnoe_suhoe_135_7e2b3955da,andryus_yutsis_organic_syrah_sira_krasnoe_suhoe_135_7e2b3955da.webp,photo_exact,Organic Syrah,Andryus Yutsis,Красное,Вишнево-рубиновый,Крым
fanagoriya-par-amour-pervenets-magaracha-beloe-polusladkoe-105-125,fanagoriya_par_amour_pervenets_magaracha_beloe_polusladkoe_105_125_937ddaffd1,fanagoriya_par_amour_pervenets_magaracha_beloe_polusladkoe_105_125_937ddaffd1.webp,photo_exact,Par Amour,Фанагория,Белое,Соломенный,Кубань
fanagoriya-par-amour-rubin-golodrigi-krasnoe-polusladkoe-105-125,fanagoriya_par_amour_rubin_golodrigi_krasnoe_polusladkoe_105_125_7e0aec2668,fanagoriya_par_amour_rubin_golodrigi_krasnoe_polusladkoe_105_125_7e0aec2668.webp,photo_exact,Par Amour,Фанагория,Красное,Рубиновый,Кубань
fanagoriya-par-amour-pervenets-magaracha-rozovoe-polusuhoe-105-125,fanagoriya_par_amour_pervenets_magaracha_rozovoe_polusuhoe_105_125_861e969490,fanagoriya_par_amour_pervenets_magaracha_rozovoe_polusuhoe_105_125_861e969490.webp,photo_exact,Par Amour,Фанагория,Розовое,Розовый,Кубань
fanagoriya-par-amour-pervenets-magaracha-beloe-polusuhoe-105-125,fanagoriya_par_amour_pervenets_magaracha_beloe_polusuhoe_105_125_6db75a4f18,fanagoriya_par_amour_pervenets_magaracha_beloe_polusuhoe_105_125_6db75a4f18.webp,photo_exact,Par Amour,Фанагория,Белое,Соломенный,Кубань
uppa-winery-pavel-shvets-cabernet-sauvignon-merlot-kaberne-sovinon-krasnoe-suhoe-14,uppa_winery_pavel_shvets_cabernet_sauvignon_merlot_kaberne_sovinon_krasnoe_suhoe_14_da1b1f8614,uppa_winery_pavel_shvets_cabernet_sauvignon_merlot_kaberne_sovinon_krasnoe_suhoe_14_da1b1f8614.webp,photo_exact,Pavel Shvets. Cabernet Sauvignon - Merlot,Uppa Winery,Красное,Насыщенный пурпурный,Крым
fanagoriya-pelle-calda-saperavi-krasnoe-suhoe-155,fanagoriya_pelle_calda_saperavi_krasnoe_suhoe_155_9c9a89ab23,fanagoriya_pelle_calda_saperavi_krasnoe_suhoe_155_9c9a89ab23.webp,photo_exact,Pelle Calda,Фанагория,Красное,Тёмно-рубиновый,Кубань
domaine-lipko-penpalo-cabernet-sauvignon-domaine-lipko-kaberne-sovinon-krasnoe-suhoe-14,domaine_lipko_penpalo_cabernet_sauvignon_domaine_lipko_kaberne_sovinon_krasnoe_suhoe_14_49831aa29f,domaine_lipko_penpalo_cabernet_sauvignon_domaine_lipko_kaberne_sovinon_krasnoe_suhoe_14_49831aa29f.webp,photo_exact,Penpalo Cabernet Sauvignon Domaine Lipko,Domaine Lipko,Красное,"Рубиновый, с гранатовым отливом",Крым
domaine-lipko-penpalo-chardonnay-domaine-lipko-shardone-beloe-suhoe-122,domaine_lipko_penpalo_chardonnay_domaine_lipko_shardone_beloe_suhoe_122_84467c3576,domaine_lipko_penpalo_chardonnay_domaine_lipko_shardone_beloe_suhoe_122_84467c3576.webp,photo_exact,Penpalo Chardonnay Domaine Lipko,Domaine Lipko,Белое,Ярко-золотистый с зеленоватыми отблесками.,Крым
domaine-lipko-penpalo-kaberne-sovinon-krasnoe-suhoe-14,domaine_lipko_penpalo_kaberne_sovinon_krasnoe_suhoe_14_669809a88b,domaine_lipko_penpalo_kaberne_sovinon_krasnoe_suhoe_14_669809a88b.webp,photo_exact,Penpalo Каберне Совиньон,Domaine Lipko,Красное,Рубиново-красный,Крым
vinodelnya-batrak-perfekt-klassik-kaberne-sovinon-krasnoe-suhoe-135,vinodelnya_batrak_perfekt_klassik_kaberne_sovinon_krasnoe_suhoe_135_0e92236937,vinodelnya_batrak_perfekt_klassik_kaberne_sovinon_krasnoe_suhoe_135_0e92236937.webp,photo_exact,Perfekt Klassik Каберне Совиньон,Винодельня Батрак,Красное,Глубокий рубиновый,Ставрополье
vinodelnya-batrak-perfekt-klassik-kaberne-fran-krasnoe-suhoe-135,vinodelnya_batrak_perfekt_klassik_kaberne_fran_krasnoe_suhoe_135_dd739a7a0d,vinodelnya_batrak_perfekt_klassik_kaberne_fran_krasnoe_suhoe_135_dd739a7a0d.webp,photo_exact,Perfekt Klassik Каберне Фран,Винодельня Батрак,Красное,Красно-бордовый,Ставрополье
vinodelnya-batrak-perfekt-klassik-merlo-krasnoe-suhoe-135,vinodelnya_batrak_perfekt_klassik_merlo_krasnoe_suhoe_135_1949b2cb69,vinodelnya_batrak_perfekt_klassik_merlo_krasnoe_suhoe_135_1949b2cb69.webp,photo_exact,Perfekt Klassik Мерло,Винодельня Батрак,Красное,Пурпурный,Ставрополье
vinodelnya-batrak-perfekt-klassik-muskat-belyy-beloe-suhoe-125,vinodelnya_batrak_perfekt_klassik_muskat_belyy_beloe_suhoe_125_bfb281d569,vinodelnya_batrak_perfekt_klassik_muskat_belyy_beloe_suhoe_125_bfb281d569.webp,photo_exact,Perfekt Klassik Мускат Белый,Винодельня Батрак,Белое,Светло-золотистый,Ставрополье
vinodelnya-batrak-perfekt-klassik-muskat-rozovyy-rozovoe-suhoe-125,vinodelnya_batrak_perfekt_klassik_muskat_rozovyy_rozovoe_suhoe_125_3a24f57798,vinodelnya_batrak_perfekt_klassik_muskat_rozovyy_rozovoe_suhoe_125_3a24f57798.webp,photo_exact,Perfekt Klassik Мускат Розовый,Винодельня Батрак,Розовое,Розово-лососевый,Ставрополье
vinodelnya-batrak-perfekt-klassik-saperavi-krasnoe-suhoe-135,vinodelnya_batrak_perfekt_klassik_saperavi_krasnoe_suhoe_135_b23c1c2ed9,vinodelnya_batrak_perfekt_klassik_saperavi_krasnoe_suhoe_135_b23c1c2ed9.webp,photo_exact,Perfekt Klassik Саперави,Винодельня Батрак,Красное,Темно-красный с гранатовыми бликами,Ставрополье
vinodelnya-batrak-perfekt-klassik-sovinon-blan-beloe-suhoe-125,vinodelnya_batrak_perfekt_klassik_sovinon_blan_beloe_suhoe_125_e4ffa2ef0b,vinodelnya_batrak_perfekt_klassik_sovinon_blan_beloe_suhoe_125_e4ffa2ef0b.webp,photo_exact,Perfekt Klassik Совиньон блан,Винодельня Батрак,Белое,"Соломенный, с зеленовато-золотистыми бликами",Ставрополье
vinodelnya-batrak-perfekt-klassik-pino-nuar-krasnoe-suhoe-12,vinodelnya_batrak_perfekt_klassik_pino_nuar_krasnoe_suhoe_12_7ab6869f03,vinodelnya_batrak_perfekt_klassik_pino_nuar_krasnoe_suhoe_12_7ab6869f03.webp,photo_exact,Perfekt Klassik. Пино Нуар,Винодельня Батрак,Красное,Красно-гранатовый,Ставрополье
esse-petit-verdot-pti-verdo-krasnoe-suhoe-13,esse_petit_verdot_pti_verdo_krasnoe_suhoe_13_cd1d881696,esse_petit_verdot_pti_verdo_krasnoe_suhoe_13_cd1d881696.webp,photo_exact,Petit Verdot,ESSE,Красное,Темно-рубиновый,Крым
domaine-lipko-petit-verdot-domaine-lipko-pti-verdo-krasnoe-suhoe-14,domaine_lipko_petit_verdot_domaine_lipko_pti_verdo_krasnoe_suhoe_14_d4fda4146c,domaine_lipko_petit_verdot_domaine_lipko_pti_verdo_krasnoe_suhoe_14_d4fda4146c.webp,photo_exact,Petit Verdot Domaine Lipko,Domaine Lipko,Красное,Темно-рубиновый,Крым
petrouchka,petrushka_b748b8a4ba,petrushka_b748b8a4ba.webp,photo_exact,Petrouchka,Галицкий и Галицкий,Белое,Золотисто-соломенный,Кубань
belmas-winery-pg-pino-gri-beloe-suhoe-125,belmas_winery_pg_pino_gri_beloe_suhoe_125_8b94234880,belmas_winery_pg_pino_gri_beloe_suhoe_125_8b94234880.webp,photo_exact,Pg,Belmas Winery,Белое,Блестяще-золотой с розовым блеском,Крым
zolotaya-balka-pink-sira-rozovoe-suhoe-13,zolotaya_balka_pink_sira_rozovoe_suhoe_13_81a00fb2ab,zolotaya_balka_pink_sira_rozovoe_suhoe_13_81a00fb2ab.webp,photo_exact,Pink,Золотая Балка,Розовое,"Светло-розовый, блестящий",Крым
oleg-repin-pinot-blanc-pino-blan-beloe-suhoe-13,oleg_repin_pinot_blanc_pino_blan_beloe_suhoe_13_2610f35c83,oleg_repin_pinot_blanc_pino_blan_beloe_suhoe_13_2610f35c83.webp,photo_exact,Pinot Blanc,Oleg Repin,Белое,Светло-соломенный,Крым
andryus-yutsis-pinot-grigio-pino-gri-beloe-suhoe-125,andryus_yutsis_pinot_grigio_pino_gri_beloe_suhoe_125_62e4b88fbe,andryus_yutsis_pinot_grigio_pino_gri_beloe_suhoe_125_62e4b88fbe.webp,photo_exact,Pinot Grigio,Andryus Yutsis,Белое,Бледно-соломенный с лимонным оттенком,Крым
belmas-winery-pinot-gris-belmas-pino-gri-beloe-suhoe-122,belmas_winery_pinot_gris_belmas_pino_gri_beloe_suhoe_122_1fe1641b7c,belmas_winery_pinot_gris_belmas_pino_gri_beloe_suhoe_122_1fe1641b7c.webp,photo_exact,Pinot Gris Belmas,Belmas Winery,Белое,Блестяще-золотой,Крым
chteau-le-grand-vostock-pinot-gris-reserve-pino-gri-beloe-suhoe-135,chteau_le_grand_vostock_pinot_gris_reserve_pino_gri_beloe_suhoe_135_92e725d8d8,chteau_le_grand_vostock_pinot_gris_reserve_pino_gri_beloe_suhoe_135_92e725d8d8.webp,photo_exact,Pinot Gris Reserve,Château Le Grand Vostock,Белое,Золотистый,Кубань
chteau-le-grand-vostock-pinot-gris-rose-reserve-pino-gri-rozovoe-suhoe-14,chteau_le_grand_vostock_pinot_gris_rose_reserve_pino_gri_rozovoe_suhoe_14_7accd7f3e7,chteau_le_grand_vostock_pinot_gris_rose_reserve_pino_gri_rozovoe_suhoe_14_7accd7f3e7.webp,photo_exact,Pinot Gris Rose Reserve,Château Le Grand Vostock,Розовое,Розовый,Кубань
oleg-repin-pinot-noir-pino-nuar-krasnoe-suhoe-135,oleg_repin_pinot_noir_pino_nuar_krasnoe_suhoe_135_f18d6b415e,oleg_repin_pinot_noir_pino_nuar_krasnoe_suhoe_135_f18d6b415e.webp,photo_exact,Pinot Noir,Oleg Repin,Красное,Рубиновый,Крым
ferrum-winery-pinot-noir-pino-nuar-rozovoe-suhoe-13,ferrum_winery_pinot_noir_pino_nuar_rozovoe_suhoe_13_a5380de052,ferrum_winery_pinot_noir_pino_nuar_rozovoe_suhoe_13_a5380de052.webp,photo_exact,Pinot Noir,Ferrum Winery,Розовое,Розово-персиковый с легким коралловым оттенком.,Ставрополье
usadba-divnomorskoe-pinot-noir-pino-nuar-krasnoe-suhoe-12,usadba_divnomorskoe_pinot_noir_pino_nuar_krasnoe_suhoe_12_6b0fcd6e22,usadba_divnomorskoe_pinot_noir_pino_nuar_krasnoe_suhoe_12_6b0fcd6e22.webp,photo_exact,Pinot Noir,Усадьба Дивноморское,Красное,Светло-рубиновый,Кубань
domaine-lipko-pinot-noir-domaine-lipko-pino-nuar-krasnoe-suhoe-133,domaine_lipko_pinot_noir_domaine_lipko_pino_nuar_krasnoe_suhoe_133_a7c8791c9f,domaine_lipko_pinot_noir_domaine_lipko_pino_nuar_krasnoe_suhoe_133_a7c8791c9f.webp,photo_exact,Pinot Noir Domaine Lipko,Domaine Lipko,Красное,Бледно-рубиновый,Крым
chteau-le-grand-vostock-pinot-noir-reserve-pino-nuar-krasnoe-suhoe-135,chteau_le_grand_vostock_pinot_noir_reserve_pino_nuar_krasnoe_suhoe_135_06d37ba366,chteau_le_grand_vostock_pinot_noir_reserve_pino_nuar_krasnoe_suhoe_135_06d37ba366.webp,photo_exact,Pinot Noir Reserve,Château Le Grand Vostock,Красное,Рубиновый,Кубань
oleg-repin-pinot-noir-v-pino-nuar-krasnoe-suhoe-125,oleg_repin_pinot_noir_v_pino_nuar_krasnoe_suhoe_125_445677a47f,oleg_repin_pinot_noir_v_pino_nuar_krasnoe_suhoe_125_445677a47f.webp,photo_exact,Pinot Noir В,Oleg Repin,Красное,Рубиновый,Крым
belmas-winery-pn-pino-nuar-krasnoe-suhoe-135,belmas_winery_pn_pino_nuar_krasnoe_suhoe_135_f23c819c6d,belmas_winery_pn_pino_nuar_krasnoe_suhoe_135_f23c819c6d.webp,photo_exact,Pn,Belmas Winery,Красное,Тёмно-рубиновый,Крым
massandra-premium-sangiovese-sandzhoveze-krasnoe-suhoe-13,massandra_premium_sangiovese_sandzhoveze_krasnoe_suhoe_13_9ec620eaff,massandra_premium_sangiovese_sandzhoveze_krasnoe_suhoe_13_9ec620eaff.webp,photo_exact,Premium Sangiovese,Массандра,Красное,Рубиновый с гранатовым отливом,Крым
fanagoriya-primum-alveus-blanc-de-blancs-2017-shardone-igristoe-bryut-beloe-12,fanagoriya_primum_alveus_blanc_de_blancs_2017_shardone_igristoe_bryut_beloe_12_1cb2145fb9,fanagoriya_primum_alveus_blanc_de_blancs_2017_shardone_igristoe_bryut_beloe_12_1cb2145fb9.webp,photo_exact,Primum Alveus Blanc de Blancs 2017,Фанагория,Белое,Светло-золотистый,Кубань
fanagoriya-primum-alveus-blanc-de-blancs-ekstra-bryut-2019-shardone-beloe-11-13,fanagoriya_primum_alveus_blanc_de_blancs_ekstra_bryut_2019_shardone_beloe_11_13_8a2416fff5,fanagoriya_primum_alveus_blanc_de_blancs_ekstra_bryut_2019_shardone_beloe_11_13_8a2416fff5.webp,photo_exact,Primum Alveus Blanc De Blancs Экстра Брют 2019,Фанагория,Белое,Соломенный,Кубань
fanagoriya-primum-alveus-brut-2014-shardone-igristoe-bryut-beloe-12,fanagoriya_primum_alveus_brut_2014_shardone_igristoe_bryut_beloe_12_9cc32014b2,fanagoriya_primum_alveus_brut_2014_shardone_igristoe_bryut_beloe_12_9cc32014b2.webp,photo_exact,Primum Alveus Brut 2014,Фанагория,Белое,Соломенный,Кубань
fanagoriya-primum-alveus-brut-2016-shardone-igristoe-bryut-beloe-12,fanagoriya_primum_alveus_brut_2016_shardone_igristoe_bryut_beloe_12_003b2ef29a,fanagoriya_primum_alveus_brut_2016_shardone_igristoe_bryut_beloe_12_003b2ef29a.webp,photo_exact,Primum Alveus Brut 2016,Фанагория,Белое,Соломенный,Кубань
fanagoriya-primum-alveus-brut-2017-shardone-igristoe-bryut-beloe-12,fanagoriya_primum_alveus_brut_2017_shardone_igristoe_bryut_beloe_12_40dd626204,fanagoriya_primum_alveus_brut_2017_shardone_igristoe_bryut_beloe_12_40dd626204.webp,photo_exact,Primum Alveus Brut 2017,Фанагория,Белое,Соломенный,Кубань
fanagoriya-primum-alveus-extra-brut-2014-pino-nuar-beloe-bryut-12,fanagoriya_primum_alveus_extra_brut_2014_pino_nuar_beloe_bryut_12_06194497ba,fanagoriya_primum_alveus_extra_brut_2014_pino_nuar_beloe_bryut_12_06194497ba.webp,photo_exact,Primum Alveus Extra Brut 2014,Фанагория,Белое,Светло-золотистый,Кубань
fanagoriya-primum-alveus-extra-brut-2016-shardone-beloe-bryut-12,fanagoriya_primum_alveus_extra_brut_2016_shardone_beloe_bryut_12_b865355639,fanagoriya_primum_alveus_extra_brut_2016_shardone_beloe_bryut_12_b865355639.webp,photo_exact,Primum Alveus Extra Brut 2016,Фанагория,Белое,Светло-золотистый,Кубань
fanagoriya-primum-alveus-extra-brut-rose-2014-pino-nuar-rozovoe-bryut-12,fanagoriya_primum_alveus_extra_brut_rose_2014_pino_nuar_rozovoe_bryut_12_05917c9a77,fanagoriya_primum_alveus_extra_brut_rose_2014_pino_nuar_rozovoe_bryut_12_05917c9a77.webp,photo_exact,Primum Alveus Extra Brut Rose 2014,Фанагория,Розовое,Розовый,Кубань
fanagoriya-primum-alveus-blanc-de-noirs-meunier-ekstra-bryut-2019-mene-beloe-11-13,fanagoriya_primum_alveus_blanc_de_noirs_meunier_ekstra_bryut_2019_mene_beloe_11_13_5e42a8faca,fanagoriya_primum_alveus_blanc_de_noirs_meunier_ekstra_bryut_2019_mene_beloe_11_13_5e42a8faca.webp,photo_exact,Primum Alveus. Blanc de Noirs. Meunier. Экстра брют 2019,Фанагория,Белое,Соломенный,Кубань
fanagoriya-primum-alveus-brut-2021-shardone-beloe-bryut-11-13,fanagoriya_primum_alveus_brut_2021_shardone_beloe_bryut_11_13_0f4e9e5d49,fanagoriya_primum_alveus_brut_2021_shardone_beloe_bryut_11_13_0f4e9e5d49.webp,photo_exact,Primum Alveus. Brut 2021,Фанагория,Белое,Соломенный,Кубань
fanagoriya-primum-alveus-bryut-2019-pino-nuar-igristoe-bryut-rozovoe-11-13,fanagoriya_primum_alveus_bryut_2019_pino_nuar_igristoe_bryut_rozovoe_11_13_85e68acaf3,fanagoriya_primum_alveus_bryut_2019_pino_nuar_igristoe_bryut_rozovoe_11_13_85e68acaf3.webp,photo_exact,Primum Alveus. Брют 2019,Фанагория,Розовое,Светло-розовый,Кубань
fanagoriya-primum-alveus-ekstra-bryut-2017-pino-nuar-beloe-11-13,fanagoriya_primum_alveus_ekstra_bryut_2017_pino_nuar_beloe_11_13_278cb95a09,fanagoriya_primum_alveus_ekstra_bryut_2017_pino_nuar_beloe_11_13_278cb95a09.webp,photo_exact,Primum Alveus. Экстра-брют 2017,Фанагория,Белое,Светло-соломенный с зеленоватыми оттенками,Кубань
aya-organic-wine-vineyards-purity-in-chenin-blanc-shenen-blan-beloe-suhoe-11,PURITY_Chenin_Blanc_no_bg_preview_carve_photos_7cc1a42466,PURITY_Chenin_Blanc_no_bg_preview_carve_photos_7cc1a42466.webp,photo_exact,Purity in Chenin Blanc,AYA Organic Wine & Vineyards,Белое,Бледно-соломенный цвет с золотистыми отблесками.,Крым
aya-organic-wine-vineyards-purity-in-merlot-merlo-rozovoe-suhoe-134,aya_organic_wine_vineyards_purity_in_merlot_merlo_rozovoe_suhoe_134_9e5858ac67,aya_organic_wine_vineyards_purity_in_merlot_merlo_rozovoe_suhoe_134_9e5858ac67.webp,photo_exact,Purity in Merlot,AYA Organic Wine & Vineyards,Розовое,Светло-розовый,Крым
aya-organic-wine-vineyards-purity-in-syrah-sira-krasnoe-suhoe-146,aya_organic_wine_vineyards_purity_in_syrah_sira_krasnoe_suhoe_146_1d4164b8db,aya_organic_wine_vineyards_purity_in_syrah_sira_krasnoe_suhoe_146_1d4164b8db.webp,photo_exact,Purity in Syrah,AYA Organic Wine & Vineyards,Красное,Насыщенный рубиновый с пурпурным отблеском,Крым
aya-organic-wine-vineyards-purity-in-syrah-sira-rozovoe-suhoe-132,aya_organic_wine_vineyards_purity_in_syrah_sira_rozovoe_suhoe_132_56159ed421,aya_organic_wine_vineyards_purity_in_syrah_sira_rozovoe_suhoe_132_56159ed421.webp,photo_exact,Purity in Syrah,AYA Organic Wine & Vineyards,Розовое,Светло-розовый,Крым
aya-organic-wine-vineyards-purity-in-trinity-pino-nuar-rozovoe-suhoe-13,aya_organic_wine_vineyards_purity_in_trinity_pino_nuar_rozovoe_suhoe_13_a16516170d,aya_organic_wine_vineyards_purity_in_trinity_pino_nuar_rozovoe_suhoe_13_a16516170d.webp,photo_exact,Purity in Trinity,AYA Organic Wine & Vineyards,Розовое,Насыщенный красно-коралловый,Крым
fanagoriya-q-blanc-sovinon-blan-beloe-suhoe-14,fanagoriya_q_blanc_sovinon_blan_beloe_suhoe_14_0f9d610da3,fanagoriya_q_blanc_sovinon_blan_beloe_suhoe_14_0f9d610da3.webp,photo_exact,Q Blanc,Фанагория,Белое,Светло-соломенный,Кубань
fanagoriya-q-bordeaux-blend-kaberne-sovinon-krasnoe-suhoe-135,fanagoriya_q_bordeaux_blend_kaberne_sovinon_krasnoe_suhoe_135_ab9142098e,fanagoriya_q_bordeaux_blend_kaberne_sovinon_krasnoe_suhoe_135_ab9142098e.webp,photo_exact,Q Bordeaux Blend,Фанагория,Красное,Рубиновый,Кубань
vinodelnya-myshako-quintessence-brut-vione-beloe-bryut-115,vinodelnya_myshako_quintessence_brut_vione_igristoe_bryut_beloe_115_31a5f96a86,vinodelnya_myshako_quintessence_brut_vione_igristoe_bryut_beloe_115_31a5f96a86.webp,photo_exact,Quintessence Brut. Вионье,Мысхако,Белое,Светло-соломенный,Кубань
vinodelnya-myshako-quintessence-brut-muskat-muskat-belyy-beloe-bryut-12,vinodelnya_myshako_quintessence_brut_muskat_muskat_belyy_igristoe_bryut_beloe_12_b16de08f25,vinodelnya_myshako_quintessence_brut_muskat_muskat_belyy_igristoe_bryut_beloe_12_b16de08f25.webp,photo_exact,Quintessence Brut. Мускат,Мысхако,Белое,Соломенный,Кубань
vinodelnya-myshako-quintessence-new-generation-brut-white-shardone-beloe-bryut-11,vinodelnya_myshako_quintessence_new_generation_brut_white_shardone_igristoe_bryut_beloe_11_a6ff8c556a,vinodelnya_myshako_quintessence_new_generation_brut_white_shardone_igristoe_bryut_beloe_11_a6ff8c556a.webp,photo_exact,Quintessence New Generation. Brut White,Мысхако,Белое,Светло-соломенный,Кубань
vinodelnya-myshako-quintessence-new-generation-semi-dry-rose-pino-nuar-rozovoe-polusuhoe-11,vinodelnya_myshako_quintessence_new_generation_semi_dry_rose_pino_nuar_igristoe_polusuhoe_rozovoe_11_541c16ca91,vinodelnya_myshako_quintessence_new_generation_semi_dry_rose_pino_nuar_igristoe_polusuhoe_rozovoe_11_541c16ca91.webp,photo_exact,Quintessence New Generation. Semi-Dry Rose,Мысхако,Розовое,Нежно-розовый,Кубань
vinodelnya-myshako-quintessence-new-generation-semi-sweet-white-vione-beloe-polusladkoe-11,vinodelnya_myshako_quintessence_new_generation_semi_sweet_white_vione_igristoe_polusladkoe_beloe_11_c6dcae8001,vinodelnya_myshako_quintessence_new_generation_semi_sweet_white_vione_igristoe_polusladkoe_beloe_11_c6dcae8001.webp,photo_exact,Quintessence New Generation. Semi-Sweet White,Мысхако,Белое,Светло-соломенный,Кубань
vinodelnya-myshako-quintessence-new-generation-zinfandel-rozovoe-polusuhoe-115,vinodelnya_myshako_quintessence_new_generation_zinfandel_igristoe_polusuhoe_rozovoe_115_bc21ec7a08,vinodelnya_myshako_quintessence_new_generation_zinfandel_igristoe_polusuhoe_rozovoe_115_bc21ec7a08.webp,photo_exact,Quintessence New Generation. Зинфандель,Мысхако,Розовое,Нежно-розовый,Кубань
vinodelnya-myshako-quintessence-new-generation-risling-zekt-beloe-bryut-125,vinodelnya_myshako_quintessence_new_generation_risling_zekt_igristoe_bryut_beloe_125_0d819f0e8f,vinodelnya_myshako_quintessence_new_generation_risling_zekt_igristoe_bryut_beloe_125_0d819f0e8f.webp,photo_exact,Quintessence New Generation. Рислинг Зект,Мысхако,Белое,Соломенно-золотистый,Кубань
vinodelnya-myshako-quintessence-new-generation-sovinon-blan-beloe-suhoe-122,vinodelnya_myshako_quintessence_new_generation_sovinon_blan_beloe_suhoe_122_c45916b311,vinodelnya_myshako_quintessence_new_generation_sovinon_blan_beloe_suhoe_122_c45916b311.webp,photo_exact,Quintessence New Generation. Совиньон Блан,Мысхако,Белое,Соломенно-желтый,Кубань
vinodelnya-myshako-quintessence-new-generation-tempranilo-krasnoe-suhoe-134,vinodelnya_myshako_quintessence_new_generation_tempranilo_krasnoe_suhoe_134_ca0ba5c298,vinodelnya_myshako_quintessence_new_generation_tempranilo_krasnoe_suhoe_134_ca0ba5c298.webp,photo_exact,Quintessence New Generation. Темпранильо.,Мысхако,Красное,Рубиновый,Кубань
vinodelnya-myshako-quintessence-reserve-pino-nuar-krasnoe-suhoe-148,vinodelnya_myshako_quintessence_reserve_pino_nuar_krasnoe_suhoe_148_cda292ea6f,vinodelnya_myshako_quintessence_reserve_pino_nuar_krasnoe_suhoe_148_cda292ea6f.webp,photo_exact,Quintessence Reserve. Пино Нуар,Мысхако,Красное,Рубиново-красный,Кубань
vinodelnya-myshako-quintessence-reserve-risling-krasnoe-suhoe-131,vinodelnya_myshako_quintessence_reserve_risling_krasnoe_suhoe_131_b1c7ca6a8c,vinodelnya_myshako_quintessence_reserve_risling_krasnoe_suhoe_131_b1c7ca6a8c.webp,photo_exact,Quintessence Reserve. Рислинг,Мысхако,Красное,Соломенно-золотистый,Кубань
vinodelnya-myshako-quintessence-shtorm-merlo-krasnoe-sladkoe-147,vinodelnya_myshako_quintessence_shtorm_merlo_krasnoe_sladkoe_147_6c9e12b5a1,vinodelnya_myshako_quintessence_shtorm_merlo_krasnoe_sladkoe_147_6c9e12b5a1.webp,photo_exact,Quintessence Shtorm. Мерло,Мысхако,Красное,Рубиново-красный,Кубань
vinodelnya-myshako-quintessence-storm-pino-nuar-beloe-suhoe-128,vinodelnya_myshako_quintessence_storm_pino_nuar_beloe_suhoe_128_3105847c34,vinodelnya_myshako_quintessence_storm_pino_nuar_beloe_suhoe_128_3105847c34.webp,photo_exact,Quintessence Storm. Пино Нуар,Мысхако,Белое,Светло-соломенный,Кубань
vinodelnya-myshako-quintessence-storm-shiraz-krasnoe-polusuhoe-15,vinodelnya_myshako_quintessence_storm_shiraz_krasnoe_polusuhoe_15_ac3fdf4813,vinodelnya_myshako_quintessence_storm_shiraz_krasnoe_polusuhoe_15_ac3fdf4813.webp,photo_exact,Quintessence Storm. Шираз,Мысхако,Красное,Тёмно-фиолетовый,Кубань
vinodelnya-myshako-quintessence-new-generation-kaberne-fran-krasnoe-suhoe-145,vinodelnya_myshako_quintessence_new_generation_kaberne_fran_krasnoe_suhoe_145_bc712f73ef,vinodelnya_myshako_quintessence_new_generation_kaberne_fran_krasnoe_suhoe_145_bc712f73ef.webp,photo_exact,Quintessence. New Generation. Каберне Фран,Мысхако,Красное,Рубиновый,Кубань
vinodelnya-myshako-quintessence-aligote-beloe-suhoe-128,vinodelnya_myshako_quintessence_aligote_beloe_suhoe_128_e122429861,vinodelnya_myshako_quintessence_aligote_beloe_suhoe_128_e122429861.webp,photo_exact,Quintessence. Алиготе,Мысхако,Белое,Золотисто-янтарный,Кубань
vinodelnya-myshako-quintessence-blaufrankish-rozovoe-bryut-115,vinodelnya_myshako_quintessence_blaufrankish_igristoe_bryut_rozovoe_115_44d51328f7,vinodelnya_myshako_quintessence_blaufrankish_igristoe_bryut_rozovoe_115_44d51328f7.webp,photo_exact,Quintessence. Блауфранкиш,Мысхако,Розовое,Розовый,Кубань
vinodelnya-myshako-quintessence-vione-beloe-suhoe-128,vinodelnya_myshako_quintessence_vione_beloe_suhoe_128_96e47d89e8,vinodelnya_myshako_quintessence_vione_beloe_suhoe_128_96e47d89e8.webp,photo_exact,Quintessence. Вионье,Мысхако,Белое,Светло-соломенный,Кубань
vinodelnya-myshako-quintessence-gevyurtstraminer-beloe-suhoe-128,vinodelnya_myshako_quintessence_gevyurtstraminer_beloe_suhoe_128_2bf3d48221,vinodelnya_myshako_quintessence_gevyurtstraminer_beloe_suhoe_128_2bf3d48221.webp,photo_exact,Quintessence. Гевюрцтраминер,Мысхако,Белое,Светло-соломенный,Кубань
vinodelnya-myshako-quintessence-zinfandel-krasnoe-suhoe-155,vinodelnya_myshako_quintessence_zinfandel_krasnoe_suhoe_155_1a803d0d96,vinodelnya_myshako_quintessence_zinfandel_krasnoe_suhoe_155_1a803d0d96.webp,photo_exact,Quintessence. Зинфандель,Мысхако,Красное,Красно-рубиновый,Кубань
vinodelnya-myshako-quintessence-kaberne-sovinon-ripasso-krasnoe-suhoe-152,vinodelnya_myshako_quintessence_kaberne_sovinon_ripasso_krasnoe_suhoe_152_501be80695,vinodelnya_myshako_quintessence_kaberne_sovinon_ripasso_krasnoe_suhoe_152_501be80695.webp,photo_exact,Quintessence. Каберне Совиньон Ripasso,Мысхако,Красное,Красно-рубиновый,Кубань
vinodelnya-myshako-quintessence-karmener-krasnoe-suhoe-146,vinodelnya_myshako_quintessence_karmener_krasnoe_suhoe_146_199914a91b,vinodelnya_myshako_quintessence_karmener_krasnoe_suhoe_146_199914a91b.webp,photo_exact,Quintessence. Карменер,Мысхако,Красное,Тёмно-красный,Кубань
vinodelnya-myshako-quintessence-sovinon-blan-bryut-beloe-115,vinodelnya_myshako_quintessence_sovinon_blan_bryut_igristoe_bryut_beloe_115_ac2559da70,vinodelnya_myshako_quintessence_sovinon_blan_bryut_igristoe_bryut_beloe_115_ac2559da70.webp,photo_exact,Quintessence. Совиньон Блан брют,Мысхако,Белое,Светло-соломенный,Кубань
usadba-divnomorskoe-rebo-rebo-krasnoe-suhoe-165,usadba_divnomorskoe_rebo_rebo_krasnoe_suhoe_165_74916357cf,usadba_divnomorskoe_rebo_rebo_krasnoe_suhoe_165_74916357cf.webp,photo_exact,Rebo,Усадьба Дивноморское,Красное,Насыщенный тёмно-рубиновый,Кубань
golubitskoe-estate-red-blend-kaberne-sovinon-krasnoe-suhoe-136,golubitskoe_estate_red_blend_kaberne_sovinon_krasnoe_suhoe_136_29c2847d36,golubitskoe_estate_red_blend_kaberne_sovinon_krasnoe_suhoe_136_29c2847d36.webp,photo_exact,Red Blend,Golubitskoe Estate,Красное,Глубокий красно-рубиновый,Кубань
esse-ridicule-sira-krasnoe-suhoe-125,esse_ridicule_sira_krasnoe_suhoe_125_6a621251f5,esse_ridicule_sira_krasnoe_suhoe_125_6a621251f5.webp,photo_exact,Ridicule,ESSE,Красное,Ярко-бордовый,Крым
oleg-repin-riesling-risling-beloe-suhoe-125,oleg_repin_riesling_risling_beloe_suhoe_125_62d1596c3a,oleg_repin_riesling_risling_beloe_suhoe_125_62d1596c3a.webp,photo_exact,Riesling,Oleg Repin,Белое,Бледно-золотистый,Крым
ferrum-winery-riesling-risling-reynskiy-beloe-suhoe-11,ferrum_winery_riesling_risling_reynskiy_beloe_suhoe_11_9421a33d82,ferrum_winery_riesling_risling_reynskiy_beloe_suhoe_11_9421a33d82.webp,photo_exact,Riesling,Ferrum Winery,Белое,Золотисто-соломенный,Ставрополье
vibes-riesling-silvaner-risling-beloe-suhoe-115,vibes_riesling_silvaner_risling_beloe_suhoe_115_a7230a5536,vibes_riesling_silvaner_risling_beloe_suhoe_115_a7230a5536.webp,photo_exact,Riesling - Silvaner,Vibes,Белое,Золотистый,Крым
belmas-winery-riesling-belmas-risling-beloe-suhoe-135,belmas_winery_riesling_belmas_risling_beloe_suhoe_135_f64f3944b9,belmas_winery_riesling_belmas_risling_beloe_suhoe_135_f64f3944b9.webp,photo_exact,Riesling Belmas,Belmas Winery,Белое,Соломенный с зеленоватыми отблесками,Крым
belmas-winery-riesling-katya-risling-beloe-suhoe-12,belmas_winery_riesling_katya_risling_beloe_suhoe_12_f09b143381,belmas_winery_riesling_katya_risling_beloe_suhoe_12_f09b143381.webp,photo_exact,Riesling Katya,Belmas Winery,Белое,Светло-соломенный,Крым
belmas-winery-riesling-katya-belmas-risling-beloe-suhoe-125,belmas_winery_riesling_katya_belmas_risling_beloe_suhoe_125_43237968a1,belmas_winery_riesling_katya_belmas_risling_beloe_suhoe_125_43237968a1.webp,photo_exact,Riesling Katya Belmas,Belmas Winery,Белое,Нежный светло-соломенный с зеленоватым оттенком,Крым
domaine-lipko-riesling-m-domaine-lipko-risling-beloe-suhoe-102,domaine_lipko_riesling_m_domaine_lipko_risling_beloe_suhoe_102_aac6eaf2b0,domaine_lipko_riesling_m_domaine_lipko_risling_beloe_suhoe_102_aac6eaf2b0.webp,photo_exact,Riesling M Domaine Lipko,Domaine Lipko,Белое,Яркий желто-соломенный,Крым
riesling-dva-petra-2022,Shardone_no_bg_preview_carve_photos_807a0bdba0,Shardone_no_bg_preview_carve_photos_807a0bdba0.webp,photo_exact,Riesling Два Петра 2022,Два Петра,Белое,Бледно-лимонный,Крым
riesling,Riesling_2024_562c7e3226,Riesling_2024_562c7e3226.webp,photo_exact,"Riesling, 2024",WINEMAFIA,Белое,"Соломенный, с зеленоватым оттенком",Кубань
usadba-divnomorskoe-rose-vione-rozovoe-suhoe-125,usadba_divnomorskoe_rose_vione_rozovoe_suhoe_125_cc6f84dbad,usadba_divnomorskoe_rose_vione_rozovoe_suhoe_125_cc6f84dbad.webp,photo_exact,Rose,Усадьба Дивноморское,Розовое,Бледно-лососевый с оттенками лепестков роз,Кубань
esse-rose-sira-rozovoe-suhoe-12,esse_rose_sira_rozovoe_suhoe_12_f4150d71ea,esse_rose_sira_rozovoe_suhoe_12_f4150d71ea.webp,photo_exact,Rose,ESSE,Розовое,Бледно-розовый,Крым
rose-roze-oleg-repin,oleg_repin_roze_oleg_repin_sira_rozovoe_suhoe_13_a34988dd8f,oleg_repin_roze_oleg_repin_sira_rozovoe_suhoe_13_a34988dd8f.webp,photo_exact,Rose (Розе. Олег Репин),Oleg Repin,Розовое,"Бледно-лососевый, прозрачный",Крым
esse-rose-cuvee-prestige-pino-nuar-rozovoe-bryut-13,esse_rose_cuvee_prestige_pino_nuar_igristoe_bryut_rozovoe_13_606b304d1d,esse_rose_cuvee_prestige_pino_nuar_igristoe_bryut_rozovoe_13_606b304d1d.webp,photo_exact,Rose Cuvee Prestige,ESSE,Розовое,Нежный бледно-розовый цвет с переливами розового золота.,Крым
esse-rose-cuvee-prestige-pino-nuar-rozovoe-bryut-115,esse_rose_cuvee_prestige_pino_nuar_igristoe_bryut_rozovoe_115_725db31aa4,esse_rose_cuvee_prestige_pino_nuar_igristoe_bryut_rozovoe_115_725db31aa4.webp,photo_exact,Rose Cuvee Prestige,ESSE,Розовое,Светло-лососевый,Крым
vinogradniki-gay-kodzora-rose-cuvee-prestige-de-gai-kodzor-murvedr-rozovoe-suhoe-13,vinogradniki_gay_kodzora_rose_cuvee_prestige_de_gai_kodzor_murvedr_rozovoe_suhoe_13_fd29618965,vinogradniki_gay_kodzora_rose_cuvee_prestige_de_gai_kodzor_murvedr_rozovoe_suhoe_13_fd29618965.webp,photo_exact,Rose Cuvee Prestige De Gai-Kodzor,Виноградники Гай-Кодзора,Розовое,Розово-лососевый,Кубань
vinogradniki-gay-kodzora-rose-de-gai-kodzor-grenash-rozovoe-suhoe-125,vinogradniki_gay_kodzora_rose_de_gai_kodzor_grenash_rozovoe_suhoe_125_c757714c6a,vinogradniki_gay_kodzora_rose_de_gai_kodzor_grenash_rozovoe_suhoe_125_c757714c6a.webp,photo_exact,Rose de Gai-Kodzor,Виноградники Гай-Кодзора,Розовое,Нежно-розовый,Кубань
vinodelnya-myshako-rose-de-noirs-pino-nuar-rozovoe-bryut-123,vinodelnya_myshako_rose_de_noirs_pino_nuar_igristoe_bryut_rozovoe_123_5383668bd3,vinodelnya_myshako_rose_de_noirs_pino_nuar_igristoe_bryut_rozovoe_123_5383668bd3.webp,photo_exact,Rose De Noirs,Мысхако,Розовое,Розовый,Кубань
fanagoriya-rose-kaberne-sovinon-rozovoe-polusuhoe-13,fanagoriya_rose_kaberne_sovinon_rozovoe_polusuhoe_13_93945d7963,fanagoriya_rose_kaberne_sovinon_rozovoe_polusuhoe_13_93945d7963.webp,photo_exact,Rose. Каберне Совиньон,Фанагория,Розовое,Светло-розовый,Кубань
fanagoriya-rose-kaberne-fran-rozovoe-suhoe-13,fanagoriya_rose_kaberne_fran_rozovoe_suhoe_13_516a037cf7,fanagoriya_rose_kaberne_fran_rozovoe_suhoe_13_516a037cf7.webp,photo_exact,Rose. Каберне Фран,Фанагория,Розовое,Светло-розовый,Кубань
fanagoriya-rose-saperavi-rozovoe-polusuhoe-125,fanagoriya_rose_saperavi_rozovoe_polusuhoe_125_79cbdac8e3,fanagoriya_rose_saperavi_rozovoe_polusuhoe_125_79cbdac8e3.webp,photo_exact,Rose. Саперави,Фанагория,Розовое,Тёмно-розовый,Кубань
vinodelnya-myshako-rouge-de-noirs-merlo-krasnoe-bryut-13,vinodelnya_myshako_rouge_de_noirs_merlo_igristoe_bryut_krasnoe_13_3e3fa77db7,vinodelnya_myshako_rouge_de_noirs_merlo_igristoe_bryut_krasnoe_13_3e3fa77db7.webp,photo_exact,Rouge de Noirs,Мысхако,Красное,Красный,Кубань
fanagoriya-rs-noir-saperavi-krasnoe-polusladkoe-125,fanagoriya_rs_noir_saperavi_krasnoe_polusladkoe_125_9b8002f11a,fanagoriya_rs_noir_saperavi_krasnoe_polusladkoe_125_9b8002f11a.webp,photo_exact,RS. Noir,Фанагория,Красное,Темно-рубиновый с фиолетовым оттенком,Кубань
valeriy-zaharin-rubedo-reserve-merlo-krasnoe-suhoe-13,valeriy_zaharin_rubedo_reserve_merlo_krasnoe_suhoe_13_bb611a1ce9,valeriy_zaharin_rubedo_reserve_merlo_krasnoe_suhoe_13_bb611a1ce9.webp,photo_exact,Rubedo. Reserve,Валерий Захарьин,Красное,Глубокий рубиновый,Крым
ruby,Ruby_b440528e42,Ruby_b440528e42.webp,photo_exact,"Ruby, 2021",WINEMAFIA,Красное,Глубокий рубиновый с гранатовыми бликами,Кубань
sacrum-bryut-beloe,Sacrum_belyj_bryut_c4c2d14bf4,Sacrum_belyj_bryut_c4c2d14bf4.webp,photo_exact,"Sacrum, брют, белое",WINEMAFIA,Белое,Карамельно-золотистый ,Кубань
sacrum-bryut-rozovoe,sacrum_rose_9a0538280a,sacrum_rose_9a0538280a.webp,photo_exact,"Sacrum, брют, розовое",WINEMAFIA,Розовое,Нежно-розовый,Кубань
stn-winery-saignee-sira-rozovoe-suhoe-125,stn_winery_saignee_sira_rozovoe_suhoe_125_9dbf566ca7,stn_winery_saignee_sira_rozovoe_suhoe_125_9dbf566ca7.webp,photo_exact,Saignee,STN Winery,Розовое,Соломенно-золотистый,Крым
esse-sangiovese-sandzhoveze-krasnoe-suhoe-135,esse_sangiovese_sandzhoveze_krasnoe_suhoe_135_cc1e0cdca2,esse_sangiovese_sandzhoveze_krasnoe_suhoe_135_cc1e0cdca2.webp,photo_exact,Sangiovese,ESSE,Красное,Насыщенный рубиновый,Крым
ferrum-winery-saperavi-saperavi-krasnoe-suhoe-12,ferrum_winery_saperavi_saperavi_krasnoe_suhoe_12_38db68708e,ferrum_winery_saperavi_saperavi_krasnoe_suhoe_12_38db68708e.webp,photo_exact,Saperavi,Ferrum Winery,Красное,Темный красно-рубиновый,Ставрополье
oleg-repin-saperavi-carbonica-saperavi-krasnoe-suhoe-13,oleg_repin_saperavisaperavi_carbonica_krasnoe_suhoe_13_157a571df2,oleg_repin_saperavisaperavi_carbonica_krasnoe_suhoe_13_157a571df2.webp,photo_exact,Saperavi Carbonica,Oleg Repin,Красное,Насыщенный гранатовый,Крым
fanagoriya-saqra-saperavi-krasnoe-suhoe-135,fanagoriya_saqra_saperavi_krasnoe_suhoe_vyderzhannoe_135_2bf601b1e4,fanagoriya_saqra_saperavi_krasnoe_suhoe_vyderzhannoe_135_2bf601b1e4.webp,photo_exact,SAQRA,Фанагория,Красное,Вино насыщенного рубинового цвета.,Кубань
chteau-le-grand-vostock-sauvignon-blanc-sovinon-blan-beloe-suhoe-14,chteau_le_grand_vostock_sauvignon_blanc_sovinon_blan_beloe_suhoe_14_1d0d531b62,chteau_le_grand_vostock_sauvignon_blanc_sovinon_blan_beloe_suhoe_14_1d0d531b62.webp,photo_exact,Sauvignon Blanc,Château Le Grand Vostock,Белое,Золотистый,Кубань
belmas-winery-sauvignon-blanc-belmas-sovinon-blan-beloe-suhoe-13,belmas_winery_sauvignon_blanc_belmas_sovinon_blan_beloe_suhoe_13_8043c6c433,belmas_winery_sauvignon_blanc_belmas_sovinon_blan_beloe_suhoe_13_8043c6c433.webp,photo_exact,Sauvignon Blanc Belmas,Belmas Winery,Белое,Светло-соломенный,Крым
vinogradniki-gay-kodzora-sauvignon-blanc-de-ga-kodzor-sovinon-blan-beloe-suhoe-12,vinogradniki_gay_kodzora_sauvignon_blanc_de_ga_kodzor_sovinon_blan_beloe_suhoe_12_b968e9c060,vinogradniki_gay_kodzora_sauvignon_blanc_de_ga_kodzor_sovinon_blan_beloe_suhoe_12_b968e9c060.webp,photo_exact,Sauvignon Blanc de Gaï-Kodzor,Виноградники Гай-Кодзора,Белое,Светло-соломенный,Кубань
domaine-lipko-sauvignon-blanc-domaine-lipko-sovinon-blan-beloe-suhoe-118,domaine_lipko_sauvignon_blanc_domaine_lipko_sovinon_blan_beloe_suhoe_118_3466c4862b,domaine_lipko_sauvignon_blanc_domaine_lipko_sovinon_blan_beloe_suhoe_118_3466c4862b.webp,photo_exact,Sauvignon Blanc Domaine Lipko,Domaine Lipko,Белое,Светло-соломенный с легким зеленоватым отблеском.,Крым
belmas-winery-sauvignon-blanc-katya-sovinon-blan-beloe-suhoe-115,belmas_winery_sauvignon_blanc_katya_sovinon_blan_beloe_suhoe_115_f45cba05c3,belmas_winery_sauvignon_blanc_katya_sovinon_blan_beloe_suhoe_115_f45cba05c3.webp,photo_exact,Sauvignon Blanc Katya,Belmas Winery,Белое,Бледно-соломенный с зелеными бликами,Крым
belmas-winery-sauvignon-blanc-katya-belmas-sovinon-blan-beloe-suhoe-115,belmas_winery_sauvignon_blanc_katya_belmas_sovinon_blan_beloe_suhoe_115_0d366fd128,belmas_winery_sauvignon_blanc_katya_belmas_sovinon_blan_beloe_suhoe_115_0d366fd128.webp,photo_exact,Sauvignon Blanc Katya Belmas,Belmas Winery,Белое,Бледный соломенный с зелёными бликами.,Крым
chteau-le-grand-vostock-sauvignon-blanc-reserve-sovinon-blan-beloe-suhoe-14,chteau_le_grand_vostock_sauvignon_blanc_reserve_sovinon_blan_beloe_suhoe_14_76f3ec9fa3,chteau_le_grand_vostock_sauvignon_blanc_reserve_sovinon_blan_beloe_suhoe_14_76f3ec9fa3.webp,photo_exact,Sauvignon Blanc Reserve,Château Le Grand Vostock,Белое,Золотистый,Кубань
vinogradniki-gay-kodzora-semillion-de-gai-kodzor-semilon-beloe-sladkoe-12,vinogradniki_gay_kodzora_semillion_de_gai_kodzor_semilon_beloe_sladkoe_12_61091f4885,vinogradniki_gay_kodzora_semillion_de_gai_kodzor_semilon_beloe_sladkoe_12_61091f4885.webp,photo_exact,Semillion de Gai-Kodzor,Виноградники Гай-Кодзора,Белое,Светло-золотистый,Кубань
vinodelnya-myshako-sesto-senso-tropicheskiy-vzryv-gevyurtstraminer-beloe-suhoe-12,vinodelnya_myshako_sesto_senso_tropicheskiy_vzryv_gevyurtstraminer_beloe_suhoe_12_a6df063535,vinodelnya_myshako_sesto_senso_tropicheskiy_vzryv_gevyurtstraminer_beloe_suhoe_12_a6df063535.webp,photo_exact,Sesto Senso. Тропический взрыв,Мысхако,Белое,Соломенный,Кубань
vinodelnya-myshako-sesto-senso-tropicheskiy-vzryv-sovinon-blan-beloe-suhoe-12,vinodelnya_myshako_sesto_senso_tropicheskiy_vzryv_sovinon_blan_beloe_suhoe_12_d33e41aa16,vinodelnya_myshako_sesto_senso_tropicheskiy_vzryv_sovinon_blan_beloe_suhoe_12_d33e41aa16.webp,photo_exact,Sesto Senso. Тропический Взрыв. Совиньон Блан,Мысхако,Белое,Соломенный,Кубань
vinodelnya-myshako-sesto-senso-fruktovyy-vzryv-kaberne-sovinon-krasnoe-suhoe-155,vinodelnya_myshako_sesto_senso_fruktovyy_vzryv_kaberne_sovinon_krasnoe_suhoe_155_1cdb10e46e,vinodelnya_myshako_sesto_senso_fruktovyy_vzryv_kaberne_sovinon_krasnoe_suhoe_155_1cdb10e46e.webp,photo_exact,Sesto Senso. Фруктовый взрыв,Мысхако,Красное,Красный,Кубань
vinodelnya-myshako-sesto-senso-yagodnyy-vzryv-merlo-rozovoe-suhoe-122,vinodelnya_myshako_sesto_senso_yagodnyy_vzryv_merlo_rozovoe_suhoe_122_fe6bf47e82,vinodelnya_myshako_sesto_senso_yagodnyy_vzryv_merlo_rozovoe_suhoe_122_fe6bf47e82.webp,photo_exact,Sesto Senso. Ягодный взрыв,Мысхако,Розовое,Розовый,Кубань
vibes-silvaner-silvaner-beloe-suhoe-125,vibes_silvaner_silvaner_beloe_suhoe_125_9bbc7b9ebe,vibes_silvaner_silvaner_beloe_suhoe_125_9bbc7b9ebe.webp,photo_exact,Silvaner,Vibes,Белое,Соломенный,Крым
fanagoriya-solera-moscatel-oro-muskat-ottonel-beloe-suhoe-16,fanagoriya_solera_moscatel_oro_muskat_ottonel_beloe_suhoe_16_9b53f1b676,fanagoriya_solera_moscatel_oro_muskat_ottonel_beloe_suhoe_16_9b53f1b676.webp,photo_exact,Solera. Moscatel Oro,Фанагория,Белое,Золотисто‑янтарный,Кубань
fanagoriya-solera-porto-negro-saperavi-krasnoe-suhoe-15,fanagoriya_solera_porto_negro_saperavi_krasnoe_suhoe_15_da8532cb52,fanagoriya_solera_porto_negro_saperavi_krasnoe_suhoe_15_da8532cb52.webp,photo_exact,Solera. Porto Negro,Фанагория,Красное,Тёмно‑рубиновый с терракотовым оттенком,Кубань
fanagoriya-solera-rkatsiteli-ambra-rkatsiteli-beloe-suhoe-15,fanagoriya_solera_rkatsiteli_ambra_rkatsiteli_beloe_suhoe_15_e7d1b39f59,fanagoriya_solera_rkatsiteli_ambra_rkatsiteli_beloe_suhoe_15_e7d1b39f59.webp,photo_exact,Solera. Rkatsiteli Ambra,Фанагория,Белое,Янтарный,Кубань
fanagoriya-solera-saperavi-ruby-saperavi-krasnoe-suhoe-16,fanagoriya_solera_saperavi_ruby_saperavi_krasnoe_suhoe_16_12e48bf206,fanagoriya_solera_saperavi_ruby_saperavi_krasnoe_suhoe_16_12e48bf206.webp,photo_exact,Solera. Saperavi Ruby,Фанагория,Красное,Тёмно‑рубиновый,Кубань
inkermanskiy-zmv-special-reserve-rkatsiteli-beloe-suhoe-13,inkermanskiy_zmv_special_reserve_rkatsiteli_beloe_suhoe_vyderzhannoe_13_0f63a24569,inkermanskiy_zmv_special_reserve_rkatsiteli_beloe_suhoe_vyderzhannoe_13_0f63a24569.webp,photo_exact,Special Reserve. Ркацители,Инкерманский ЗМВ,Белое,Бледно-золотистый цвет с яркими отблесками.,Крым
abrau-dyurso-spumante-bryut-roze-shardone-rozovoe-12,abrau_dyurso_spumante_bryut_roze_shardone_igristoe_bryut_rozovoe_12_36f26aa26f,abrau_dyurso_spumante_bryut_roze_shardone_igristoe_bryut_rozovoe_12_36f26aa26f.webp,photo_exact,Spumante брют розе,Абрау-Дюрсо,Розовое,Вино бледно-кораллового цвета с тонким ожерельем из мелких пузырьков.,Кубань
fanagoriya-sur-lie-chardonnay-shardone-beloe-suhoe-135,fanagoriya_sur_lie_chardonnay_shardone_beloe_suhoe_135_03450c562d,fanagoriya_sur_lie_chardonnay_shardone_beloe_suhoe_135_03450c562d.webp,photo_exact,Sur Lie Chardonnay,Фанагория,Белое,Соломенный,Кубань
fanagoriya-sur-lie-clairet-saperavi-krasnoe-suhoe-13,fanagoriya_sur_lie_clairet_saperavi_krasnoe_suhoe_13_793f3ddcad,fanagoriya_sur_lie_clairet_saperavi_krasnoe_suhoe_13_793f3ddcad.webp,photo_exact,Sur Lie Clairet,Фанагория,Красное,Светло‑рубиновый,Кубань
fanagoriya-sur-lie-vi-vi-aligote-beloe-suhoe-125,fanagoriya_sur_lie_vi_vi_aligote_beloe_suhoe_125_389d32e07e,fanagoriya_sur_lie_vi_vi_aligote_beloe_suhoe_125_389d32e07e.webp,photo_exact,Sur Lie Vi Vi,Фанагория,Белое,Золотисто‑соломенный,Кубань
stn-winery-syrah-sira-krasnoe-suhoe-13,stn_winery_syrah_sira_krasnoe_suhoe_13_6fc188de6e,stn_winery_syrah_sira_krasnoe_suhoe_13_6fc188de6e.webp,photo_exact,Syrah,STN Winery,Красное,Пурпурно-рубиновый,Крым
domaine-lipko-syrah-domaine-lipko-sira-krasnoe-suhoe-14,domaine_lipko_syrah_domaine_lipko_sira_krasnoe_suhoe_14_4a737361dc,domaine_lipko_syrah_domaine_lipko_sira_krasnoe_suhoe_14_4a737361dc.webp,photo_exact,Syrah Domaine Lipko,Domaine Lipko,Красное,Темно-рубиновый с фиолетовыми отблесками.,Крым
belmas-winery-syrah-katya-belmas-sira-krasnoe-suhoe-125,belmas_winery_syrah_katya_belmas_sira_krasnoe_suhoe_125_53ec9045d4,belmas_winery_syrah_katya_belmas_sira_krasnoe_suhoe_125_53ec9045d4.webp,photo_exact,Syrah Katya Belmas,Belmas Winery,Красное,Гранатовый с лиловым отблеском,Крым
tamara-2022,Tamara_22_9ef262fd0c,Tamara_22_9ef262fd0c.webp,photo_exact,"Tamara, 2022",WINEMAFIA,Белое,Светло-соломенный,Кубань
tamara,Tamara_23_6f3b7dd41c,Tamara_23_6f3b7dd41c.webp,photo_exact,"Tamara, 2023",WINEMAFIA,Белое,Светло-соломенный с зеленоватыми бликами,Кубань
vinogradniki-gay-kodzora-terroir-blanc-de-ga-kodzor-semilon-beloe-suhoe-13,vinogradniki_gay_kodzora_terroir_blanc_de_ga_kodzor_semilon_beloe_suhoe_13_e642b358c7,vinogradniki_gay_kodzora_terroir_blanc_de_ga_kodzor_semilon_beloe_suhoe_13_e642b358c7.webp,photo_exact,Terroir Blanc de Gaï-Kodzor,Виноградники Гай-Кодзора,Белое,Светло-золотистый,Кубань
vinogradniki-gay-kodzora-terroir-de-gai-kodzor-sira-krasnoe-suhoe-14,vinogradniki_gay_kodzora_terroir_de_gai_kodzor_sira_krasnoe_suhoe_14_f2d3a63dff,vinogradniki_gay_kodzora_terroir_de_gai_kodzor_sira_krasnoe_suhoe_14_f2d3a63dff.webp,photo_exact,Terroir De Gai-Kodzor,Виноградники Гай-Кодзора,Красное,Насыщенный рубиновый,Кубань
vinogradniki-gay-kodzora-terroir-red-klyon-de-ga-kodzor-sira-krasnoe-suhoe-14,vinogradniki_gay_kodzora_terroir_red_klyon_de_ga_kodzor_sira_krasnoe_suhoe_14_715bb0e9f8,vinogradniki_gay_kodzora_terroir_red_klyon_de_ga_kodzor_sira_krasnoe_suhoe_14_715bb0e9f8.webp,photo_exact,Terroir Red Klёn de Gaï-Kodzor,Виноградники Гай-Кодзора,Красное,Насыщенный рубиновый,Кубань
pomeste-golubitskoe-tte-de-cheval-bryut-risling-reynskiy-beloe-12,pomeste_golubitskoe_tte_de_cheval_bryut_risling_reynskiy_igristoe_bryut_beloe_12_2bf0507734,pomeste_golubitskoe_tte_de_cheval_bryut_risling_reynskiy_igristoe_bryut_beloe_12_2bf0507734.webp,photo_exact,"Tête de Cheval
 брют",Golubitskoe Estate,Белое,Красивый золотистый цвет с ярким блеском.,Кубань
pomeste-golubitskoe-tte-de-cheval-sladkoe-risling-reynskiy-beloe-12,pomeste_golubitskoe_tte_de_cheval_sladkoe_risling_reynskiy_igristoe_sladkoe_beloe_12_1c2f312bb9,pomeste_golubitskoe_tte_de_cheval_sladkoe_risling_reynskiy_igristoe_sladkoe_beloe_12_1c2f312bb9.webp,photo_exact,"Tête de Cheval
 сладкое",Golubitskoe Estate,Белое,Вино золотистого цвета с медовыми переливами и быстрыми крупными пузырьками.,Кубань
pomeste-golubitskoe-tte-de-cheval-sladkoe-roze-pino-gri-rozovoe-115,pomeste_golubitskoe_tte_de_cheval_sladkoe_roze_pino_gri_sladkoe_rozovoe_115_f49c737b87,pomeste_golubitskoe_tte_de_cheval_sladkoe_roze_pino_gri_sladkoe_rozovoe_115_f49c737b87.webp,photo_exact,"Tête de Cheval
 сладкое розе",Golubitskoe Estate,Розовое,Вино светло-персикового цвета.,Кубань
pomeste-golubitskoe-tte-de-cheval-blanc-de-blancs-shardone-beloe-bryut-12,pomeste_golubitskoe_tte_de_cheval_blanc_de_blancs_shardone_igristoe_bryut_beloe_12_62b407f781,pomeste_golubitskoe_tte_de_cheval_blanc_de_blancs_shardone_igristoe_bryut_beloe_12_62b407f781.webp,photo_exact,Tête de Cheval Blanc de Blancs,Golubitskoe Estate,Белое,Ярко-соломенный цвет с золотистыми отблесками.,Кубань
golubitskoe-estate-tte-de-cheval-blanc-de-blancs-shardone-beloe-bryut-12,golubitskoe_estate_tte_de_cheval_blanc_de_blancs_shardone_igristoe_bryut_beloe_12_3e39593da4,golubitskoe_estate_tte_de_cheval_blanc_de_blancs_shardone_igristoe_bryut_beloe_12_3e39593da4.webp,photo_exact,Tête de Cheval Blanc de Blancs,Golubitskoe Estate,Белое,Светло-соломенный,Кубань
golubitskoe-estate-tte-de-cheval-reserve-risling-beloe-bryut-125,golubitskoe_estate_tte_de_cheval_reserve_risling_igristoe_bryut_beloe_125_35e3a92939,golubitskoe_estate_tte_de_cheval_reserve_risling_igristoe_bryut_beloe_125_35e3a92939.webp,photo_exact,Tête de Cheval Reserve,Golubitskoe Estate,Белое,Светло-соломенный,Кубань
golubitskoe-estate-tte-de-cheval-zero-dosage-ekstra-bryut-sovinon-blan-beloe-12,golubitskoe_estate_tte_de_cheval_zero_dosage_ekstra_bryut_sovinon_blan_igristoe_ekstra_bryut_beloe_12_9438066f79,golubitskoe_estate_tte_de_cheval_zero_dosage_ekstra_bryut_sovinon_blan_igristoe_ekstra_bryut_beloe_12_9438066f79.webp,photo_exact,Tête de Cheval Zero Dosage Экстра брют,Golubitskoe Estate,Белое,Светло-соломенный,Кубань
golubitskoe-estate-tte-de-cheval-bryut-risling-beloe-12,golubitskoe_estate_tte_de_cheval_bryut_risling_igristoe_bryut_beloe_12_4852fa5a2f,golubitskoe_estate_tte_de_cheval_bryut_risling_igristoe_bryut_beloe_12_4852fa5a2f.webp,photo_exact,Tête de Cheval брют,Golubitskoe Estate,Белое,Светло-соломенный с оттенком лайма,Кубань
golubitskoe-estate-tte-de-chevall-roze-pino-nuar-rozovoe-bryut-12,golubitskoe_estate_tte_de_chevall_roze_pino_nuar_igristoe_bryut_rozovoe_12_6482e84b25,golubitskoe_estate_tte_de_chevall_roze_pino_nuar_igristoe_bryut_rozovoe_12_6482e84b25.webp,photo_exact,Tête de Chevall розе,Golubitskoe Estate,Розовое,Светло-розовый,Кубань
toile-de-vin-cabernet-sauvignon,toile_de_vin_cabernet_sauvignon_cfd349369d,toile_de_vin_cabernet_sauvignon_cfd349369d.webp,photo_exact,Toile de vin cabernet sauvignon,AYA Organic Wine & Vineyards,Красное,"Рубиновый, с фиолетовым оттенком",Крым
toile-de-vin-chardonnay,toile_de_vin_chardonnay_cc38e00e9d,toile_de_vin_chardonnay_cc38e00e9d.webp,photo_exact,Toile de vin chardonnay,AYA Organic Wine & Vineyards,Белое,Соломенный,Крым
toile-de-vin-merlot,toile_de_vin_merlot_3d176a2b04,toile_de_vin_merlot_3d176a2b04.webp,photo_exact,Toile de vin merlot,AYA Organic Wine & Vineyards,Красное,Тёмно-гранатовый,Крым
toile-de-vin-pinot-blanc,toile_de_vin_pinot_blanc_b7d593d929,toile_de_vin_pinot_blanc_b7d593d929.webp,photo_exact,Toile de vin pinot blanc,AYA Organic Wine & Vineyards,Белое,Светло-соломенный ,Крым
stn-winery-traminer-traminer-beloe-suhoe-13,stn_winery_traminer_traminer_beloe_suhoe_13_0a2ba9f4c2,stn_winery_traminer_traminer_beloe_suhoe_13_0a2ba9f4c2.webp,photo_exact,Traminer,STN Winery,Белое,Соломенно-желтый,Крым
uva-vallis-risling,cu3xjk4e93p2zxvazyl9c3jlidfny9ub_cf6ed0e9b3,cu3xjk4e93p2zxvazyl9c3jlidfny9ub_cf6ed0e9b3.webp,photo_exact,Uva Vallis Рислинг,Uva Vallis,Красное,Золотисто-соломенный,Крым
uva-vallis-sira,jwfz7urcks7eam5k34zxwku1wxz88kkd_29a9e03cbf,jwfz7urcks7eam5k34zxwku1wxz88kkd_29a9e03cbf.webp,photo_exact,Uva Vallis Сира,Uva Vallis,Красное,Темно-рубиновый,Крым
uva-vallis-sovinon-blan,ww57rzc00l282kwnjykk6sj1jnn3tcz6_bdc12a2c90,ww57rzc00l282kwnjykk6sj1jnn3tcz6_bdc12a2c90.webp,photo_exact,Uva Vallis Совиньон Блан,Uva Vallis,Белое,Соломенное с зеленоватым оттенком,Крым
uva-vallis-shardone,0m372xxddqgnu999oy471n1ac1cznhfs_png_356ba741db,0m372xxddqgnu999oy471n1ac1cznhfs_png_356ba741db.webp,prefix,Uva Vallis Шардоне,Uva Vallis,Белое,Соломенный,Крым
fanagoriya-velvet-season-risling-beloe-sladkoe-12,fanagoriya_velvet_season_risling_beloe_sladkoe_12_3dae247160,fanagoriya_velvet_season_risling_beloe_sladkoe_12_3dae247160.webp,photo_exact,Velvet Season,Фанагория,Белое,Светло-соломенный,Кубань
fanagoriya-velvet-season-muskat-ottonel-beloe-sladkoe-13,fanagoriya_velvet_season_muskat_ottonel_beloe_sladkoe_13_737d19601c,fanagoriya_velvet_season_muskat_ottonel_beloe_sladkoe_13_737d19601c.webp,photo_exact,Velvet Season,Фанагория,Белое,Золотисто-соломенный,Кубань
vibes-vermentino-viognier-barrel-fermented-vermentino-beloe-suhoe-115,vibes_vermentino_viognier_barrel_fermented_vermentino_beloe_suhoe_115_fe273c3a1b,vibes_vermentino_viognier_barrel_fermented_vermentino_beloe_suhoe_115_fe273c3a1b.webp,photo_exact,Vermentino – Viognier Barrel Fermented,Vibes,Белое,Соломенный,Крым
vermentino-viognier-2022,Vermentino_Viognier_2022_6e8111c2c8,Vermentino_Viognier_2022_6e8111c2c8.webp,photo_exact,Vermentino-Viognier 2022,Vibes,Белое,Светло-соломенный,Крым
agrolayn-vexillum-blanc-de-blancs-shardone-beloe-bryut-115,agrolayn_vexillum_blanc_de_blancs_shardone_igristoe_bryut_beloe_115_95d59e344a,agrolayn_vexillum_blanc_de_blancs_shardone_igristoe_bryut_beloe_115_95d59e344a.webp,photo_exact,Vexillum Blanc de Blancs,Агролайн,Белое,Белого золота,Дагестан
agrolayn-vexillum-blanc-de-noirs-pino-nuar-beloe-bryut-12,agrolayn_vexillum_blanc_de_noirs_pino_nuar_igristoe_bryut_beloe_12_82c19c7b32,agrolayn_vexillum_blanc_de_noirs_pino_nuar_igristoe_bryut_beloe_12_82c19c7b32.webp,photo_exact,Vexillum Blanc de Noirs,Агролайн,Белое,Соломенный,Дагестан
vibes-chardonnay-barrel-fermented-2021,bottle_01_Chardonnay_3f2618d7aa,bottle_01_Chardonnay_3f2618d7aa.webp,photo_exact,"VIBES, Chardonnay Barrel Fermented 2021",Vibes,Белое,Светло-соломенный,Крым
vibes-glera-col-fondo-2022,bottle_07_Glera_c501ac35b9,bottle_07_Glera_c501ac35b9.webp,photo_exact,"VIBES, Glera Col-Fondo 2022",Vibes,Белое,Золотисто-соломенный,Крым
vibes-pinot-grigio-2021,bottle_04_Pinot_Grigio_746de452f7,bottle_04_Pinot_Grigio_746de452f7.webp,photo_exact,"VIBES, Pinot Grigio 2021",Vibes,Белое,Светло-соломенный,Крым
vibes-riesling-silvaner-2022,01_Riesling_Silvaner_2022_1_4d11fabbf5,01_Riesling_Silvaner_2022_1_4d11fabbf5.webp,photo_exact,"VIBES, Riesling-Silvaner 2022",Vibes,Белое,Светло-соломенный,Крым
vibes-silvaner-2022,02_Silvaner_2022_2241743a4e,02_Silvaner_2022_2241743a4e.webp,photo_exact,"VIBES, Silvaner 2022",Vibes,Белое,Светло-соломенный,Крым
vibes-silvaner-barrel-fermented-2022,03_Silvaner_2022_Barrel_Fermented_01addc1e7f,03_Silvaner_2022_Barrel_Fermented_01addc1e7f.webp,photo_exact,"VIBES, Silvaner Barrel Fermented 2022",Vibes,Белое,Светло-соломенный,Крым
silvaner-pet-nat-2022,bottle_06_Silvaner_a23d302323,bottle_06_Silvaner_a23d302323.webp,photo_exact,"VIBES, Silvaner Pet-Nat 2022",Vibes,Белое,Золотистый,Крым
vibes-vermentino-viognier-barrel-fermented-2022,03_Silvaner_2022_Barrel_Fermented_01addc1e7f,03_Silvaner_2022_Barrel_Fermented_01addc1e7f.webp,photo_exact,"Vibes, Vermentino-Viognier Barrel Fermented 2022",Vibes,Белое,Светло-соломенный,Крым
vibes-montepulchano-kaberne-fran-pti-verdo,Montepulciano_Cabernet_Franc_Petit_Verdot_2022_8dbdbb9a91,Montepulciano_Cabernet_Franc_Petit_Verdot_2022_8dbdbb9a91.webp,photo_exact,"VIBES, Монтепульчано, Каберне Фран, Пти Вердо",Vibes,Красное,Насыщенно-рубиновый,Крым
abrau-dyurso-victor-dravigny-brut-shardone-beloe-bryut-12,abrau_dyurso_victor_dravigny_brut_shardone_beloe_bryut_12_4ab7b05e3d,abrau_dyurso_victor_dravigny_brut_shardone_beloe_bryut_12_4ab7b05e3d.webp,photo_exact,Victor Dravigny. Brut,Абрау-Дюрсо,Белое,Золотистый,Кубань
abrau-dyurso-victor-dravigny-brut-rose-pino-nuar-rozovoe-bryut-12,abrau_dyurso_victor_dravigny_brut_rose_pino_nuar_rozovoe_bryut_12_c7199512eb,abrau_dyurso_victor_dravigny_brut_rose_pino_nuar_rozovoe_bryut_12_c7199512eb.webp,photo_exact,Victor Dravigny. Brut Rose,Абрау-Дюрсо,Розовое,Лососевый оттенок,Кубань
abrau-dyurso-victor-dravigny-extra-brut-shardone-beloe-bryut-125,abrau_dyurso_victor_dravigny_extra_brut_shardone_beloe_bryut_125_86dc223df3,abrau_dyurso_victor_dravigny_extra_brut_shardone_beloe_bryut_125_86dc223df3.webp,photo_exact,Victor Dravigny. Extra Brut,Абрау-Дюрсо,Белое,Светло-соломенный,Кубань
abrau-dyurso-victor-dravigny-koshernoe-bryut-shardone-beloe-125,abrau_dyurso_victor_dravigny_koshernoe_bryut_shardone_beloe_125_662e4e2b51,abrau_dyurso_victor_dravigny_koshernoe_bryut_shardone_beloe_125_662e4e2b51.webp,photo_exact,Victor Dravigny. Кошерное брют,Абрау-Дюрсо,Белое,Золотистый,Кубань
abrau-dyurso-victor-dravigny-krasnoe-polusladkoe-kaberne-sovinon-125,abrau_dyurso_victor_dravigny_krasnoe_polusladkoe_kaberne_sovinon_125_f0e4d2775c,abrau_dyurso_victor_dravigny_krasnoe_polusladkoe_kaberne_sovinon_125_f0e4d2775c.webp,photo_exact,Victor Dravigny. Красное полусладкое,Абрау-Дюрсо,Красное,Рубиновый,Кубань
abrau-dyurso-victor-dravigny-polusladkoe-sovinon-blan-beloe-12,abrau_dyurso_victor_dravigny_polusladkoe_sovinon_blan_beloe_12_ec087df76c,abrau_dyurso_victor_dravigny_polusladkoe_sovinon_blan_beloe_12_ec087df76c.webp,photo_exact,Victor Dravigny. Полусладкое,Абрау-Дюрсо,Белое,Соломенный,Кубань
abrau-dyurso-victor-dravigny-polusuhoe-pino-blan-beloe-12,abrau_dyurso_victor_dravigny_polusuhoe_pino_blan_beloe_12_7b6de7aca6,abrau_dyurso_victor_dravigny_polusuhoe_pino_blan_beloe_12_7b6de7aca6.webp,photo_exact,Victor Dravigny. Полусухое,Абрау-Дюрсо,Белое,Золотистый,Кубань
belmas-winery-viogner-katya-vione-beloe-suhoe-135,belmas_winery_viogner_katya_vione_beloe_suhoe_135_400b1034b7,belmas_winery_viogner_katya_vione_beloe_suhoe_135_400b1034b7.webp,photo_exact,Viogner Katya,Belmas Winery,Белое,Соломенно-золотистый,Крым
belmas-winery-viognier-belmas-vione-beloe-suhoe-122,belmas_winery_viognier_belmas_vione_beloe_suhoe_122_555561eab4,belmas_winery_viognier_belmas_vione_beloe_suhoe_122_555561eab4.webp,photo_exact,Viognier Belmas,Belmas Winery,Белое,"Соломенный, светлый, с зеленоватыми бликами.",Крым
vinogradniki-gay-kodzora-viognier-de-ga-kodzor-vione-beloe-suhoe-125,vinogradniki_gay_kodzora_viognier_de_ga_kodzor_vione_beloe_suhoe_125_b8fae3d571,vinogradniki_gay_kodzora_viognier_de_ga_kodzor_vione_beloe_suhoe_125_b8fae3d571.webp,photo_exact,Viognier de Gaï-Kodzor,Виноградники Гай-Кодзора,Белое,Светло-золотистый,Кубань
belmas-winery-viognier-katya-belmas-vione-beloe-suhoe-135,belmas_winery_viognier_katya_belmas_vione_beloe_suhoe_135_9ae123fee2,belmas_winery_viognier_katya_belmas_vione_beloe_suhoe_135_9ae123fee2.webp,photo_exact,Viognier Katya Belmas,Belmas Winery,Белое,Бледный золотисто-соломенный с зеленоватым оттенком.,Крым
viognier-special-reserve,vivi_no_bg_preview_carve_photos_dc2346510b,vivi_no_bg_preview_carve_photos_dc2346510b.webp,photo_exact,Viognier special reserve,Kalos Limen,Белое,Светло-соломенный,Крым
vinodelnya-batrak-vitale-kraft-kaberne-sovinon-krasnoe-suhoe-14,vinodelnya_batrak_vitale_kraft_kaberne_sovinon_krasnoe_suhoe_14_7c5d8749a7,vinodelnya_batrak_vitale_kraft_kaberne_sovinon_krasnoe_suhoe_14_7c5d8749a7.webp,photo_exact,Vitale Kraft,Винодельня Батрак,Красное,Плотный темно-рубиновый,Ставрополье
domaine-de-la-vivandiere-vn-beloe-aligote-suhoe-131,domaine_de_la_vivandiere_vn_beloe_aligote_beloe_suhoe_131_5d98fba99a,domaine_de_la_vivandiere_vn_beloe_aligote_beloe_suhoe_131_5d98fba99a.webp,photo_exact,VN белое,Domaine de la Vivandiere,Белое,Золотисто-жёлтый,Крым
domaine-de-la-vivandiere-vn-krasnoe-pino-nuar-suhoe-12,domaine_de_la_vivandiere_vn_krasnoe_pino_nuar_krasnoe_suhoe_12_22b28437fb,domaine_de_la_vivandiere_vn_krasnoe_pino_nuar_krasnoe_suhoe_12_22b28437fb.webp,photo_exact,Vn красное,Domaine de la Vivandiere,Красное,Насыщенный темно-рубиновый,Крым
chteau-le-grand-vostock-vostock-blanc-sovinon-blan-beloe-suhoe-135,chteau_le_grand_vostock_vostock_blanc_sovinon_blan_beloe_suhoe_135_5964579dc4,chteau_le_grand_vostock_vostock_blanc_sovinon_blan_beloe_suhoe_135_5964579dc4.webp,photo_exact,Vostock Blanc,Château Le Grand Vostock,Белое,Золотистый,Кубань
usadba-divnomorskoe-west-hill-blend-kaberne-sovinon-krasnoe-suhoe-145,usadba_divnomorskoe_west_hill_blend_kaberne_sovinon_krasnoe_suhoe_145_4333feb5d3,usadba_divnomorskoe_west_hill_blend_kaberne_sovinon_krasnoe_suhoe_145_4333feb5d3.webp,photo_exact,West Hill Blend,Усадьба Дивноморское,Красное,Рубиновый,Кубань
domaine-lipko-white-blend-tsitronnyy-magaracha-beloe-suhoe-115,domaine_lipko_white_blend_tsitronnyy_magaracha_beloe_suhoe_115_24011764ba,domaine_lipko_white_blend_tsitronnyy_magaracha_beloe_suhoe_115_24011764ba.webp,photo_exact,White Blend,Domaine Lipko,Белое,Вино бледно-лимонного цвета.,Крым
domaine-lipko-white-blend-muskat-beloe-polusuhoe-12,domaine_lipko_white_blend_muskat_beloe_polusuhoe_12_19ac7b503b,domaine_lipko_white_blend_muskat_beloe_polusuhoe_12_19ac7b503b.webp,photo_exact,White Blend,Domaine Lipko,Белое,Светло-золотистый,Крым
domaine-lipko-white-blend-lipko-muskat-belyy-beloe-polusuhoe-115,domaine_lipko_white_blend_lipko_muskat_belyy_beloe_polusuhoe_115_0ffe4c6cf6,domaine_lipko_white_blend_lipko_muskat_belyy_beloe_polusuhoe_115_0ffe4c6cf6.webp,photo_exact,White Blend Lipko,Domaine Lipko,Белое,Блестящий светло-золотистый,Крым
stn-winery-wiess-risling-beloe-suhoe-12,stn_winery_wiess_risling_beloe_suhoe_12_2727c9a721,stn_winery_wiess_risling_beloe_suhoe_12_2727c9a721.webp,photo_exact,WIESS,STN Winery,Белое,Светло-соломенный,Крым
inkermanskiy-zmv-winemakers-selection-saperavi-krasnoe-polusladkoe-12,inkermanskiy_zmv_winemakers_selection_saperavi_igristoe_polusladkoe_krasnoe_12_b8254979b2,inkermanskiy_zmv_winemakers_selection_saperavi_igristoe_polusladkoe_krasnoe_12_b8254979b2.webp,photo_exact,Winemaker's Selection Саперави,Инкерманский ЗМВ,Красное,"Цвет глубокий, рубиновый.",Крым
golubitskoe-estate-winery-series-pino-nuar-rozovoe-suhoe-115,golubitskoe_estate_winery_series_pino_nuar_rozovoe_suhoe_115_98c49c99e9,golubitskoe_estate_winery_series_pino_nuar_rozovoe_suhoe_115_98c49c99e9.webp,photo_exact,Winery Series. Пино Нуар,Golubitskoe Estate,Розовое,Яркий розовый,Кубань
golubitskoe-estate-winery-series-risling-reynskiy-beloe-suhoe-125,golubitskoe_estate_winery_series_risling_reynskiy_beloe_suhoe_125_330c75ae53,golubitskoe_estate_winery_series_risling_reynskiy_beloe_suhoe_125_330c75ae53.webp,photo_exact,Winery Series. Рислинг Рейнский,Golubitskoe Estate,Белое,Светло-золотистый с зеленоватым оттенком.,Кубань
golubitskoe-estate-winery-series-roze-blend-kaberne-sovinon-rozovoe-suhoe-117,golubitskoe_estate_winery_series_roze_blend_kaberne_sovinon_rozovoe_suhoe_117_caa738d581,golubitskoe_estate_winery_series_roze_blend_kaberne_sovinon_rozovoe_suhoe_117_caa738d581.webp,photo_exact,Winery Series. Розе бленд,Golubitskoe Estate,Розовое,Яркий кораллово-розовый,Кубань
zolotaya-balka-zb-frizzante-dry-risling-beloe-suhoe-10,zolotaya_balka_zb_frizzante_dry_risling_beloe_suhoe_10_992e8ffb9f,zolotaya_balka_zb_frizzante_dry_risling_beloe_suhoe_10_992e8ffb9f.webp,photo_exact,ZB Frizzante Dry,Золотая Балка,Белое,Соломенно-золотистый,Крым
zolotaya-balka-zb-frizzante-semi-dry-rose-risling-rozovoe-polusuhoe-10,zolotaya_balka_zb_frizzante_semi_dry_rose_risling_rozovoe_polusuhoe_10_462381c9b4,zolotaya_balka_zb_frizzante_semi_dry_rose_risling_rozovoe_polusuhoe_10_462381c9b4.webp,photo_exact,ZB Frizzante Semi-Dry Rose,Золотая Балка,Розовое,Нежный розовый оттенок.,Крым
zolotaya-balka-zb-moscato-semi-sweet-rose-muskat-yantarnyy-rozovoe-polusladkoe-9,zolotaya_balka_zb_moscato_semi_sweet_rose_muskat_yantarnyy_rozovoe_polusladkoe_9_25026eb2e3,zolotaya_balka_zb_moscato_semi_sweet_rose_muskat_yantarnyy_rozovoe_polusladkoe_9_25026eb2e3.webp,photo_exact,ZB Moscato Semi-Sweet Rose,Золотая Балка,Розовое,Нежно-розовый,Крым
zolotaya-balka-zb-spumante-brut-risling-beloe-bryut-125,zolotaya_balka_zb_spumante_brut_risling_beloe_bryut_125_624bd4301a,zolotaya_balka_zb_spumante_brut_risling_beloe_bryut_125_624bd4301a.webp,photo_exact,ZB Spumante Brut,Золотая Балка,Белое,Соломенно-золотистый,Крым
zolotaya-balka-zb-spumante-semi-dry-risling-beloe-polusuhoe-125,zolotaya_balka_zb_spumante_semi_dry_risling_beloe_polusuhoe_125_b4807ef6ee,zolotaya_balka_zb_spumante_semi_dry_risling_beloe_polusuhoe_125_b4807ef6ee.webp,photo_exact,ZB Spumante Semi-Dry,Золотая Балка,Белое,Соломенно-золотистый,Крым
zb-wine-moscato-beloe-polusladkoe,ZB_VAJN_Moskato_beloe_polusladkoe_68f4d64b83,ZB_VAJN_Moskato_beloe_polusladkoe_68f4d64b83.webp,photo_exact,ZB Wine Moscato белое полусладкое,Золотая Балка,Белое,Светло-золотистый,Крым
zolotaya-balka-zb-wine-riesling-risling-beloe-polusuhoe-115,zolotaya_balka_zb_wine_riesling_risling_beloe_polusuhoe_115_1b10f56379,zolotaya_balka_zb_wine_riesling_risling_beloe_polusuhoe_115_1b10f56379.webp,photo_exact,ZB Wine Riesling,Золотая Балка,Белое,Светло-соломенный с зеленоватым оттенком,Крым
zolotaya-balka-zb-wine-sauvignon-blanc-sovinon-blan-beloe-suhoe-125,zolotaya_balka_zb_wine_sauvignon_blanc_sovinon_blan_beloe_suhoe_125_f910ea40b7,zolotaya_balka_zb_wine_sauvignon_blanc_sovinon_blan_beloe_suhoe_125_f910ea40b7.webp,photo_exact,ZB Wine Sauvignon Blanc,Золотая Балка,Белое,Светло-соломенный с лёгким зеленоватым оттенком,Крым
abrau-dyurso-udelnoe-vedomstvo-imperatorskoe-beloe-bryut,Abrau_Dyurso_Udelnoe_vedomtsvo_bryut_80a96f319c,Abrau_Dyurso_Udelnoe_vedomtsvo_bryut_80a96f319c.webp,photo_exact,Абрау Дюрсо Удельное Ведомство Императорское белое брют,Абрау-Дюрсо,Белое,Светло-соломенный с тонким зеленоватым оттенком,Кубань
abrau-dyurso-udelnoe-vedomstvo-imperatorskoe-beloe-polusladkoe,Abrau_Dyurso_Udelnoe_Vedomstvo_Imperatorskoe_beloe_polusladkoe_fac98a6538,Abrau_Dyurso_Udelnoe_Vedomstvo_Imperatorskoe_beloe_polusladkoe_fac98a6538.webp,photo_exact,Абрау Дюрсо Удельное Ведомство Императорское белое полусладкое,Абрау-Дюрсо,Белое,Светло-соломенный с тонким золотистым оттенком,Кубань
abrau-dyurso-fizz-beloe-bryut,Abrau_Dyurso_fizz_bryut_2a15c7f74f,Abrau_Dyurso_fizz_bryut_2a15c7f74f.webp,photo_exact,Абрау Дюрсо Физз белое брют,Абрау-Дюрсо,Белое,Светло-соломенный,Кубань
abrau-dyurso-fizz-beloe-polusladkoe,Abrau_Dyurso_fizz_polusladkoe_031d93d5e0,Abrau_Dyurso_fizz_polusladkoe_031d93d5e0.webp,photo_exact,Абрау Дюрсо Физз белое полусладкое,Абрау-Дюрсо,Белое,Светло-соломенный,Кубань
abrau-dyurso-abrau-kupazh-krasnyy-polsusladkoe-kaberne-sovinon-krasnoe-polusladkoe-11,abrau_dyurso_abrau_kupazh_krasnyy_polsusladkoe_kaberne_sovinon_krasnoe_polusladkoe_11_291e93ae8d,abrau_dyurso_abrau_kupazh_krasnyy_polsusladkoe_kaberne_sovinon_krasnoe_polusladkoe_11_291e93ae8d.webp,photo_exact,Абрау Купаж красный полсусладкое,Абрау-Дюрсо,Красное,Рубиновый,Кубань
abrau-dyurso-abrau-kupazh-svetlyy-suhoe-shardone-beloe-125,abrau_dyurso_abrau_kupazh_svetlyy_suhoe_shardone_beloe_125_b60d4bb639,abrau_dyurso_abrau_kupazh_svetlyy_suhoe_shardone_beloe_125_b60d4bb639.webp,photo_exact,Абрау Купаж светлый сухое,Абрау-Дюрсо,Белое,Светло-соломенный,Кубань
abrau-dyurso-abrau-kupazh-tyomnyy-suhoe-kaberne-sovinon-krasnoe-13,abrau_dyurso_abrau_kupazh_tyomnyy_suhoe_kaberne_sovinon_krasnoe_13_a9c6a97e9b,abrau_dyurso_abrau_kupazh_tyomnyy_suhoe_kaberne_sovinon_krasnoe_13_a9c6a97e9b.webp,photo_exact,Абрау Купаж тёмный сухое,Абрау-Дюрсо,Красное,Рубиновый,Кубань
abrau-dyurso-victor-dravigny-bryut,Abrau_Dyurso_Viktor_Dravini_bryut_4b532f42da,Abrau_Dyurso_Viktor_Dravini_bryut_4b532f42da.webp,photo_exact,Абрау-Дюрсо Victor Dravigny брют,Абрау-Дюрсо,Белое,Золотистый,Кубань
abrau-dyurso-abrau-dyurso-pino-nuar-krasnoe-suhoe-13,abrau_dyurso_abrau_dyurso_pino_nuar_krasnoe_suhoe_13_2c1e6330fe,abrau_dyurso_abrau_dyurso_pino_nuar_krasnoe_suhoe_13_2c1e6330fe.webp,photo_exact,Абрау-Дюрсо Пино Нуар,Абрау-Дюрсо,Красное,"Светло-рубиновый, прозрачный",Кубань
sober-bash-avrora-2024-krasnostop-zolotovskiy-rozovoe-suhoe-14,sober_bash_avrora_2024_krasnostop_zolotovskiy_rozovoe_suhoe_14_016209463e,sober_bash_avrora_2024_krasnostop_zolotovskiy_rozovoe_suhoe_14_016209463e.webp,photo_exact,Аврора 2024,Собер Баш,Розовое,Насыщенный розовый,Кубань
valeriy-zaharin-avtorskoe-vino-ot-valeriya-zaharina-aleatiko-rozovoe-suhoe-115,valeriy_zaharin_avtorskoe_vino_ot_valeriya_zaharina_aleatiko_rozovoe_suhoe_115_433a921c43,valeriy_zaharin_avtorskoe_vino_ot_valeriya_zaharina_aleatiko_rozovoe_suhoe_115_433a921c43.webp,photo_exact,Авторское вино от Валерия Захарьина. Алеатико,Валерий Захарьин,Розовое,Розовый,Крым
valeriy-zaharin-avtorskoe-vino-ot-valeriya-zaharina-bastardo-bastardo-magarachskiy-krasnoe-suhoe-12,valeriy_zaharin_avtorskoe_vino_ot_valeriya_zaharina_bastardo_bastardo_magarachskiy_krasnoe_suhoe_12_9ae8962a73,valeriy_zaharin_avtorskoe_vino_ot_valeriya_zaharina_bastardo_bastardo_magarachskiy_krasnoe_suhoe_12_9ae8962a73.webp,photo_exact,Авторское вино от Валерия Захарьина. Бастардо,Валерий Захарьин,Красное,Яркий красно-рубиновый,Крым
valeriy-zaharin-avtorskoe-vino-ot-valeriya-zaharina-krasnoe-pino-nuar-suhoe-125,valeriy_zaharin_avtorskoe_vino_ot_valeriya_zaharina_krasnoe_pino_nuar_krasnoe_suhoe_125_32e5dd1102,valeriy_zaharin_avtorskoe_vino_ot_valeriya_zaharina_krasnoe_pino_nuar_krasnoe_suhoe_125_32e5dd1102.webp,photo_exact,Авторское вино от Валерия Захарьина. Красное,Валерий Захарьин,Красное,Рубиново-красный,Крым
massandra-avtorskoe-murvedr-krasnoe-suhoe-14,massandra_avtorskoe_murvedr_krasnoe_suhoe_14_9f3b7f61d6,massandra_avtorskoe_murvedr_krasnoe_suhoe_14_9f3b7f61d6.webp,photo_exact,Авторское Мурведр,Массандра,Красное,Тёмно-рубиновый с фиолетовым оттенком,Крым
avtorskoe-risling,zod3xnxspeju4qylhp65en278429bfv3_fa4af2c190,zod3xnxspeju4qylhp65en278429bfv3_fa4af2c190.webp,photo_exact,Авторское Рислинг,Olymp Winery,Белое,Светло-соломенный,Кубань
zimovets-avtohton-tsimlyanskiy-chernyy-krasnoe-suhoe-135,zimovets_avtohton_tsimlyanskiy_chernyy_krasnoe_suhoe_135_c4f818da0f,zimovets_avtohton_tsimlyanskiy_chernyy_krasnoe_suhoe_135_c4f818da0f.webp,photo_exact,Автохтон,Зимовец,Красное,Вино красновато-гранатового цвета с чуть рыжеватым оттенком.,Нижняя Волга
valeriy-zaharin-avtohtonnoe-vino-kryma-ot-valeriya-zaharina-aleatiko-kefesiya-rozovoe-suhoe-11,valeriy_zaharin_avtohtonnoe_vino_kryma_ot_valeriya_zaharina_aleatiko_kefesiya_rozovoe_suhoe_11_8a5f697ad1,valeriy_zaharin_avtohtonnoe_vino_kryma_ot_valeriya_zaharina_aleatiko_kefesiya_rozovoe_suhoe_11_8a5f697ad1.webp,photo_exact,Автохтонное вино Крыма от Валерия Захарьина. Алеатико – Кефесия,Валерий Захарьин,Розовое,Яркий розовый,Крым
valeriy-zaharin-avtohtonnoe-vino-kryma-ot-valeriya-zaharina-bastardo-kefesiya-bastardo-magarachskiy-krasnoe-suhoe-115,valeriy_zaharin_avtohtonnoe_vino_kryma_ot_valeriya_zaharina_bastardo_kefesiya_bastardo_magarachskiy_krasnoe_suhoe_115_292d4c5970,valeriy_zaharin_avtohtonnoe_vino_kryma_ot_valeriya_zaharina_bastardo_kefesiya_bastardo_magarachskiy_krasnoe_suhoe_115_292d4c5970.webp,photo_exact,Автохтонное вино Крыма от Валерия Захарьина. Бастардо – Кефесия,Валерий Захарьин,Красное,Блестящий рубиновый с коралловым оттенком,Крым
valeriy-zaharin-avtohtonnoe-vino-kryma-ot-valeriya-zaharina-kefesiya-rezerv-krasnoe-suhoe-13,valeriy_zaharin_avtohtonnoe_vino_kryma_ot_valeriya_zaharina_kefesiya_rezerv_krasnoe_suhoe_13_a236e73a0c,valeriy_zaharin_avtohtonnoe_vino_kryma_ot_valeriya_zaharina_kefesiya_rezerv_krasnoe_suhoe_13_a236e73a0c.webp,photo_exact,Автохтонное вино Крыма от Валерия Захарьина. Кефесия Резерв,Валерий Захарьин,Красное,Красно-гранатовый,Крым
valeriy-zaharin-avtohtonnoe-vino-kryma-ot-valeriya-zaharina-kokur-sary-pandas-kokur-belyy-beloe-suhoe-115,valeriy_zaharin_avtohtonnoe_vino_kryma_ot_valeriya_zaharina_kokur_sary_pandas_kokur_belyy_beloe_suhoe_115_c97a8b21ba,valeriy_zaharin_avtohtonnoe_vino_kryma_ot_valeriya_zaharina_kokur_sary_pandas_kokur_belyy_beloe_suhoe_115_c97a8b21ba.webp,photo_exact,Автохтонное вино Крыма от Валерия Захарьина. Кокур – Сары Пандас,Валерий Захарьин,Белое,Светлый золотистый,Крым
valeriy-zaharin-avtohtonnoe-vino-kryma-avtorskiy-kupazh-bastardo-saperavi-kefesiya-bastardo-magarachskiy-krasnoe-suhoe-12,valeriy_zaharin_avtohtonnoe_vino_kryma_avtorskiy_kupazh_bastardo_saperavi_kefesiya_bastardo_magarachskiy_krasnoe_suhoe_12_1d86b29cfe,valeriy_zaharin_avtohtonnoe_vino_kryma_avtorskiy_kupazh_bastardo_saperavi_kefesiya_bastardo_magarachskiy_krasnoe_suhoe_12_1d86b29cfe.webp,photo_exact,Автохтонное вино Крыма. Авторский Купаж. Бастардо – Саперави – Кефесия,Валерий Захарьин,Красное,Глубокий рубиново-красный,Крым
valeriy-zaharin-avtohtonnoe-vino-kryma-sary-pandas-rezerv-beloe-suhoe-115,valeriy_zaharin_avtohtonnoe_vino_kryma_sary_pandas_rezerv_beloe_suhoe_115_10be7b7189,valeriy_zaharin_avtohtonnoe_vino_kryma_sary_pandas_rezerv_beloe_suhoe_115_10be7b7189.webp,photo_exact,Автохтонное вино Крыма. Сары Пандас Резерв,Валерий Захарьин,Белое,Светло-соломенный,Крым
vinodelnya-krinitsa-azyur-vione-beloe-suhoe-12,vinodelnya_krinitsa_azyur_vione_beloe_suhoe_12_f97e1cbf46,vinodelnya_krinitsa_azyur_vione_beloe_suhoe_12_f97e1cbf46.webp,photo_exact,Азюр,Криница,Белое,Светло-золотистый с лимонным оттенком,Кубань
vinodelnya-krinitsa-azyur-risling-beloe-suhoe-127,vinodelnya_krinitsa_azyur_risling_beloe_suhoe_127_89de32ac85,vinodelnya_krinitsa_azyur_risling_beloe_suhoe_127_89de32ac85.webp,photo_exact,Азюр,Криница,Белое,Вино бледно-лимонного цвета.,Кубань
valeriy-zaharin-aleatiko-kefesiya-avtohtonnoe-vino-kryma-ot-valeriya-zaharina-rozovoe-suhoe-125,valeriy_zaharin_aleatiko_kefesiya_avtohtonnoe_vino_kryma_ot_valeriya_zaharina_rozovoe_suhoe_125_135a858d15,valeriy_zaharin_aleatiko_kefesiya_avtohtonnoe_vino_kryma_ot_valeriya_zaharina_rozovoe_suhoe_125_135a858d15.webp,photo_exact,Алеатико - Кефесия. Автохтонное вино Крыма от Валерия Захарьина,Валерий Захарьин,Розовое,Нежно-розовый,Крым
abrau-dyurso-aleksandr-ii-magnum-shardone-beloe-bryut-125,abrau_dyurso_aleksandr_ii_magnum_shardone_beloe_bryut_125_256840c1d1,abrau_dyurso_aleksandr_ii_magnum_shardone_beloe_bryut_125_256840c1d1.webp,photo_exact,Александр II Magnum,Абрау-Дюрсо,Белое,Золотистый,Кубань
chateau-andre-aligote-beloe-suhoe-13,chateau_andre_aligote_beloe_suhoe_13_c3d34b9641,chateau_andre_aligote_beloe_suhoe_13_c3d34b9641.webp,photo_exact,Алиготе,Chateau Andre,Белое,Золотисто-соломенный,Кубань
vaynkraft-aligote-beloe-suhoe-125,vaynkraft_aligote_beloe_suhoe_125_7b4945b265,vaynkraft_aligote_beloe_suhoe_125_7b4945b265.webp,photo_exact,Алиготе,ВайнКрафт,Белое,"Соломенный, с золотистыми бликами",Крым
belbek-aligote-beloe-suhoe-125,belbek_aligote_beloe_suhoe_125_3994f84c11,belbek_aligote_beloe_suhoe_125_3994f84c11.webp,photo_exact,Алиготе,Бельбек,Белое,Бледно-соломенный,Крым
vinodelnya-uzunov-aligote-beloe-suhoe-127,vinodelnya_uzunov_aligote_beloe_suhoe_127_575bc5c29d,vinodelnya_uzunov_aligote_beloe_suhoe_127_575bc5c29d.webp,photo_exact,Алиготе,Винодельня Узунов,Белое,Вино бледно-лимонного цвета с золотистыми бликами.,Кубань
vinabani-aligote-beloe-suhoe-12,vinabani_aligote_beloe_suhoe_12_3264ece5af,vinabani_aligote_beloe_suhoe_12_3264ece5af.webp,photo_exact,Алиготе,VinaBani,Белое,Соломенный,Долина Дона
shato-pino-aligote-rkatsiteli-beloe-suhoe-12,shato_pino_aligote_rkatsiteli_beloe_suhoe_12_c9a1a8a474,shato_pino_aligote_rkatsiteli_beloe_suhoe_12_c9a1a8a474.webp,photo_exact,Алиготе - Ркацители белое сухое,Шато Пино,Белое,Светло-соломенный,Кубань
shato-pino-aligote-rkatsiteli-suhoe-beloe-12,shato_pino_aligoterkatsiteli_beloe_suhoe_12_c00c55cc32,shato_pino_aligoterkatsiteli_beloe_suhoe_12_c00c55cc32.webp,photo_exact,Алиготе - Ркацители сухое белое,Шато Пино,Белое,Золотистый,Кубань
vinodelnya-myshako-aligote-vione-kyuve-beloe-polusladkoe-125,vinodelnya_myshako_aligote_vione_kyuve_beloe_polusladkoe_125_8b824b620d,vinodelnya_myshako_aligote_vione_kyuve_beloe_polusladkoe_125_8b824b620d.webp,photo_exact,Алиготе – Вионье. Кюве,Мысхако,Белое,Светло-соломенный,Кубань
vinodelnya-78-aligote-otbornoe-beloe-suhoe-12,vinodelnya_78_aligote_otbornoe_beloe_suhoe_12_367ef385f7,vinodelnya_78_aligote_otbornoe_beloe_suhoe_12_367ef385f7.webp,photo_exact,Алиготе Отборное,Винодельня 78,Белое,Светло-золотистый,Крым
valeriy-zaharin-aligote-avtorskoe-valeriy-zaharin-beloe-bryut-115,valeriy_zaharin_aligote_avtorskoe_valeriy_zaharin_igristoe_bryut_beloe_115_3b74fa58cc,valeriy_zaharin_aligote_avtorskoe_valeriy_zaharin_igristoe_bryut_beloe_115_3b74fa58cc.webp,photo_exact,Алиготе. Авторское. Валерий Захарьин,Валерий Захарьин,Белое,Светло-желтый с золотистым оттенком,Крым
valeriy-zaharin-aligote-burlyuk-beloe-bryut-115,valeriy_zaharin_aligote_burlyuk_igristoe_bryut_beloe_115_adb6620d61,valeriy_zaharin_aligote_burlyuk_igristoe_bryut_beloe_115_adb6620d61.webp,photo_exact,Алиготе. Бурлюк,Валерий Захарьин,Белое,Бледно-соломенный,Крым
valeriy-zaharin-aligote-burlyuk-beloe-suhoe-13,valeriy_zaharin_aligote_burlyuk_beloe_suhoe_13_6a0eb14c98,valeriy_zaharin_aligote_burlyuk_beloe_suhoe_13_6a0eb14c98.webp,photo_exact,Алиготе. Бурлюк,Валерий Захарьин,Белое,Светло-соломенный,Крым
valeriy-zaharin-aligote-valeriy-zaharin-beloe-suhoe-13,valeriy_zaharin_aligote_valeriy_zaharin_beloe_suhoe_13_42ca83c531,valeriy_zaharin_aligote_valeriy_zaharin_beloe_suhoe_13_42ca83c531.webp,photo_exact,Алиготе. Валерий Захарьин,Валерий Захарьин,Белое,Светло-желтый,Крым
perovskih_aligote,Aligote_limitirovannaya_60fab8c449,Aligote_limitirovannaya_60fab8c449.webp,photo_exact,Алиготе. Лимитированная серия,Усадьба Перовских,Красное,Вино светло-соломенного цвета. ,Крым
domaine-de-la-vivandiere-alkomishka-malbek-krasnoe-suhoe-123,domaine_de_la_vivandiere_alkomishka_malbek_krasnoe_suhoe_123_edeea28c08,domaine_de_la_vivandiere_alkomishka_malbek_krasnoe_suhoe_123_edeea28c08.webp,photo_exact,Алкомишка,Domaine de la Vivandiere,Красное,Светло-рубиновый с пурпурным оттенком.,Крым
alma-valley-alma-graviti-pino-nuar-merlo-kaberne-sovinon-krasnoe-suhoe-14,alma_valley_alma_graviti_pino_nuar_merlo_kaberne_sovinon_krasnoe_suhoe_14_aed5a84143,alma_valley_alma_graviti_pino_nuar_merlo_kaberne_sovinon_krasnoe_suhoe_14_aed5a84143.webp,photo_exact,Альма Гравити. Пино Нуар - Мерло - Каберне Совиньон,Alma Valley,Красное,Рубиновый цвет с пурпурно-малиновыми оттенками и ровным блеском.,Крым
aratti-vremena-goda-saperavi-vyderzhannyj-zima,Saperavi_vyderzhannoe_ZIMA_3bceff4456,Saperavi_vyderzhannoe_ZIMA_3bceff4456.webp,photo_exact,АРАТТИ Времена Года Саперави выдержанный Зима,АРАТТИ,Красное,Темно-рубиновый,Кубань
aratti-vremena-goda-saperavi-leto,Saperavi_Leto_78b6bb387a,Saperavi_Leto_78b6bb387a.webp,photo_exact,АРАТТИ Времена Года Саперави Лето,АРАТТИ,Красное,Темно-рубиновый,Кубань
aratti-vremena-goda-saperavi-merlo-vesna,Saperavi_Merlo_VESNA_cc54c9749f,Saperavi_Merlo_VESNA_cc54c9749f.webp,photo_exact,"АРАТТИ Времена Года Саперави, Мерло Весна",АРАТТИ,Красное,Темно-рубиновый,Кубань
aratti-kaberne-po-belomu,Kaberne_po_bel_7f4d2143bf,Kaberne_po_bel_7f4d2143bf.webp,photo_exact,АРАТТИ Каберне по-белому,АРАТТИ,Красное,Светло-лососевый,Кубань
aratti-kaberne-po-belomu-1,Kaberne_po_bel_p_suh_6e9878c657,Kaberne_po_bel_p_suh_6e9878c657.webp,photo_exact,АРАТТИ Каберне по-белому,АРАТТИ,Розовое,Насыщенный розовый,Кубань
aratti-kaberne-sovinon-2020-krasnoe-suhoe,Kab_sov_20_0ec2d4acd2,Kab_sov_20_0ec2d4acd2.webp,photo_exact,АРАТТИ Каберне Совиньон 2020 красное сухое,АРАТТИ,Красное,Гранатовый,Кубань
aratti-kaberne-sovinon-2021-krasnoe-suhoe,Kab_Sov_21_5fe7e50b8a,Kab_Sov_21_5fe7e50b8a.webp,photo_exact,АРАТТИ Каберне Совиньон 2021 красное сухое,АРАТТИ,Красное,Рубиновый,Кубань
aratti-muskat-belyj-polusuhoe,Muskat_p_suh_342e91568f,Muskat_p_suh_342e91568f.webp,photo_exact,АРАТТИ Мускат белый полусухое,АРАТТИ,Белое,Светло-соломенный,Кубань
aratti-muskat-belyj-suhoe,Muskat_bel_suh_ac5bd6022d,Muskat_bel_suh_ac5bd6022d.webp,photo_exact,АРАТТИ Мускат белый сухое,АРАТТИ,Белое,Светло-соломенный,Кубань
aratti-risling-beloe-polusuhoe,Risling_p_suh_57fb737010,Risling_p_suh_57fb737010.webp,photo_exact,АРАТТИ Рислинг белое полусухое,АРАТТИ,Белое,Светло-соломенный,Кубань
aratti-risling-suhoe,Risling_suh_23d397debe,Risling_suh_23d397debe.webp,photo_exact,АРАТТИ Рислинг сухое,АРАТТИ,Белое,"Светло-соломенный, с зеленоватым оттенком",Кубань
aratti-sovinon-blan-beloe-polusuhoe,Sovion_p_suh_e5467c856b,Sovion_p_suh_e5467c856b.webp,photo_exact,АРАТТИ Совиньон блан белое полусухое,АРАТТИ,Белое,Светло-соломенный,Кубань
aratti-shardone-beloe-suhoe,Shardone_54bbd4df90,Shardone_54bbd4df90.webp,photo_exact,АРАТТИ Шардоне белое сухое,АРАТТИ,Белое,Золотисто-соломенный,Кубань
vinodelnya-krinitsa-arena-sira-krasnoe-suhoe-13,vinodelnya_krinitsa_arena_sira_krasnoe_suhoe_13_dc8b753978,vinodelnya_krinitsa_arena_sira_krasnoe_suhoe_13_dc8b753978.webp,photo_exact,Арена,Криница,Красное,Интенсивный рубиново-красный с фиолетовым оттенком.,Кубань
gavras-areni-krasnoe-suhoe-13,gavras_areni_krasnoe_suhoe_13_52b40d0436,gavras_areni_krasnoe_suhoe_13_52b40d0436.webp,photo_exact,Арени,GAVRAS,Красное,Рубиновый,Крым
dva-serdtsa-arinarnoa-kaberne-sovinon-krasnoe-suhoe-135,dva_serdtsa_arinarnoa_kaberne_sovinon_krasnoe_suhoe_135_047c8cca68,dva_serdtsa_arinarnoa_kaberne_sovinon_krasnoe_suhoe_135_047c8cca68.webp,photo_exact,Аринарноа - Каберне Совиньон,Два Сердца,Красное,Яркий рубиновый,Крым
kuban-vino-aristov-8-byanko-shardone-beloe-suhoe-8,kuban_vino_aristov_8_byanko_shardone_beloe_suhoe_8_c4aa32acf7,kuban_vino_aristov_8_byanko_shardone_beloe_suhoe_8_c4aa32acf7.webp,photo_exact,Аристов 8 Бьянко,Кубань-Вино,Белое,Вино светло-соломенного цвета.,Кубань
kuban-vino-aristov-8-byanko-07-shardone-beloe-suhoe-8,kuban_vino_aristov_8_byanko_07_shardone_beloe_suhoe_8_b4ce26c4c3,kuban_vino_aristov_8_byanko_07_shardone_beloe_suhoe_8_b4ce26c4c3.webp,photo_exact,Аристов 8 Бьянко 0.7,Кубань-Вино,Белое,Вино светло-соломенного цвета.,Кубань
kuban-vino-aristov-8-roze-merlo-rozovoe-suhoe-8,kuban_vino_aristov_8_roze_merlo_rozovoe_suhoe_8_a0208632d6,kuban_vino_aristov_8_roze_merlo_rozovoe_suhoe_8_a0208632d6.webp,photo_exact,Аристов 8 Розе,Кубань-Вино,Розовое,Вино розового цвета.,Кубань
kuban-vino-aristov-8-roze-07-merlo-rozovoe-suhoe-8,kuban_vino_aristov_8_roze_07_merlo_rozovoe_suhoe_8_59ddc8b8bd,kuban_vino_aristov_8_roze_07_merlo_rozovoe_suhoe_8_59ddc8b8bd.webp,photo_exact,Аристов 8 Розе 0.7,Кубань-Вино,Розовое,Вино розового цвета.,Кубань
aristov-anima-millesimato-beloe-bryut,Aristov_Anima_milezimiato_bryut_4a887b783f,Aristov_Anima_milezimiato_bryut_4a887b783f.webp,photo_exact,Аристов ANIMA Millesimato белое брют,Кубань-Вино,Белое,Светло-соломенный,Кубань
kuban-vino-aristov-amata-byanko-shardone-beloe-suhoe-125,kuban_vino_aristov_amata_byanko_shardone_beloe_suhoe_125_2c9f48a496,kuban_vino_aristov_amata_byanko_shardone_beloe_suhoe_125_2c9f48a496.webp,photo_exact,Аристов Амата Бьянко,Кубань-Вино,Белое,Цвет вина включает оттенки от светло-соломенного с легким зеленым отливом до классического соломенного.,Кубань
kuban-vino-aristov-amata-roze-kaberne-sovinon-rozovoe-suhoe-13,kuban_vino_aristov_amata_roze_kaberne_sovinon_rozovoe_suhoe_13_520459ddc4,kuban_vino_aristov_amata_roze_kaberne_sovinon_rozovoe_suhoe_13_520459ddc4.webp,photo_exact,Аристов Амата Розе,Кубань-Вино,Розовое,Цвет вина — от светло-розового до насыщенного малинового.,Кубань
kuban-vino-aristov-amata-rosso-kaberne-sovinon-krasnoe-suhoe-145,kuban_vino_aristov_amata_rosso_kaberne_sovinon_krasnoe_suhoe_145_40d0ae1b20,kuban_vino_aristov_amata_rosso_kaberne_sovinon_krasnoe_suhoe_145_40d0ae1b20.webp,photo_exact,Аристов Амата Россо,Кубань-Вино,Красное,Цвет вина — красно-рубиновый; глубокий.,Кубань
kuban-vino-aristov-anima-michela-2023-sandzhoveze-krasnoe-suhoe-115,kuban_vino_aristov_anima_michela_2023_sandzhoveze_krasnoe_suhoe_115_6e5381d827,kuban_vino_aristov_anima_michela_2023_sandzhoveze_krasnoe_suhoe_115_6e5381d827.webp,photo_exact,Аристов Анима Мичела 2023,Кубань-Вино,Красное,Цвет варьируется от рубинового до темно-рубинового.,Кубань
kuban-vino-aristov-anima-pino-gridzhio-beloe-suhoe-12,kuban_vino_aristov_anima_pino_gridzhio_beloe_suhoe_12_2b93e769db,kuban_vino_aristov_anima_pino_gridzhio_beloe_suhoe_12_2b93e769db.webp,photo_exact,Аристов Анима Пино Гриджио,Кубань-Вино,Белое,У вина светлый соломенный цвет с золотистым оттенком.,Кубань
kuban-vino-aristov-anima-pino-gridzhio-blash-rozovoe-suhoe-125,kuban_vino_aristov_anima_pino_gridzhio_blash_rozovoe_suhoe_125_c6ac2c7f10,kuban_vino_aristov_anima_pino_gridzhio_blash_rozovoe_suhoe_125_c6ac2c7f10.webp,photo_exact,Аристов Анима Пино Гриджио Блаш,Кубань-Вино,Розовое,Цвет — бледно-розовый.,Кубань
kuban-vino-aristov-anima-pino-nero-sandzhoveze-pino-nuar-krasnoe-suhoe-125,kuban_vino_aristov_anima_pino_nero_sandzhoveze_pino_nuar_krasnoe_suhoe_125_6fc8b03351,kuban_vino_aristov_anima_pino_nero_sandzhoveze_pino_nuar_krasnoe_suhoe_125_6fc8b03351.webp,photo_exact,Аристов Анима Пино Неро Санджовезе,Кубань-Вино,Красное,Цвет вина варьируется от насыщенного до темного рубинового.,Кубань
kuban-vino-aristov-byanko-shardone-beloe-suhoe-13,kuban_vino_aristov_byanko_shardone_beloe_suhoe_13_4ffd5831ff,kuban_vino_aristov_byanko_shardone_beloe_suhoe_13_4ffd5831ff.webp,photo_exact,Аристов Бьянко,Кубань-Вино,Белое,У вина светло-соломенный цвет.,Кубань
kuban-vino-aristov-byanko-polusladkoe-shardone-beloe-13,kuban_vino_aristov_byanko_polusladkoe_shardone_beloe_13_4167038d66,kuban_vino_aristov_byanko_polusladkoe_shardone_beloe_13_4167038d66.webp,photo_exact,Аристов Бьянко Полусладкое,Кубань-Вино,Белое,Вино имеет светлый соломенно-желтый цвет.,Кубань
kuban-vino-aristov-verde-muskat-beloe-polusuhoe-11,kuban_vino_aristov_verde_muskat_beloe_polusuhoe_11_3240688a5c,kuban_vino_aristov_verde_muskat_beloe_polusuhoe_11_3240688a5c.webp,photo_exact,Аристов Верде,Кубань-Вино,Белое,Имеет светло-соломенный цвет с тонкими штрихами зеленого луга.,Кубань
kuban-vino-aristov-kaberne-sovinon-krasnoe-suhoe-13,kuban_vino_aristov_kaberne_sovinon_krasnoe_suhoe_13_5e123aa5be,kuban_vino_aristov_kaberne_sovinon_krasnoe_suhoe_13_5e123aa5be.webp,photo_exact,Аристов Каберне Совиньон,Кубань-Вино,Красное,Цвет вина колеблется от насыщенного красно-рубинового до темно-гранатового.,Кубань
kuban-vino-aristov-kaberne-sovinon-roze-2020-rozovoe-suhoe-12,kuban_vino_aristov_kaberne_sovinon_roze_2020_rozovoe_suhoe_12_0f93b0dc29,kuban_vino_aristov_kaberne_sovinon_roze_2020_rozovoe_suhoe_12_0f93b0dc29.webp,photo_exact,Аристов Каберне Совиньон Розе 2020,Кубань-Вино,Розовое,Имеет розово-малиновый цвет с более светлым ободом.,Кубань
kuban-vino-aristov-risling-beloe-suhoe-115,kuban_vino_aristov_risling_beloe_suhoe_115_137cf12705,kuban_vino_aristov_risling_beloe_suhoe_115_137cf12705.webp,photo_exact,Аристов Рислинг,Кубань-Вино,Белое,Цвет вина колеблется от светло-соломенного до светло-золотистого.,Кубань
kuban-vino-aristov-rosso-polusladkoe-saperavi-krasnoe-13,kuban_vino_aristov_rosso_polusladkoe_saperavi_krasnoe_13_ed04238b6b,kuban_vino_aristov_rosso_polusladkoe_saperavi_krasnoe_13_ed04238b6b.webp,photo_exact,Аристов Россо Полусладкое,Кубань-Вино,Красное,У вина яркий красный цвет.,Кубань
kuban-vino-aristov-sandzhoveze-krasnoe-suhoe-13,kuban_vino_aristov_sandzhoveze_krasnoe_suhoe_13_346f0e6195,kuban_vino_aristov_sandzhoveze_krasnoe_suhoe_13_346f0e6195.webp,photo_exact,Аристов Санджовезе,Кубань-Вино,Красное,Цвет вина колеблется от красного до темно-красного с рубиновым оттенком.,Кубань
kuban-vino-aristov-tsvaygelt-320-rozovoe-suhoe-125,kuban_vino_aristov_tsvaygelt_320_rozovoe_suhoe_125_42f977144e,kuban_vino_aristov_tsvaygelt_320_rozovoe_suhoe_125_42f977144e.webp,photo_exact,Аристов Цвайгельт 320,Кубань-Вино,Розовое,Имеет розовый цвет.,Кубань
kuban-vino-aristov-shardone-318-beloe-suhoe-115,kuban_vino_aristov_shardone_318_beloe_suhoe_115_da1c20930f,kuban_vino_aristov_shardone_318_beloe_suhoe_115_da1c20930f.webp,photo_exact,Аристов Шардоне 318,Кубань-Вино,Белое,Имеет светло-соломенный цвет.,Кубань
kuban-vino-aristov-kyuve-aleksandr-blanc-de-blancs-36-shardone-beloe-ekstra-bryut-12,kuban_vino_aristov_kyuve_aleksandr_blanc_de_blancs_36_shardone_igristoe_ekstra_bryut_beloe_12_8ac9babcfc,kuban_vino_aristov_kyuve_aleksandr_blanc_de_blancs_36_shardone_igristoe_ekstra_bryut_beloe_12_8ac9babcfc.webp,photo_exact,Аристов. Кюве Александр Blanc de Blancs 36,Кубань-Вино,Белое,Сияющий золотой цвет с яркими отблесками.,Кубань
kuban-vino-aristov-kyuve-aleksandr-rose-de-pinot-pino-nuar-rozovoe-ekstra-bryut-12,kuban_vino_aristov_kyuve_aleksandr_rose_de_pinot_pino_nuar_igristoe_ekstra_bryut_rozovoe_12_26aee6560b,kuban_vino_aristov_kyuve_aleksandr_rose_de_pinot_pino_nuar_igristoe_ekstra_bryut_rozovoe_12_26aee6560b.webp,photo_exact,Аристов. Кюве Александр Rose de Pinot,Кубань-Вино,Розовое,Вино бледно-лососевого цвета с вереницей живых мелких пузырьков.,Кубань
kuban-vino-aristov-kyuve-aleksandr-millezimato-shardone-beloe-ekstra-bryut-12,kuban_vino_aristov_kyuve_aleksandr_millezimato_shardone_igristoe_ekstra_bryut_beloe_12_b2f7daf617,kuban_vino_aristov_kyuve_aleksandr_millezimato_shardone_igristoe_ekstra_bryut_beloe_12_b2f7daf617.webp,photo_exact,Аристов. Кюве Александр. Миллезимато,Кубань-Вино,Белое,Бледно-соломенный цвет с золотистыми бликами.,Кубань
aristov-kyuve-aleksandr-roze-de-pino,Aristov_Kyuve_Roze_Pino_2023_0_75l_bryut_Normal_Photoroom_cc598880d5,Aristov_Kyuve_Roze_Pino_2023_0_75l_bryut_Normal_Photoroom_cc598880d5.webp,photo_exact,Аристов. Кюве Александр. Розе Де Пино,Кубань-Вино,Розовое,Жемчужно-розовый,Кубань
vinodelnya-krinitsa-aroma-pti-mansen-beloe-sladkoe-137,vinodelnya_krinitsa_aroma_pti_mansen_beloe_sladkoe_137_3936725043,vinodelnya_krinitsa_aroma_pti_mansen_beloe_sladkoe_137_3936725043.webp,photo_exact,Арома,Криница,Белое,Желто-золотистый,Кубань
vina-arpachina-arpachino-aligote-ekstra-bryut-beloe-115,vina_arpachina_arpachino_aligote_ekstra_bryut_igristoe_ekstra_bryut_beloe_115_f4daed56e5,vina_arpachina_arpachino_aligote_ekstra_bryut_igristoe_ekstra_bryut_beloe_115_f4daed56e5.webp,photo_exact,Арпачино. Алиготе экстра брют,Вина Арпачина,Белое,Светло-соломенный,Долина Дона
vina-arpachina-arpachino-inohodets-puhlyakovskiy-beloe-ekstra-bryut-125,vina_arpachina_arpachino_inohodets_puhlyakovskiy_igristoe_ekstra_bryut_beloe_125_a112b4e529,vina_arpachina_arpachino_inohodets_puhlyakovskiy_igristoe_ekstra_bryut_beloe_125_a112b4e529.webp,photo_exact,Арпачино. Иноходец,Вина Арпачина,Белое,Светло-соломенный,Долина Дона
vina-arpachina-arpachino-inohodets-sibirkovyy-beloe-ekstra-bryut-125,vina_arpachina_arpachino_inohodets_sibirkovyy_igristoe_ekstra_bryut_beloe_125_75a58dd24e,vina_arpachina_arpachino_inohodets_sibirkovyy_igristoe_ekstra_bryut_beloe_125_75a58dd24e.webp,photo_exact,Арпачино. Иноходец,Вина Арпачина,Белое,Светло-соломенный,Долина Дона
vina-arpachina-arpachino-inohodets-kumshatskiy-beloe-ekstra-bryut-125,vina_arpachina_arpachino_inohodets_kumshatskiy_igristoe_ekstra_bryut_beloe_125_c630de086f,vina_arpachina_arpachino_inohodets_kumshatskiy_igristoe_ekstra_bryut_beloe_125_c630de086f.webp,photo_exact,Арпачино. Иноходец,Вина Арпачина,Белое,Светло-соломенный,Долина Дона
vina-arpachina-arpachino-inohodets-aligote-beloe-ekstra-bryut-125,vina_arpachina_arpachino_inohodets_aligote_igristoe_ekstra_bryut_beloe_125_14bff66ea7,vina_arpachina_arpachino_inohodets_aligote_igristoe_ekstra_bryut_beloe_125_14bff66ea7.webp,photo_exact,Арпачино. Иноходец,Вина Арпачина,Белое,Светло-соломенный,Долина Дона
vina-arpachina-arpachino-tsimlyanskiy-chernyy-rozovoe-ekstra-bryut-13,vina_arpachina_arpachino_tsimlyanskiy_chernyy_igristoe_ekstra_bryut_rozovoe_13_174452bb6e,vina_arpachina_arpachino_tsimlyanskiy_chernyy_igristoe_ekstra_bryut_rozovoe_13_174452bb6e.webp,photo_exact,Арпачино. Цимлянский Черный,Вина Арпачина,Розовое,Розово-персиковый,Долина Дона
stn-winery-arhitektor-sira-krasnoe-suhoe-12,stn_winery_arhitektor_sira_krasnoe_suhoe_12_6667db52b5,stn_winery_arhitektor_sira_krasnoe_suhoe_12_6667db52b5.webp,photo_exact,Архитектор. Сира,STN Winery,Красное,Гранатово-рубиновый,Крым
denisov-winery-assamblyazh-rubin-golodrigi-rozovoe-suhoe-12,denisov_winery_assamblyazh_rubin_golodrigi_rozovoe_suhoe_12_0cb8d3dedd,denisov_winery_assamblyazh_rubin_golodrigi_rozovoe_suhoe_12_0cb8d3dedd.webp,photo_exact,Ассамбляж,Denisov Winery,Розовое,Светло-розовый,Самара
vinodelnya-marko-assamblyazh-kaberne-sovinon-krasnoe-suhoe-14,vinodelnya_marko_assamblyazh_kaberne_sovinon_krasnoe_suhoe_14_1f4ea5a0e9,vinodelnya_marko_assamblyazh_kaberne_sovinon_krasnoe_suhoe_14_1f4ea5a0e9.webp,photo_exact,Ассамбляж,Винодельня Марко,Красное,Насыщенный рубиновый,Ставрополье
zmv-koktebel-atmosfera-aligote-rkatsiteli-shardone-beloe-suhoe-11,zmv_koktebel_atmosfera_aligote_rkatsiteli_shardone_beloe_suhoe_11_c621a4aae9,zmv_koktebel_atmosfera_aligote_rkatsiteli_shardone_beloe_suhoe_11_c621a4aae9.webp,photo_exact,"Атмосфера - Алиготе, Ркацители, Шардоне",ЗМВ Коктебель,Белое,Светло-соломенный с зеленоватым оттенком,Крым
zmv-koktebel-atmosfera-kaberne-sovinon-kaberne-fran-merlo-bastardo-magarachskiy-krasnoe-suhoe-13,zmv_koktebel_atmosfera_kaberne_sovinon_kaberne_fran_merlo_bastardo_magarachskiy_krasnoe_suhoe_13_e6f84956bb,zmv_koktebel_atmosfera_kaberne_sovinon_kaberne_fran_merlo_bastardo_magarachskiy_krasnoe_suhoe_13_e6f84956bb.webp,photo_exact,"Атмосфера - Каберне Совиньон, Каберне Фран, Мерло, Бастардо Магарачский",ЗМВ Коктебель,Красное,Рубиновый с гранатовым оттенком,Крым
zmv-koktebel-atmosfera-kaberne-sovinon-merlo-pino-chernyy-krasnoe-polusladkoe-13,zmv_koktebel_atmosfera_kaberne_sovinon_merlo_pino_chernyy_krasnoe_polusladkoe_13_542fe78f22,zmv_koktebel_atmosfera_kaberne_sovinon_merlo_pino_chernyy_krasnoe_polusladkoe_13_542fe78f22.webp,photo_exact,"Атмосфера - Каберне Совиньон, Мерло, Пино Черный",ЗМВ Коктебель,Красное,Рубиново-гранатовый,Крым
zmv-koktebel-atmosfera-rkatsiteli-aligote-kokur-muskat-belyy-shardone-beloe-polusladkoe-11,zmv_koktebel_atmosfera_rkatsiteli_aligote_kokur_muskat_belyy_shardone_beloe_polusladkoe_11_773cbbcc47,zmv_koktebel_atmosfera_rkatsiteli_aligote_kokur_muskat_belyy_shardone_beloe_polusladkoe_11_773cbbcc47.webp,photo_exact,"Атмосфера - Ркацители, Алиготе, Кокур, Мускат Белый, Шардоне",ЗМВ Коктебель,Белое,Соломенный со светло-золотистым оттенком,Крым
zmv-koktebel-atmosfera-shardone-merlo-rkatsiteli-muskat-rozovyy-muskat-gamburgskiy-rozovoe-polusuhoe-12,zmv_koktebel_atmosfera_shardone_merlo_rkatsiteli_muskat_rozovyy_muskat_gamburgskiy_rozovoe_polusuhoe_12_5fd10c99b4,zmv_koktebel_atmosfera_shardone_merlo_rkatsiteli_muskat_rozovyy_muskat_gamburgskiy_rozovoe_polusuhoe_12_5fd10c99b4.webp,photo_exact,"Атмосфера - Шардоне, Мерло, Ркацители, Мускат Розовый, Мускат Гамбургский",ЗМВ Коктебель,Розовое,Светло-розовый,Крым
sober-bash-afa-kaberne-sovinon-krasnoe-suhoe-125,sober_bash_afa_kaberne_sovinon_krasnoe_suhoe_125_d85dc3b521,sober_bash_afa_kaberne_sovinon_krasnoe_suhoe_125_d85dc3b521.webp,photo_exact,Афа,Собер Баш,Красное,Тёмно-рубиновый,Кубань
valeriy-zaharin-bakkal-su-aligote-beloe-suhoe-115,valeriy_zaharin_bakkal_su_aligote_beloe_suhoe_115_5fe4cf81cf,valeriy_zaharin_bakkal_su_aligote_beloe_suhoe_115_5fe4cf81cf.webp,photo_exact,Баккал Су Алиготе,Валерий Захарьин,Белое,Соломенно-золотистый,Крым
valeriy-zaharin-bakkal-su-kaberne-kaberne-sovinon-krasnoe-suhoe-125,valeriy_zaharin_bakkal_su_kaberne_kaberne_sovinon_krasnoe_suhoe_125_53073ba214,valeriy_zaharin_bakkal_su_kaberne_kaberne_sovinon_krasnoe_suhoe_125_53073ba214.webp,photo_exact,Баккал Су Каберне,Валерий Захарьин,Красное,Темный вишневый,Крым
valeriy-zaharin-bakkal-su-saperavi-bastardo-kaberne-sovinon-krasnoe-polusladkoe-11,valeriy_zaharin_bakkal_su_saperavi_bastardo_kaberne_sovinon_krasnoe_polusladkoe_11_b8d351c52f,valeriy_zaharin_bakkal_su_saperavi_bastardo_kaberne_sovinon_krasnoe_polusladkoe_11_b8d351c52f.webp,photo_exact,Баккал Су Саперави - Бастардо - Каберне Совиньон,Валерий Захарьин,Красное,Темно-бордовый,Крым
valeriy-zaharin-bakkal-su-muskat-ottonel-beloe-polusladkoe-115,valeriy_zaharin_bakkal_su_muskat_ottonel_beloe_polusladkoe_115_34542492ff,valeriy_zaharin_bakkal_su_muskat_ottonel_beloe_polusladkoe_115_34542492ff.webp,photo_exact,Баккал Су. Мускат Оттонель,Валерий Захарьин,Белое,Золотисто-желтый,Крым
valeriy-zaharin-bakkal-su-saperavi-kaberne-sovinon-krasnoe-suhoe-12,valeriy_zaharin_bakkal_su_saperavi_kaberne_sovinon_krasnoe_suhoe_12_f6ce17d50e,valeriy_zaharin_bakkal_su_saperavi_kaberne_sovinon_krasnoe_suhoe_12_f6ce17d50e.webp,photo_exact,Баккал Су. Саперави – Каберне Совиньон,Валерий Захарьин,Красное,Темно-вишневый,Крым
wine,rozovyj_bryut_fotor_bg_remover_20260123185139_1309ba3fe0,rozovyj_bryut_fotor_bg_remover_20260123185139_1309ba3fe0.webp,prefix,Балаклава Брют Резерв Розе,Золотая Балка,Розовое,Золотистый,Крым
balaklava-muskat,Muskat_648c0fbc3f,Muskat_648c0fbc3f.webp,photo_exact,Балаклава Мускат,Золотая Балка,Белое,Светло-золотистый,Крым
balaklava-muskat-beloe-polusladkoe,Balaklava_Muskat_beloe_polusladkoe_0e4a6563a4,Balaklava_Muskat_beloe_polusladkoe_0e4a6563a4.webp,photo_exact,Балаклава Мускат белое полусладкое,Золотая Балка,Белое,Золотистый,Крым
balaklava-pino-nuar,Pino_Nuar_fca6ba49ed,Pino_Nuar_fca6ba49ed.webp,photo_exact,Балаклава Пино Нуар,Золотая Балка,Розовое,Нежно-розовый,Крым
barhat,Barhat_cd989f8325,Barhat_cd989f8325.webp,photo_exact,Бархат,WINEMAFIA,Красное,Глубокий гранатово-фиолетовый,Кубань
denisov_barynya_kurmyshi,Tihoe_Barynya_2025_cb29b43230,Tihoe_Barynya_2025_cb29b43230.webp,photo_exact,Барыня. Курмыши,Denisov Winery,Розовое,Ярко-розовый цвет,Самара
massandra-bastardo-bastardo-magarachskiy-krasnoe-sladkoe-16,massandra_bastardo_bastardo_magarachskiy_krasnoe_sladkoe_16_c111755788,massandra_bastardo_bastardo_magarachskiy_krasnoe_sladkoe_16_c111755788.webp,photo_exact,Бастардо,Массандра,Красное,Тёмно-рубиновый с фиолетовым оттенком,Крым
zmv-koktebel-bastardo-krasnoe-suhoe-14,zmv_koktebel_bastardo_krasnoe_suhoe_14_493c75d397,zmv_koktebel_bastardo_krasnoe_suhoe_14_493c75d397.webp,photo_exact,Бастардо,ЗМВ Коктебель,Красное,Тёмно-рубиновый,Крым
valeriy-zaharin-bastardo-kefesiya-avtohtonnoe-vino-kryma-bastardo-magarachskiy-krasnoe-suhoe-115,valeriy_zaharin_bastardo_kefesiya_avtohtonnoe_vino_kryma_bastardo_magarachskiy_krasnoe_suhoe_115_e521ee5147,valeriy_zaharin_bastardo_kefesiya_avtohtonnoe_vino_kryma_bastardo_magarachskiy_krasnoe_suhoe_115_e521ee5147.webp,photo_exact,Бастардо - Кефесия. Автохтонное вино Крыма,Валерий Захарьин,Красное,Рубиновый с коралловым оттенком,Крым
belaya-lvicza,Bel_Lviczv_920970caba,Bel_Lviczv_920970caba.webp,photo_exact,Белая Львица белое полусладкое,АРАТТИ,Белое,Соломенный,Кубань
levokumskoe-beloe-rkatsiteli-suhoe-10,levokumskoe_beloe_rkatsiteli_beloe_suhoe_10_65a7a71e88,levokumskoe_beloe_rkatsiteli_beloe_suhoe_10_65a7a71e88.webp,photo_exact,Белое,Левокумское,Белое,Соломенный,Ставрополье
belbek-beloe-suhoe-kaberne-sovinon-krasnoe-14,belbek_beloe_suhoe_kaberne_sovinon_krasnoe_suhoe_14_82f8b0eda2,belbek_beloe_suhoe_kaberne_sovinon_krasnoe_suhoe_14_82f8b0eda2.webp,photo_exact,Белое сухое,Бельбек,Красное,Темно-рубиновый с рыжеватым отблеском,Крым
belbek-belbek-kaberne-fran-krasnoe-suhoe-13,belbek_belbek_kaberne_fran_krasnoe_suhoe_13_1dc81c94ac,belbek_belbek_kaberne_fran_krasnoe_suhoe_13_1dc81c94ac.webp,photo_exact,Бельбек Каберне Фран,Бельбек,Красное,Рубиновый с гранатовым отливом,Крым
belbek-belbek-meritazh-kaberne-sovinon-krasnoe-suhoe-135,belbek_belbek_meritazh_kaberne_sovinon_krasnoe_suhoe_135_3ac532f36b,belbek_belbek_meritazh_kaberne_sovinon_krasnoe_suhoe_135_3ac532f36b.webp,photo_exact,Бельбек Меритаж,Бельбек,Красное,"Тёмно-рубиновый, насыщенный",Крым
belbek-belbek-merlo-krasnoe-suhoe-129,belbek_belbek_merlo_krasnoe_suhoe_129_721da2ee04,belbek_belbek_merlo_krasnoe_suhoe_129_721da2ee04.webp,photo_exact,Бельбек Мерло,Бельбек,Красное,Рубиновый с фиолетовым отливом,Крым
belbek-belbek-muskat-beloe-suhoe-128,belbek_belbek_muskat_beloe_suhoe_128_630defdbb3,belbek_belbek_muskat_beloe_suhoe_128_630defdbb3.webp,photo_exact,Бельбек Мускат,Бельбек,Белое,Светло-соломенный с зеленоватым оттенком,Крым
belbek-belbek-pino-nuar-krasnoe-suhoe-13,belbek_belbek_pino_nuar_krasnoe_suhoe_13_f1519564c9,belbek_belbek_pino_nuar_krasnoe_suhoe_13_f1519564c9.webp,photo_exact,Бельбек Пино Нуар,Бельбек,Красное,"Светло-рубиновый, прозрачный",Крым
belbek-belbek-pti-verdo-krasnoe-suhoe-121,belbek_belbek_pti_verdo_krasnoe_suhoe_121_40c032fb64,belbek_belbek_pti_verdo_krasnoe_suhoe_121_40c032fb64.webp,photo_exact,Бельбек Пти Вердо,Бельбек,Красное,"Тёмно-рубиновый, насыщенный",Крым
belbek-belbek-risling-beloe-suhoe-128,belbek_belbek_risling_beloe_suhoe_128_cb6f66781a,belbek_belbek_risling_beloe_suhoe_128_cb6f66781a.webp,photo_exact,Бельбек Рислинг,Бельбек,Белое,Светло-соломенный с зеленоватым оттенком,Крым
belbek-belbek-risling-rezerv-beloe-suhoe-13,belbek_belbek_risling_rezerv_beloe_suhoe_13_618fbe6775,belbek_belbek_risling_rezerv_beloe_suhoe_13_618fbe6775.webp,photo_exact,Бельбек Рислинг Резерв,Бельбек,Белое,Светло-соломенный с золотистыми бликами,Крым
belbek-belbek-rkatsiteli-barrik-beloe-suhoe-13,belbek_belbek_rkatsiteli_barrik_beloe_suhoe_13_44d3a11b2f,belbek_belbek_rkatsiteli_barrik_beloe_suhoe_13_44d3a11b2f.webp,photo_exact,Бельбек Ркацители Баррик,Бельбек,Белое,Золотистый с янтарным отливом,Крым
belbek-belbek-roze-pino-nuar-rozovoe-suhoe-129,belbek_belbek_roze_pino_nuar_rozovoe_suhoe_129_051d90b1ff,belbek_belbek_roze_pino_nuar_rozovoe_suhoe_129_051d90b1ff.webp,photo_exact,Бельбек Розе,Бельбек,Розовое,Бледно-лососевый с оттенком лепестков роз,Крым
belbek-belbek-sandzhoveze-krasnoe-suhoe-138,belbek_belbek_sandzhoveze_krasnoe_suhoe_138_9bf09c1a82,belbek_belbek_sandzhoveze_krasnoe_suhoe_138_9bf09c1a82.webp,photo_exact,Бельбек Санджовезе,Бельбек,Красное,Рубиновый с гранатовым отливом,Крым
belbek-belbek-saperavi-rezerv-krasnoe-suhoe-14,belbek_belbek_saperavi_rezerv_krasnoe_suhoe_14_d920558ff2,belbek_belbek_saperavi_rezerv_krasnoe_suhoe_14_d920558ff2.webp,photo_exact,Бельбек Саперави Резерв,Бельбек,Красное,"Тёмно-рубиновый, почти чернильный",Крым
belbek-belbek-sira-krasnoe-suhoe-132,belbek_belbek_sira_krasnoe_suhoe_132_e2a205e856,belbek_belbek_sira_krasnoe_suhoe_132_e2a205e856.webp,photo_exact,Бельбек Сира,Бельбек,Красное,Тёмно-рубиновый с фиолетовым отливом,Крым
belbek-belbek-fiolent-muskat-beloe-polusladkoe-125,belbek_belbek_fiolent_muskat_beloe_polusladkoe_125_a8f84e49d2,belbek_belbek_fiolent_muskat_beloe_polusladkoe_125_a8f84e49d2.webp,photo_exact,Бельбек Фиолент Мускат,Бельбек,Белое,Светло-соломенный с золотистыми бликами,Крым
chateau-de-talu-blan-semilon-beloe-suhoe-127,chateau_de_talu_blan_semilon_beloe_suhoe_127_93430db9c7,chateau_de_talu_blan_semilon_beloe_suhoe_127_93430db9c7.webp,photo_exact,Блан,Chateau de Talu,Белое,"Золотисто-соломенный, с прозрачными бликами",Кубань
blan-de-blan,Blan_de_Blan_2d64f13a73,Blan_de_Blan_2d64f13a73.webp,slug_exact,Блан де Блан,Скалистый берег,Белое,Светло-золотистый,Кубань
shato-pino-blan-de-blan-shardone-beloe-ekstra-bryut-12,shato_pino_blan_de_blan_shardone_igristoe_ekstra_bryut_beloe_12_655949f151,shato_pino_blan_de_blan_shardone_igristoe_ekstra_bryut_beloe_12_655949f151.webp,photo_exact,Блан Де Блан,Шато Пино,Белое,Золотистый,Кубань
perovskih_blan_de_noir,Blanc_de_noirs_brut_nature_030b095589,Blanc_de_noirs_brut_nature_030b095589.webp,photo_exact,Блан де Нуар. Брют Натюр,Усадьба Перовских,Белое,Вино золотистого цвета с персиковым отливом. ,Крым
zmv-koktebel-blan-aligote-beloe-suhoe-12,zmv_koktebel_blan_aligote_beloe_suhoe_12_b350503764,zmv_koktebel_blan_aligote_beloe_suhoe_12_b350503764.webp,photo_exact,"Блан, Алиготе",ЗМВ Коктебель,Белое,Соломенно-золотистый,Крым
vaynkraft-blan-pino-nuar-beloe-suhoe-12,vaynkraft_blan_pino_nuar_beloe_suhoe_12_a3e776df11,vaynkraft_blan_pino_nuar_beloe_suhoe_12_a3e776df11.webp,photo_exact,Блан. Пино Нуар,ВайнКрафт,Белое,Золотисто-соломенный,Крым
domaine-lipko-blaufrankish-krasnoe-suhoe-126,domaine_lipko_blaufrankish_krasnoe_suhoe_126_e33253850f,domaine_lipko_blaufrankish_krasnoe_suhoe_126_e33253850f.webp,photo_exact,Блауфранкиш,Domaine Lipko,Красное,Темно-рубиновый,Крым
shato-ay-danil-bomond-aligote-beloe-suhoe-13,shato_ay_danil_bomond_aligote_beloe_suhoe_vyderzhannoe_13_6c7ff5a32b,shato_ay_danil_bomond_aligote_beloe_suhoe_vyderzhannoe_13_6c7ff5a32b.webp,photo_exact,Бомонд,Шато Ай-Даниль,Белое,Вино светло-соломенного цвета с золотистым переливом.,Крым
stn-winery-bratstvo-kochergi-pino-nuar-krasnoe-suhoe-12,stn_winery_bratstvo_kochergi_pino_nuar_krasnoe_suhoe_12_e029506394,stn_winery_bratstvo_kochergi_pino_nuar_krasnoe_suhoe_12_e029506394.webp,photo_exact,Братство Кочерги. Пино Нуар,STN Winery,Красное,Рубиновый,Крым
bryut-beloe-zolotaya-balka,Bryut_beloe_fotor_bg_remover_20260123231541_242c08153f,Bryut_beloe_fotor_bg_remover_20260123231541_242c08153f.webp,prefix,Брют Белое Золотая Балка,Золотая Балка,Белое,Светло-соломенный,Крым
rem-akchurin-bryut-roze-pino-nuar-rozovoe-129,rem_akchurin_bryut_roze_pino_nuar_igristoe_bryut_rozovoe_129_9797abf1e3,rem_akchurin_bryut_roze_pino_nuar_igristoe_bryut_rozovoe_129_9797abf1e3.webp,photo_exact,Брют розе,Rem Akchurin,Розовое,Лососевый,Крым
gunko-winery-bryut-roze-pino-nuar-rozovoe-12,gunko_winery_bryut_roze_pino_nuar_igristoe_bryut_rozovoe_12_09f00ed0d1,gunko_winery_bryut_roze_pino_nuar_igristoe_bryut_rozovoe_12_09f00ed0d1.webp,photo_exact,Брют розе,Gunko Winery,Розовое,Светло-розовый,Кубань
bryut-rozovoe-zolotaya-balka,Bryut_rozovoe_011797b8f0,Bryut_rozovoe_011797b8f0.webp,photo_exact,Брют Розовое Золотая Балка,Золотая Балка,Розовое,Нежно-розовый,Крым
usadba-aleksandrovskaya-bubnovyy-valet-kaberne-sovinon-krasnoe-polusladkoe-13,usadba_aleksandrovskaya_bubnovyy_valet_kaberne_sovinon_krasnoe_polusladkoe_13_bf2a0f6928,usadba_aleksandrovskaya_bubnovyy_valet_kaberne_sovinon_krasnoe_polusladkoe_13_bf2a0f6928.webp,photo_exact,Бубновый Валет,Усадьба Александровская,Красное,Вино красновато-гранатового цвета.,Крым
bukovinka,Screenshot_10_0cc940095c,Screenshot_10_0cc940095c.webp,photo_exact,Буковинка,Табия,Белое,Светло-золотистый,Кубань
vinodelnya-uzunov-bunt-tsitronnyy-magaracha-beloe-suhoe-132,vinodelnya_uzunov_bunt_tsitronnyy_magaracha_beloe_suhoe_132_145bb8e9f1,vinodelnya_uzunov_bunt_tsitronnyy_magaracha_beloe_suhoe_132_145bb8e9f1.webp,photo_exact,Бунт,Винодельня Узунов,Белое,Насыщенный золотистый,Кубань
shato-ay-danil-byanko-da-sole-muskat-belyy-beloe-polusladkoe-13,shato_ay_danil_byanko_da_sole_muskat_belyy_beloe_polusladkoe_13_2c5d204811,shato_ay_danil_byanko_da_sole_muskat_belyy_beloe_polusladkoe_13_2c5d204811.webp,photo_exact,Бьянко да Соле,Шато Ай-Даниль,Белое,Бледно-золотистый цвет с ровным блеском.,Крым
b-yu-rne-vinisa-zh-suhoe-beloe,Vinisazh_bel_71a4e27f0b,Vinisazh_bel_71a4e27f0b.webp,photo_exact,БЮРНЬЕ.ВИНИСАЖ сухое белое,Винодельня Бюрнье,Белое,Светло-лимонный,Кубань
b-yu-rne-vinisa-zh-suhoe-krasnoe,Vinisazh_krasn_dba1e92eae,Vinisazh_krasn_dba1e92eae.webp,photo_exact,БЮРНЬЕ.ВИНИСАЖ сухое красное,Винодельня Бюрнье,Красное,Рубиновый цвет средней интенсивности,Кубань
b-yu-rne-vinisa-zh-suhoe-rozovoe,Vinisazh_roz_3d60ae3f01,Vinisazh_roz_3d60ae3f01.webp,photo_exact,БЮРНЬЕ.ВИНИСАЖ сухое розовое,Винодельня Бюрнье,Розовое,Светло-лососёвый с пурпурным оттенком,Кубань
vinodelnya-byurne-vione-beloe-suhoe-135,Vione_2023_13d6c1ebf6,Vione_2023_13d6c1ebf6.webp,photo_exact,БЮРНЬЕ.ВИОНЬЕ сухое белое,Винодельня Бюрнье,Белое,Светло-соломенный ,Кубань
vinodelnya-byurne-kaberne-sovinon-krasnoe-suhoe-135,vinodelnya_byurne_kaberne_sovinon_krasnoe_suhoe_135_012f5369e6,vinodelnya_byurne_kaberne_sovinon_krasnoe_suhoe_135_012f5369e6.webp,slug_exact,БЮРНЬЕ.КАБЕРНЕ СОВИНЬОН сухое красное,Винодельня Бюрнье,Красное,Глубокий темно-рубиновый,Кубань
vinodelnya-byurne-kaberne-fran-krasnoe-suhoe-135,vinodelnya_byurne_kaberne_fran_krasnoe_suhoe_135_e644d95928,vinodelnya_byurne_kaberne_fran_krasnoe_suhoe_135_e644d95928.webp,slug_exact,БЮРНЬЕ.КАБЕРНЕ ФРАН сухое красное,Винодельня Бюрнье,Красное,Насыщенный рубиновый,Кубань
vinodelnya-byurne-krasnostop-krasnoe-suhoe-145,Krasnostop_surguch_59d9e248a7,Krasnostop_surguch_59d9e248a7.webp,photo_exact,БЮРНЬЕ.КРАСНОСТОП сухое красное,Винодельня Бюрнье,Красное,Насыщенный рубиновый,Кубань
b-yu-rne-krasnostop-suhoe-krasnoe-classic,Krasnostop_2024_Classic_png_4f712da54f,Krasnostop_2024_Classic_png_4f712da54f.webp,photo_exact,БЮРНЬЕ.КРАСНОСТОП сухое красное Classic,Винодельня Бюрнье,Красное,Насыщенный рубиновый,Кубань
vinodelnya-byurne-lyublyu-beloe-shardone-suhoe-135,Lyublyu_bel_2025_vint_png_cb50263c81,Lyublyu_bel_2025_vint_png_cb50263c81.webp,photo_exact,БЮРНЬЕ.ЛЮБЛЮ сухое белое ,Винодельня Бюрнье,Белое,Светло-лимонное,Кубань
vinodelnya-byurne-lyublyu-krasnoe-kaberne-fran-suhoe-135,Lyublyu_krasn_2024_vint_png_a3e9f450b2,Lyublyu_krasn_2024_vint_png_a3e9f450b2.webp,photo_exact,БЮРНЬЕ.ЛЮБЛЮ сухое красное,Винодельня Бюрнье,Красное,рубиновый средней интенсивности,Кубань
b-yu-rne-l-yu-bl-yu-suhoe-rozovoe,Lyublyu_roz_2025_vint_png_d28b7dba5d,Lyublyu_roz_2025_vint_png_d28b7dba5d.webp,photo_exact,БЮРНЬЕ.ЛЮБЛЮ сухое розовое,Винодельня Бюрнье,Розовое,Светло-розовый,Кубань
b-yu-rne-malbek-krasnoe-suhoe,Malbek_2023_png_56930e5abf,Malbek_2023_png_56930e5abf.webp,photo_exact,БЮРНЬЕ.МАЛЬБЕК красное сухое,Винодельня Бюрнье,Красное,Гиперинтенсивный пурпурный,Кубань
vinodelnya-byurne-merlo-krasnoe-suhoe-14,Merlo_2022_no_bg_preview_carve_photos_36278cfc22,Merlo_2022_no_bg_preview_carve_photos_36278cfc22.webp,photo_exact,БЮРНЬЕ.МЕРЛО сухое красное,Винодельня Бюрнье,Красное,Интенсивный рубиновый,Кубань
vinodelnya-byurne-byurne-pino-blan-beloe-suhoe-14,Vione_2023_13d6c1ebf6,Vione_2023_13d6c1ebf6.webp,photo_exact,БЮРНЬЕ.ПИНО БЛАН сухое белое ,Винодельня Бюрнье,Белое,Светло-лимонный,Кубань
b-yu-rne-pino-gri-beloe-suhoe,Pino_Gri_2024_png_075e66412a,Pino_Gri_2024_png_075e66412a.webp,photo_exact,БЮРНЬЕ.ПИНО ГРИ белое сухое,Винодельня Бюрнье,Белое,Золотистый цвет средней интенсивности,Кубань
b-yu-rne-pino-gri-pozdnij-sbor-sladkoe-beloe,Pino_Gri_2025_pozdnij_sbor_png_4dc63be6e9,Pino_Gri_2025_pozdnij_sbor_png_4dc63be6e9.webp,photo_exact,БЮРНЬЕ.ПИНО ГРИ Поздний сбор сладкое белое,Винодельня Бюрнье,Белое,Насыщенный золотистый,Кубань
vinodelnya-byurne-saperavi-krasnoe-suhoe-135,Saperavi_2020_surguch_no_bg_preview_carve_photos_9a5471d201,Saperavi_2020_surguch_no_bg_preview_carve_photos_9a5471d201.webp,photo_exact,БЮРНЬЕ.САПЕРАВИ сухое красное,Винодельня Бюрнье,Красное,Вишнево-рубиновый,Кубань
b-yu-rne-sira-krasnoe-suhoe-classic,Sira_2024_Classic_png_ea46e81e69,Sira_2024_Classic_png_ea46e81e69.webp,photo_exact,БЮРНЬЕ.СИРА красное сухое Classic,Винодельня Бюрнье,Красное,Насыщенный рубиновый,Кубань
vinodelnya-byurne-sira-krasnoe-suhoe-135,Sira_2019_surguch_528ada047c,Sira_2019_surguch_528ada047c.webp,photo_exact,БЮРНЬЕ.СИРА сухое красное,Винодельня Бюрнье,Красное,Насыщенный рубиновый,Кубань
b-yu-rne-sh-ardone-suhoe-beloe,Shardone_2024_png_1bfb0893db,Shardone_2024_png_1bfb0893db.webp,photo_exact,БЮРНЬЕ.ШАРДОНЕ сухое белое,Винодельня Бюрнье,Белое,Светло-лимонный,Кубань
le-k2-v-glubine-shardone-beloe-suhoe-13,le_k2_v_glubine_shardone_beloe_suhoe_13_4f4151b39f,le_k2_v_glubine_shardone_beloe_suhoe_13_4f4151b39f.webp,photo_exact,В Глубине,Le K2,Белое,Вино бледно-лимонного цвета с красивыми золотыми переливами.,Крым
le-k2-v-tumane-sovinon-blan-beloe-suhoe-127,le_k2_v_tumane_sovinon_blan_beloe_suhoe_127_06ecea5c73,le_k2_v_tumane_sovinon_blan_beloe_suhoe_127_06ecea5c73.webp,photo_exact,В тумане,Le K2,Белое,Пшенично-золотистый,Крым
le-k2-v-tumane-sovinon-blan-beloe-suhoe-13,le_k2_v_tumane_sovinon_blan_beloe_suhoe_13_8e8145173e,le_k2_v_tumane_sovinon_blan_beloe_suhoe_13_8e8145173e.webp,photo_exact,В Тумане,Le K2,Белое,Вино бледно-лимонного цвета с золотистыми искорками.,Крым
wein-und-wasser-vayn-taym-sira-krym-krasnoe-suhoe-13,wein_und_wasser_vayn_taym_sira_krym_krasnoe_suhoe_13_375652c038,wein_und_wasser_vayn_taym_sira_krym_krasnoe_suhoe_13_375652c038.webp,photo_exact,Вайн Тайм Сира Крым,Wein und Wasser,Красное,Тёмно-рубиновый с фиолетовым оттенком,Крым
wein-und-wasser-vayn-taym-sovinon-blan-krym-beloe-suhoe-12,wein_und_wasser_vayn_taym_sovinon_blan_krym_beloe_suhoe_12_a4ab928b4f,wein_und_wasser_vayn_taym_sovinon_blan_krym_beloe_suhoe_12_a4ab928b4f.webp,photo_exact,Вайн Тайм Совиньон Блан Крым,Wein und Wasser,Белое,Светло-соломенный с зеленоватым оттенком,Крым
valerij-zaharin-kokur-i-ko-beloe-bryut,Valerij_Zaharin_Kokur_i_Ko_igristoe_beloe_bryut_127fa85774,Valerij_Zaharin_Kokur_i_Ko_igristoe_beloe_bryut_127fa85774.webp,photo_exact,Валерий Захарьин Кокур и Ко белое брют,Валерий Захарьин,Белое,Светло-золотистый,Крым
valerij-zaharin-kokur-i-ko-beloe-polusladkoe,Valerij_Zaharin_Kokur_i_Ko_igristoe_beloe_polusladkoe_1334dee26c,Valerij_Zaharin_Kokur_i_Ko_igristoe_beloe_polusladkoe_1334dee26c.webp,photo_exact,Валерий Захарьин Кокур и Ко белое полусладкое,Валерий Захарьин,Белое,Светло-золотистый,Крым
le-k2-vassal-risling-reynskiy-beloe-suhoe-14,le_k2_vassal_risling_reynskiy_beloe_suhoe_14_28e38009b0,le_k2_vassal_risling_reynskiy_beloe_suhoe_14_28e38009b0.webp,photo_exact,Вассал,Le K2,Белое,Вино бледно-лимонного цвета.,Крым
le-k2-vassal-risling-beloe-suhoe-14,le_k2_vassal_risling_beloe_suhoe_14_19652f8fb4,le_k2_vassal_risling_beloe_suhoe_14_19652f8fb4.webp,photo_exact,Вассал,Le K2,Белое,Лимонный,Крым
vinodelnya-vedernikov-vedernikov-gubernatorskoe-golubok-krasnoe-suhoe-115,vinodelnya_vedernikov_vedernikov_gubernatorskoe_golubok_krasnoe_suhoe_115_8c9f5c5b2a,vinodelnya_vedernikov_vedernikov_gubernatorskoe_golubok_krasnoe_suhoe_115_8c9f5c5b2a.webp,photo_exact,Ведерниковъ Губернаторское «Голубок»,Ведерниковъ,Красное,Рубиновый с гранатовым отливом,Долина Дона
vinodelnya-vedernikov-vedernikov-gubernatorskoe-rezerv-kaberne-sovinon-krasnoe-suhoe-14,vinodelnya_vedernikov_vedernikov_gubernatorskoe_rezerv_kaberne_sovinon_krasnoe_suhoe_14_89b77c35e7,vinodelnya_vedernikov_vedernikov_gubernatorskoe_rezerv_kaberne_sovinon_krasnoe_suhoe_14_89b77c35e7.webp,photo_exact,Ведерниковъ Губернаторское Резерв,Ведерниковъ,Красное,"Тёмно-рубиновый, насыщенный",Долина Дона
vinodelnya-vedernikov-vedernikov-dolina-dona-beloe-suhoe-aligote-12,vinodelnya_vedernikov_vedernikov_dolina_dona_beloe_suhoe_aligote_12_e8c5795ff3,vinodelnya_vedernikov_vedernikov_dolina_dona_beloe_suhoe_aligote_12_e8c5795ff3.webp,photo_exact,Ведерниковъ Долина Дона Белое Сухое,Ведерниковъ,Белое,Светло-соломенный с зеленоватым оттенком,Долина Дона
vinodelnya-vedernikov-vedernikov-dolina-dona-krasnoe-suhoe-kaberne-sovinon-125,vinodelnya_vedernikov_vedernikov_dolina_dona_krasnoe_suhoe_kaberne_sovinon_125_61017e5b54,vinodelnya_vedernikov_vedernikov_dolina_dona_krasnoe_suhoe_kaberne_sovinon_125_61017e5b54.webp,photo_exact,Ведерниковъ Долина Дона Красное Сухое,Ведерниковъ,Красное,Рубиновый с гранатовым отливом,Долина Дона
vinodelnya-vedernikov-vedernikov-kaberne-sovinon-krasnoe-suhoe-145,vinodelnya_vedernikov_vedernikov_kaberne_sovinon_krasnoe_suhoe_145_1833c3f20b,vinodelnya_vedernikov_vedernikov_kaberne_sovinon_krasnoe_suhoe_145_1833c3f20b.webp,photo_exact,Ведерниковъ Каберне Совиньон,Ведерниковъ,Красное,"Тёмно-рубиновый, насыщенный",Долина Дона
vinodelnya-vedernikov-vedernikov-krasnostop-zolotovskiy-krasnoe-suhoe-145,vinodelnya_vedernikov_vedernikov_krasnostop_zolotovskiy_krasnoe_suhoe_145_07aa21a458,vinodelnya_vedernikov_vedernikov_krasnostop_zolotovskiy_krasnoe_suhoe_145_07aa21a458.webp,photo_exact,Ведерниковъ Красностоп Золотовский,Ведерниковъ,Красное,Тёмно-рубиновый с гранатовым отливом,Долина Дона
vinodelnya-vedernikov-vedernikov-krasnostop-zolotovskiy-magnum-krasnoe-suhoe-145,vinodelnya_vedernikov_vedernikov_krasnostop_zolotovskiy_magnum_krasnoe_suhoe_145_8e7ef2fb06,vinodelnya_vedernikov_vedernikov_krasnostop_zolotovskiy_magnum_krasnoe_suhoe_145_8e7ef2fb06.webp,photo_exact,Ведерниковъ Красностоп Золотовский (магнум),Ведерниковъ,Красное,Тёмно-рубиновый с гранатовым отливом,Долина Дона
vinodelnya-vedernikov-vedernikov-pet-nat-golubok-krasnyy-bryut-krasnoe-suhoe-13,vinodelnya_vedernikov_vedernikov_pet_nat_golubok_krasnyy_bryut_krasnoe_suhoe_13_59ca83550f,vinodelnya_vedernikov_vedernikov_pet_nat_golubok_krasnyy_bryut_krasnoe_suhoe_13_59ca83550f.webp,photo_exact,Ведерниковъ Пет-Нат «Голубок» Красный Брют,Ведерниковъ,Красное,Светло-рубиновый с лёгкой мутью,Долина Дона
vinodelnya-vedernikov-vedernikov-pet-nat-platovskiy-aligote-bryut-beloe-suhoe-10,vinodelnya_vedernikov_vedernikov_pet_nat_platovskiy_aligote_bryut_beloe_suhoe_10_d5c01e9bdf,vinodelnya_vedernikov_vedernikov_pet_nat_platovskiy_aligote_bryut_beloe_suhoe_10_d5c01e9bdf.webp,photo_exact,Ведерниковъ Пет-Нат «Платовский-Алиготе» Брют,Ведерниковъ,Белое,Светло-соломенный с лёгкой мутью,Долина Дона
vinodelnya-vedernikov-vedernikov-puhlyakovskiy-beloe-suhoe-12,vinodelnya_vedernikov_vedernikov_puhlyakovskiy_beloe_suhoe_12_f332a8999d,vinodelnya_vedernikov_vedernikov_puhlyakovskiy_beloe_suhoe_12_f332a8999d.webp,photo_exact,Ведерниковъ Пухляковский,Ведерниковъ,Белое,Светло-соломенный с зеленоватым оттенком,Долина Дона
vinodelnya-vedernikov-vedernikov-tsimlyanskiy-chyornyy-tsimlyanskiy-chernyy-krasnoe-suhoe-14,Vinodelnya_Vedernikov_f7dfb6cd55,Vinodelnya_Vedernikov_f7dfb6cd55.webp,prefix,Ведерниковъ Цимлянский Чёрный,Ведерниковъ,Красное,Тёмно-рубиновый с гранатовым отливом,Долина Дона
vinodelnya-vedernikov-vedernikov-tsimlyanskiy-chyornyy-bryut-tsimlyanskiy-chernyy-beloe-12,vinodelnya_vedernikov_vedernikov_tsimlyanskiy_chyornyy_bryut_tsimlyanskiy_chernyy_beloe_12_94126ea6cf,vinodelnya_vedernikov_vedernikov_tsimlyanskiy_chyornyy_bryut_tsimlyanskiy_chernyy_beloe_12_94126ea6cf.webp,photo_exact,Ведерниковъ Цимлянский Чёрный Брют,Ведерниковъ,Белое,Светло-соломенный с зеленоватым оттенком,Долина Дона
vinodelnya-vedernikov-vedernikov-tsimlyanskiy-chyornyy-bryut-roze-tsimlyanskiy-chernyy-rozovoe-12,vinodelnya_vedernikov_vedernikov_tsimlyanskiy_chyornyy_bryut_roze_tsimlyanskiy_chernyy_rozovoe_12_62efb1454a,vinodelnya_vedernikov_vedernikov_tsimlyanskiy_chyornyy_bryut_roze_tsimlyanskiy_chernyy_rozovoe_12_62efb1454a.webp,photo_exact,Ведерниковъ Цимлянский Чёрный Брют Розе,Ведерниковъ,Розовое,Нежно-розовый с ягодным отливом,Долина Дона
vinodelnya-vedernikov-vedernikov-tsimlyanskiy-chyornyy-bryut-roze-2-tsimlyanskiy-chernyy-rozovoe-12,vinodelnya_vedernikov_vedernikov_tsimlyanskiy_chyornyy_bryut_roze_2_tsimlyanskiy_chernyy_rozovoe_12_f890d2ca11,vinodelnya_vedernikov_vedernikov_tsimlyanskiy_chyornyy_bryut_roze_2_tsimlyanskiy_chernyy_rozovoe_12_f890d2ca11.webp,photo_exact,Ведерниковъ Цимлянский Чёрный Брют Розе 2,Ведерниковъ,Розовое,Нежно-розовый с ягодным отливом,Долина Дона
vinodelnya-marchenko-vermilon-kaberne-azos-krasnoe-suhoe-14,vinodelnya_marchenko_vermilon_kaberne_azos_krasnoe_suhoe_14_f967407afe,vinodelnya_marchenko_vermilon_kaberne_azos_krasnoe_suhoe_14_f967407afe.webp,photo_exact,Вермильон,Винодельня Марченко,Красное,Интенсивный красный с рубиновым оттенком,Кубань
massandra-vino-avtorskoe-pino-gri-beloe-suhoe-12,massandra_vino_avtorskoe_pino_gri_beloe_suhoe_12_bf2039c511,massandra_vino_avtorskoe_pino_gri_beloe_suhoe_12_bf2039c511.webp,photo_exact,Вино Авторское Пино Гри,Массандра,Белое,Золотистый с янтарным оттенком,Крым
vinodelnya-vedernikov-vinodelnya-vedernikov-pet-nat-roze-tsimlyanskiy-chernyy-rozovoe-suhoe-12,vinodelnya_vedernikov_vinodelnya_vedernikov_pet_nat_roze_tsimlyanskiy_chernyy_rozovoe_suhoe_12_647e4c90d6,vinodelnya_vedernikov_vinodelnya_vedernikov_pet_nat_roze_tsimlyanskiy_chernyy_rozovoe_suhoe_12_647e4c90d6.webp,photo_exact,Винодельня Ведерниковъ Пет-Нат Розе,Ведерниковъ,Розовое,Бледно-розовый с лёгкой мутью,Долина Дона
vinodelnya-vedernikov-vinodelnya-vedernikov-tsimlyanskiy-chernyy-sibirkovyy-ekstra-bryut-beloe-13,vinodelnya_vedernikov_vinodelnya_vedernikov_tsimlyanskiy_chernyy_sibirkovyy_ekstra_bryut_beloe_13_8299616071,vinodelnya_vedernikov_vinodelnya_vedernikov_tsimlyanskiy_chernyy_sibirkovyy_ekstra_bryut_beloe_13_8299616071.webp,photo_exact,Винодельня Ведерниковъ Цимлянский Черный-Сибирьковый Экстра Брют,Ведерниковъ,Белое,Светло-соломенный с зеленоватым оттенком,Долина Дона
vintazh-premium,VT_page_0001_Photoroom_09c11818c7,VT_page_0001_Photoroom_09c11818c7.webp,photo_exact,Винтаж. Премиум,Литавщук. Litavshchuk vineyards & winery,Красное,Глубокий рубиновый,Кубань
andryus-yutsis-vione-beloe-suhoe-112,andryus_yutsis_vione_beloe_suhoe_112_3dcc463d21,andryus_yutsis_vione_beloe_suhoe_112_3dcc463d21.webp,photo_exact,Вионье,Andryus Yutsis,Белое,Светло-соломенный,Крым
vinodelnya-marko-vione-beloe-suhoe-12,vinodelnya_marko_vione_beloe_suhoe_12_b8f5e2497b,vinodelnya_marko_vione_beloe_suhoe_12_b8f5e2497b.webp,photo_exact,Вионье,Винодельня Марко,Белое,Соломенный,Ставрополье
vinodelnya-krinitsa-vione-beloe-suhoe-133,vinodelnya_krinitsa_vione_beloe_suhoe_133_e3c078da52,vinodelnya_krinitsa_vione_beloe_suhoe_133_e3c078da52.webp,photo_exact,Вионье,Криница,Белое,Светло-лимонный с зелеными отблесками,Кубань
esse-vione-beloe-suhoe-13,esse_vione_beloe_suhoe_13_aec36b710c,esse_vione_beloe_suhoe_13_aec36b710c.webp,photo_exact,Вионье,ESSE,Белое,Золотисто-соломенный,Крым
usadba-mezyb-vione-beloe-suhoe-118,usadba_mezyb_vione_beloe_suhoe_118_09f77ea9a0,usadba_mezyb_vione_beloe_suhoe_118_09f77ea9a0.webp,photo_exact,Вионье,Усадьба Мезыбь,Белое,Вино бледно-лимонного цвета.,Кубань
dva-serdtsa-vione-beloe-suhoe-125,dva_serdtsa_vione_beloe_suhoe_125_2e3fcdb2b9,dva_serdtsa_vione_beloe_suhoe_125_2e3fcdb2b9.webp,photo_exact,Вионье,Два Сердца,Белое,Светло-соломенный,Крым
loco-cimbali-vione-beloe-suhoe-14,loco_cimbali_vione_beloe_suhoe_14_c9f29d5f9c,loco_cimbali_vione_beloe_suhoe_14_c9f29d5f9c.webp,photo_exact,Вионье,Loco Cimbali,Белое,Бледно-лимонный,Крым
chateau-cachalot-vione-beloe-suhoe-112,chateau_cachalot_vione_beloe_suhoe_112_fe94c08087,chateau_cachalot_vione_beloe_suhoe_112_fe94c08087.webp,photo_exact,Вионье,Chateau Cachalot,Белое,Соломенно-золотистый,Крым
oxana-istratova-wine-vione-2023-oranzhevoe-suhoe-119,oxana_istratova_wine_vione_2023_oranzhevoe_suhoe_119_d9ca068047,oxana_istratova_wine_vione_2023_oranzhevoe_suhoe_119_d9ca068047.webp,photo_exact,Вионье 2023,Oxana Istratova Wine,Оранжевое,Янтарный,Крым
vinodelnya-zhakov-vostorg-beloe-suhoe-116,vinodelnya_zhakov_vostorg_beloe_suhoe_116_d4de151c7e,vinodelnya_zhakov_vostorg_beloe_suhoe_116_d4de151c7e.webp,photo_exact,Восторг,Винодельня Жаков,Белое,Соломенный,Крым
kuban-vino-vysokiy-bereg-grafit-roze-kaberne-sovinon-rozovoe-suhoe-12,kuban_vino_vysokiy_bereg_grafit_roze_kaberne_sovinon_rozovoe_suhoe_12_1d75bb3149,kuban_vino_vysokiy_bereg_grafit_roze_kaberne_sovinon_rozovoe_suhoe_12_1d75bb3149.webp,photo_exact,Высокий Берег Графит Розе,Кубань-Вино,Розовое,Нежно-розовый с лёгким лососевым оттенком,Кубань
kuban-vino-vysokiy-bereg-merlo-krasnoe-suhoe-135,kuban_vino_vysokiy_bereg_merlo_krasnoe_suhoe_135_d7f7724ccd,kuban_vino_vysokiy_bereg_merlo_krasnoe_suhoe_135_d7f7724ccd.webp,photo_exact,Высокий Берег Мерло,Кубань-Вино,Красное,Вино полупрозрачного рубинового цвета.,Кубань
kuban-vino-vysokiy-bereg-myuller-turgau-beloe-suhoe-13,kuban_vino_vysokiy_bereg_myuller_turgau_beloe_suhoe_13_5cc1c08279,kuban_vino_vysokiy_bereg_myuller_turgau_beloe_suhoe_13_5cc1c08279.webp,photo_exact,Высокий Берег Мюллер-Тургау,Кубань-Вино,Белое,Вино плотного желтого цвета с зеленоватым оттенком.,Кубань
vysokij-bereg-risling-zelenaya-seriya-2,VB_Risling_vyderzhannoe_ekstrabryut_0_75_l_2022_30cc340906,VB_Risling_vyderzhannoe_ekstrabryut_0_75_l_2022_30cc340906.webp,photo_exact,Высокий берег Рислинг. Зеленая серия,Кубань-Вино,Белое,Светло-соломенный с зеленоватым оттенком,Кубань
vysokij-bereg-risling-zelenaya-seriya-1,VB_ZS_Igristoe_Monro_075_Normal_100b782b23,VB_ZS_Igristoe_Monro_075_Normal_100b782b23.webp,photo_exact,Высокий берег Рислинг. Зеленая серия,Кубань-Вино,Белое,Светло-соломенный с оттенками от зеленоватого до золотистого,Кубань
vysokij-bereg-risling-zelenaya-seriya,VB_ZS_Risling_pod_probku_03_2025_Normal_46bfcfa636,VB_ZS_Risling_pod_probku_03_2025_Normal_46bfcfa636.webp,photo_exact,Высокий берег Рислинг. Зеленая серия,Кубань-Вино,Белое,От светло-соломенного до соломенного,Кубань
vysokij-bereg-traminer-zelenaya-seriya,VB_ZS_Traminer_2024gu_Normal_cf39758420,VB_ZS_Traminer_2024gu_Normal_cf39758420.webp,photo_exact,Высокий берег Траминер. Зеленая серия,Кубань-Вино,Белое,Светло-соломенный с оттенками от золотистого до телесного,Кубань
vysokij-bereg-czvajgelt,Vysokij_bereg_Czvajgelt_8c439c9f75,Vysokij_bereg_Czvajgelt_8c439c9f75.webp,photo_exact,Высокий Берег Цвайгельт,Кубань-Вино,Розовое,Блестяще-розовый,Кубань
gaj-kodzor-rusan,Gai_Kodzor_Rusan_5381eb38cc,Gai_Kodzor_Rusan_5381eb38cc.webp,photo_exact,Гай-Кодзор Русан,Виноградники Гай-Кодзора,Белое,Светло-соломенный,Кубань
gaj-kodzor-sovinon-blan,Gai_Kodzor_Sovinon_blan_813e69be18,Gai_Kodzor_Sovinon_blan_813e69be18.webp,photo_exact,Гай-Кодзор Совиньон Блан,Виноградники Гай-Кодзора,Белое,Светло-соломенный,Кубань
esse-gevyurtstraminer-beloe-suhoe-12,esse_gevyurtstraminer_beloe_suhoe_12_c0993e07dc,esse_gevyurtstraminer_beloe_suhoe_12_c0993e07dc.webp,photo_exact,Гевюрцтраминер,ESSE,Белое,Светло-желтый,Крым
uppa-winery-gevyurtstraminer-muskat-beloe-suhoe-14,uppa_winery_gevyurtstraminer_muskat_beloe_suhoe_14_0795455a8d,uppa_winery_gevyurtstraminer_muskat_beloe_suhoe_14_0795455a8d.webp,photo_exact,Гевюрцтраминер - Мускат,Uppa Winery,Белое,Золотисто-розовый цвет с янтарными оттенками и мягким блеском.,Крым
vinodelnya-myshako-gevyurtstraminer-mode-petnat-beloe-bryut-118,vinodelnya_myshako_gevyurtstraminer_mode_petnat_petnat_bryut_belyy_118_efec323182,vinodelnya_myshako_gevyurtstraminer_mode_petnat_petnat_bryut_belyy_118_efec323182.webp,photo_exact,Гевюрцтраминер Mode Петнат,Мысхако,Белое,Золотистый,Кубань
vinodelnya-myshako-gevyurtstraminer-kyuve-bryut-beloe-123,vinodelnya_myshako_gevyurtstraminer_kyuve_bryut_igristoe_bryut_beloe_123_8da56b2ab5,vinodelnya_myshako_gevyurtstraminer_kyuve_bryut_igristoe_bryut_beloe_123_8da56b2ab5.webp,photo_exact,Гевюрцтраминер Кюве брют,Мысхако,Белое,Светло-золотистый,Кубань
vinodelnya-raevskoe-genezis-beloe-risling-suhoe-123,vinodelnya_raevskoe_genezis_beloe_risling_beloe_suhoe_123_e1e994dbf3,vinodelnya_raevskoe_genezis_beloe_risling_beloe_suhoe_123_e1e994dbf3.webp,photo_exact,Генезис белое,Раевское,Белое,Соломенно-золотистый,Кубань
vinodelnya-raevskoe-genezis-krasnoe-kaberne-sovinon-suhoe-13,vinodelnya_raevskoe_genezis_krasnoe_kaberne_sovinon_krasnoe_suhoe_13_16b96ba980,vinodelnya_raevskoe_genezis_krasnoe_kaberne_sovinon_krasnoe_suhoe_13_16b96ba980.webp,photo_exact,Генезис Красное,Раевское,Красное,Темно-рубиновый с вишневыми оттенками,Кубань
vinodelnya-raevskoe-genezis-rozovoe-tempranilo-suhoe-117,vinodelnya_raevskoe_genezis_rozovoe_tempranilo_rozovoe_suhoe_117_efc6919077,vinodelnya_raevskoe_genezis_rozovoe_tempranilo_rozovoe_suhoe_117_efc6919077.webp,photo_exact,Генезис розовое,Раевское,Розовое,Розовый,Кубань
imenie-sikory-gerts-kaberne-sovinon-krasnoe-suhoe-14,imenie_sikory_gerts_kaberne_sovinon_krasnoe_suhoe_vyderzhannoe_14_c875bac299,imenie_sikory_gerts_kaberne_sovinon_krasnoe_suhoe_vyderzhannoe_14_c875bac299.webp,photo_exact,Герцъ,Имение Сикоры,Красное,Вино непрозрачного рубинового цвета.,Кубань
imenie-sikory-gerts-sikory-kaberne-sovinon-krasnoe-suhoe-14,imenie_sikory_gerts_sikory_kaberne_sovinon_krasnoe_suhoe_14_2dc7c653fd,imenie_sikory_gerts_sikory_kaberne_sovinon_krasnoe_suhoe_14_2dc7c653fd.webp,photo_exact,Герцъ Сикоры,Имение Сикоры,Красное,Рубиновый,Кубань
vinodelnya-marchenko-gechei-zamatosh-beloe-suhoe-135,vinodelnya_marchenko_gechei_zamatosh_beloe_suhoe_135_ff7b648e20,vinodelnya_marchenko_gechei_zamatosh_beloe_suhoe_135_ff7b648e20.webp,photo_exact,Гечеи Заматош,Винодельня Марченко,Белое,Соломенно-золотистый,Кубань
vinodelnya-uzunov-glad-shardone-beloe-ekstra-bryut-127,vinodelnya_uzunov_glad_shardone_igristoe_ekstra_bryut_beloe_127_7d4577552b,vinodelnya_uzunov_glad_shardone_igristoe_ekstra_bryut_beloe_127_7d4577552b.webp,photo_exact,Гладь,Винодельня Узунов,Белое,Светло-соломенный цвет с яркими бликами.,Кубань
glera-manno,Screenshot_2_66036870aa,Screenshot_2_66036870aa.webp,photo_exact,Глера Манно,Мысхако,Белое,Соломенный,Кубань
soyuz-vino-gloriya-de-luna-byanko-sekko-shardone-beloe-suhoe-11,soyuz_vino_gloriya_de_luna_byanko_sekko_shardone_beloe_suhoe_11_e1eb459568,soyuz_vino_gloriya_de_luna_byanko_sekko_shardone_beloe_suhoe_11_e1eb459568.webp,photo_exact,Глория де Луна Бьянко Секко,Союз-Вино,Белое,У вина светлый соломенно-желтый цвет.,Кубань
soyuz-vino-gloriya-de-luna-byanko-semidolche-shardone-beloe-polusladkoe-11,soyuz_vino_gloriya_de_luna_byanko_semidolche_shardone_beloe_polusladkoe_11_22883623c8,soyuz_vino_gloriya_de_luna_byanko_semidolche_shardone_beloe_polusladkoe_11_22883623c8.webp,photo_exact,Глория де Луна Бьянко Семидольче,Союз-Вино,Белое,Вино светло-соломенного цвета.,Кубань
soyuz-vino-gloriya-de-luna-rosso-sekko-kaberne-sovinon-krasnoe-suhoe-11,soyuz_vino_gloriya_de_luna_rosso_sekko_kaberne_sovinon_krasnoe_suhoe_11_22e36306c0,soyuz_vino_gloriya_de_luna_rosso_sekko_kaberne_sovinon_krasnoe_suhoe_11_22e36306c0.webp,photo_exact,Глория де Луна Россо Секко,Союз-Вино,Красное,Вино демонстрирует красно-рубиновый цвет.,Кубань
soyuz-vino-gloriya-de-luna-rosso-semidolche-kaberne-sovinon-krasnoe-polusladkoe-11,soyuz_vino_gloriya_de_luna_rosso_semidolche_kaberne_sovinon_krasnoe_polusladkoe_11_a2b9c3484a,soyuz_vino_gloriya_de_luna_rosso_semidolche_kaberne_sovinon_krasnoe_polusladkoe_11_a2b9c3484a.webp,photo_exact,Глория де Луна Россо Семидольче,Союз-Вино,Красное,Вино рубиново-красного цвета.,Кубань
vinodelnya-raevskoe-glou-krasnoe-merlo-suhoe-14,vinodelnya_raevskoe_glou_krasnoe_merlo_krasnoe_suhoe_14_2560e6ae7b,vinodelnya_raevskoe_glou_krasnoe_merlo_krasnoe_suhoe_14_2560e6ae7b.webp,photo_exact,Глоу красное,Раевское,Красное,Красно-гранатовый,Кубань
vinodelnya-batrak-glyu-glyu-podarok-magaracha-krasnoe-suhoe-12,vinodelnya_batrak_glyu_glyu_podarok_magaracha_krasnoe_suhoe_12_f97132e4a2,vinodelnya_batrak_glyu_glyu_podarok_magaracha_krasnoe_suhoe_12_f97132e4a2.webp,photo_exact,Глю-Глю,Винодельня Батрак,Красное,Рубиново-бордовый,Ставрополье
shato-pino-gravitatsiya-kaberne-sovinon-merlo-krasnoe-suhoe-135,shato_pino_kaberne_sovinon_merlo_krasnoe_suhoe_135_4464dcca39,shato_pino_kaberne_sovinon_merlo_krasnoe_suhoe_135_4464dcca39.webp,photo_exact,Гравитация. Каберне Совиньон - Мерло,Шато Пино,Красное,Рубиновый,Кубань
alma-valley-graviti-pino-blan-beloe-suhoe-135,alma_valley_graviti_pino_blan_beloe_suhoe_135_78180c873a,alma_valley_graviti_pino_blan_beloe_suhoe_135_78180c873a.webp,photo_exact,Гравити,Alma Valley,Белое,Светло-золотистый,Крым
alma-valley-graviti-kaberne-sovinon-krasnoe-suhoe-15,alma_valley_graviti_kaberne_sovinon_krasnoe_suhoe_15_018520df79,alma_valley_graviti_kaberne_sovinon_krasnoe_suhoe_15_018520df79.webp,photo_exact,Гравити,Alma Valley,Красное,От рубинового до гранатового,Крым
zmv-koktebel-grand-kupazh-kaberne-sovinon-krasnoe-suhoe-13,zmv_koktebel_grand_kupazh_kaberne_sovinon_krasnoe_suhoe_13_df6b6621b0,zmv_koktebel_grand_kupazh_kaberne_sovinon_krasnoe_suhoe_13_df6b6621b0.webp,photo_exact,Гранд Купаж,ЗМВ Коктебель,Красное,Тёмно-красное,Крым
grand-kyuve,Screenshot_2_fotor_bg_remover_202607141683_5f9e4ecf95,Screenshot_2_fotor_bg_remover_202607141683_5f9e4ecf95.webp,prefix,Гранд Кюве,Скалистый берег,Белое,бледно-лимонный,Кубань
sober-bash-grani-kumshatskiy-kumshatskiy-belyy-beloe-suhoe-11,sober_bash_grani_kumshatskiy_kumshatskiy_belyy_beloe_suhoe_11_6cb0d67e2f,sober_bash_grani_kumshatskiy_kumshatskiy_belyy_beloe_suhoe_11_6cb0d67e2f.webp,photo_exact,Грани. Кумшацкий,Собер Баш,Белое,Светло-соломенный с золотистым отливом,Кубань
sober-bash-grani-muskat-muskat-dzhialo-beloe-suhoe-12,sober_bash_grani_muskat_muskat_dzhialo_beloe_suhoe_12_9d46b2c399,sober_bash_grani_muskat_muskat_dzhialo_beloe_suhoe_12_9d46b2c399.webp,photo_exact,Грани. Мускат,Собер Баш,Белое,Светло-соломенный,Кубань
sober-bash-grani-plechistik-krasnoe-suhoe-12,sober_bash_grani_plechistik_krasnoe_suhoe_12_c4203547d4,sober_bash_grani_plechistik_krasnoe_suhoe_12_c4203547d4.webp,photo_exact,Грани. Плечистик,Собер Баш,Красное,Гранатовый,Кубань
derbent-vino-graf-vorontsov-beloe-polusladkoe-sovinon-blan-105-125,derbent_vino_graf_vorontsov_beloe_polusladkoe_sovinon_blan_105_125_5bcfddfbc1,derbent_vino_graf_vorontsov_beloe_polusladkoe_sovinon_blan_105_125_5bcfddfbc1.webp,photo_exact,Граф Воронцов. Белое полусладкое,Дербент Вино,Белое,Золотистый,Дагестан
derbent-vino-graf-vorontsov-bryut-beloe-sovinon-blan-105-125,derbent_vino_graf_vorontsov_bryut_beloe_sovinon_blan_105_125_75497fccb3,derbent_vino_graf_vorontsov_bryut_beloe_sovinon_blan_105_125_75497fccb3.webp,photo_exact,Граф Воронцов. Брют белое,Дербент Вино,Белое,"Серебристо-белый, практически прозрачный",Дагестан
derbent-vino-graf-vorontsov-bryut-rozovoe-pervenets-magaracha-105-125,derbent_vino_graf_vorontsov_bryut_rozovoe_pervenets_magaracha_105_125_080d855e21,derbent_vino_graf_vorontsov_bryut_rozovoe_pervenets_magaracha_105_125_080d855e21.webp,photo_exact,Граф Воронцов. Брют розовое,Дербент Вино,Розовое,Нежно-розовый,Дагестан
chateau-andre-gryuner-beloe-suhoe-13,chateau_andre_gryuner_beloe_suhoe_13_c15d8162b2,chateau_andre_gryuner_beloe_suhoe_13_c15d8162b2.webp,photo_exact,Грюнер,Chateau Andre,Белое,Светло-соломенный,Кубань
vinodelnya-vedernikov-gubernatorskiy-rezerv-beloe-risling-suhoe-12,vinodelnya_vedernikov_gubernatorskiy_rezerv_beloe_risling_suhoe_12_280641b281,vinodelnya_vedernikov_gubernatorskiy_rezerv_beloe_risling_suhoe_12_280641b281.webp,photo_exact,Губернаторский Резерв. Белое,Ведерниковъ,Белое,Светло-золотистый,Долина Дона
vinodelnya-vedernikov-gubernatorskiy-rezerv-krasnoe-kaberne-sovinon-suhoe-14,vinodelnya_vedernikov_gubernatorskiy_rezerv_krasnoe_kaberne_sovinon_suhoe_14_35b1c6ebda,vinodelnya_vedernikov_gubernatorskiy_rezerv_krasnoe_kaberne_sovinon_suhoe_14_35b1c6ebda.webp,photo_exact,Губернаторский Резерв. Красное,Ведерниковъ,Красное,Тёмно-рубиновый,Долина Дона
vinodelnya-vedernikov-gubernatorskoe-golubok-krasnoe-suhoe-11,vinodelnya_vedernikov_gubernatorskoe_golubok_krasnoe_suhoe_11_35f666fa86,vinodelnya_vedernikov_gubernatorskoe_golubok_krasnoe_suhoe_11_35f666fa86.webp,photo_exact,Губернаторское. Голубок,Ведерниковъ,Красное,Рубиново-красный,Долина Дона
vinodelnya-vedernikov-gubernatorskoe-kaberne-krasnostop-zolotovskiy-krasnoe-suhoe-12,vinodelnya_vedernikov_gubernatorskoe_kaberne_krasnostop_zolotovskiy_krasnoe_suhoe_12_62ddf16cc6,vinodelnya_vedernikov_gubernatorskoe_kaberne_krasnostop_zolotovskiy_krasnoe_suhoe_12_62ddf16cc6.webp,photo_exact,Губернаторское. Каберне,Ведерниковъ,Красное,Рубиновый с гранатовым оттенком,Долина Дона
vinodelnya-vedernikov-gubernatorskoe-risling-beloe-suhoe-12,vinodelnya_vedernikov_gubernatorskoe_risling_beloe_suhoe_12_43f9820281,vinodelnya_vedernikov_gubernatorskoe_risling_beloe_suhoe_12_43f9820281.webp,photo_exact,Губернаторское. Рислинг,Ведерниковъ,Белое,Соломенно-золотистый,Долина Дона
vinodelnya-vedernikov-gubernatorskoe-rkatsiteli-beloe-suhoe-13,vinodelnya_vedernikov_gubernatorskoe_rkatsiteli_beloe_suhoe_13_3e2b70fdee,vinodelnya_vedernikov_gubernatorskoe_rkatsiteli_beloe_suhoe_13_3e2b70fdee.webp,photo_exact,Губернаторское. Ркацители,Ведерниковъ,Белое,Золотисто-зеленый,Долина Дона
vinodelnya-vedernikov-gubernatorskoe-rozovoe-tsimlyanskiy-chernyy-suhoe-11,vinodelnya_vedernikov_gubernatorskoe_rozovoe_tsimlyanskiy_chernyy_suhoe_11_46e399ed48,vinodelnya_vedernikov_gubernatorskoe_rozovoe_tsimlyanskiy_chernyy_suhoe_11_46e399ed48.webp,photo_exact,Губернаторское. Розовое,Ведерниковъ,Розовое,Лососевый,Долина Дона
sober-bash-dve-doliny-auri-mtsvane-kahetinskiy-beloe-suhoe-125,sober_bash_dve_doliny_auri_mtsvane_kahetinskiy_beloe_suhoe_125_a76407b8bc,sober_bash_dve_doliny_auri_mtsvane_kahetinskiy_beloe_suhoe_125_a76407b8bc.webp,photo_exact,Две долины. Аури,Собер Баш,Белое,Соломенный,Кубань
sober-bash-dve-doliny-kaberne-fran-2023-krasnoe-polusuhoe-14,sober_bash_dve_doliny_kaberne_fran_2023_krasnoe_polusuhoe_14_fae22fb7b6,sober_bash_dve_doliny_kaberne_fran_2023_krasnoe_polusuhoe_14_fae22fb7b6.webp,photo_exact,Две долины. Каберне Фран 2023,Собер Баш,Красное,Светло-гранатовый,Кубань
sober-bash-dve-doliny-liuri-2023-dostoynyy-rozovoe-suhoe-13,sober_bash_dve_doliny_liuri_2023_dostoynyy_rozovoe_suhoe_13_cb46b8033e,sober_bash_dve_doliny_liuri_2023_dostoynyy_rozovoe_suhoe_13_cb46b8033e.webp,photo_exact,Две долины. Лиури 2023,Собер Баш,Розовое,Насыщенный розовый,Кубань
sober-bash-dve-doliny-myuller-turgau-2023-beloe-suhoe-117,sober_bash_dve_doliny_myuller_turgau_2023_beloe_suhoe_117_a86924eb95,sober_bash_dve_doliny_myuller_turgau_2023_beloe_suhoe_117_a86924eb95.webp,photo_exact,Две долины. Мюллер Тургау 2023,Собер Баш,Белое,Светло-соломенный с зеленоватыми оттенками,Кубань
sober-bash-dve-doliny-saperavi-kachich-krasnoe-polusuhoe-15,sober_bash_dve_doliny_saperavi_kachich_krasnoe_polusuhoe_15_05e046e50c,sober_bash_dve_doliny_saperavi_kachich_krasnoe_polusuhoe_15_05e046e50c.webp,photo_exact,Две долины. Саперави-Качич,Собер Баш,Красное,Рубиновый,Кубань
sober-bash-dve-doliny-tsimlyanskiy-2023-tsimlyanskiy-chernyy-krasnoe-suhoe-13,sober_bash_dve_doliny_tsimlyanskiy_2023_tsimlyanskiy_chernyy_krasnoe_suhoe_13_b4e53e75c9,sober_bash_dve_doliny_tsimlyanskiy_2023_tsimlyanskiy_chernyy_krasnoe_suhoe_13_b4e53e75c9.webp,photo_exact,Две долины. Цимлянский 2023,Собер Баш,Красное,Гранатовый,Кубань
fanagoriya-dekanter-chardonnay-2020-shardone-beloe-suhoe-135,fanagoriya_dekanter_chardonnay_2020_shardone_beloe_suhoe_135_b72982bc7e,fanagoriya_dekanter_chardonnay_2020_shardone_beloe_suhoe_135_b72982bc7e.webp,photo_exact,Декантер Chardonnay 2020,Фанагория,Белое,Соломенный с золотистым оттенком,Кубань
fanagoriya-dekanter-riesling-2020-risling-reynskiy-beloe-suhoe-13,fanagoriya_dekanter_riesling_2020_risling_reynskiy_beloe_suhoe_13_501205987a,fanagoriya_dekanter_riesling_2020_risling_reynskiy_beloe_suhoe_13_501205987a.webp,photo_exact,Декантер Riesling 2020,Фанагория,Белое,Соломенный с лимонным оттенком,Кубань
fanagoriya-dekanter-kaberne-sovinon-2018-krasnoe-suhoe-14,fanagoriya_dekanter_kaberne_sovinon_2018_krasnoe_suhoe_14_fefe5a3d2b,fanagoriya_dekanter_kaberne_sovinon_2018_krasnoe_suhoe_14_fefe5a3d2b.webp,photo_exact,Декантер. Каберне Совиньон 2018,Фанагория,Красное,Тёмно-рубиновый с терракотовым оттенком,Кубань
fanagoriya-dekanter-kaberne-fran-2019-krasnoe-suhoe-13,fanagoriya_dekanter_kaberne_fran_2019_krasnoe_suhoe_13_0b28b4ba5d,fanagoriya_dekanter_kaberne_fran_2019_krasnoe_suhoe_13_0b28b4ba5d.webp,photo_exact,Декантер. Каберне Фран 2019,Фанагория,Красное,Рубиновый,Кубань
fanagoriya-dekanter-merlo-2018-krasnoe-suhoe-14,fanagoriya_dekanter_merlo_2018_krasnoe_suhoe_14_5bd81e96ca,fanagoriya_dekanter_merlo_2018_krasnoe_suhoe_14_5bd81e96ca.webp,photo_exact,Декантер. Мерло 2018,Фанагория,Красное,Тёмно-гранатовый,Кубань
fanagoriya-dekanter-pino-nuar-2020-krasnoe-suhoe-135,fanagoriya_dekanter_pino_nuar_2020_krasnoe_suhoe_135_7e07c8dd79,fanagoriya_dekanter_pino_nuar_2020_krasnoe_suhoe_135_7e07c8dd79.webp,photo_exact,Декантер. Пино нуар 2020,Фанагория,Красное,Красный с терракотовым оттенком,Кубань
fanagoriya-dekanter-rkatsiteli-2019-beloe-suhoe-135,fanagoriya_dekanter_rkatsiteli_2019_beloe_suhoe_135_e7a61d6050,fanagoriya_dekanter_rkatsiteli_2019_beloe_suhoe_135_e7a61d6050.webp,photo_exact,Декантер. Ркацители 2019,Фанагория,Белое,Светло-золотистый,Кубань
fanagoriya-dekanter-saperavi-2017-krasnoe-suhoe-135,fanagoriya_dekanter_saperavi_2017_krasnoe_suhoe_135_1eb1ee94fa,fanagoriya_dekanter_saperavi_2017_krasnoe_suhoe_135_1eb1ee94fa.webp,photo_exact,Декантер. Саперави 2017,Фанагория,Красное,Тёмно-рубиновый,Кубань
fanagoriya-dekanter-formula-q-kaberne-sovinon-krasnoe-suhoe-135,fanagoriya_dekanter_formula_q_kaberne_sovinon_krasnoe_suhoe_135_f3b19bcb8e,fanagoriya_dekanter_formula_q_kaberne_sovinon_krasnoe_suhoe_135_f3b19bcb8e.webp,photo_exact,Декантер. Формула Q,Фанагория,Красное,Тёмно-рубиновый,Кубань
derbent-vino-di-kaspiko-merlo-krasnoe-polusladkoe-11,derbent_vino_di_kaspiko_merlo_krasnoe_polusladkoe_11_fe0af35587,derbent_vino_di_kaspiko_merlo_krasnoe_polusladkoe_11_fe0af35587.webp,photo_exact,Ди Каспико,Дербент Вино,Красное,Глубокий алый,Дагестан
derbent-vino-di-kaspiko-rkatsiteli-beloe-polusladkoe-11,derbent_vino_di_kaspiko_rkatsiteli_beloe_polusladkoe_11_0f1d01c9b8,derbent_vino_di_kaspiko_rkatsiteli_beloe_polusladkoe_11_0f1d01c9b8.webp,photo_exact,Ди Каспико,Дербент Вино,Белое,Бледно соломенный,Дагестан
derbent-vino-di-kaspiko-shardone-beloe-bryut-105-125,derbent_vino_di_kaspiko_shardone_beloe_bryut_105_125_4d786338c5,derbent_vino_di_kaspiko_shardone_beloe_bryut_105_125_4d786338c5.webp,photo_exact,Ди Каспико,Дербент Вино,Белое,Насыщенный лимонный с золотистыми бликами,Дагестан
derbent-vino-di-kaspiko-shardone-beloe-polusladkoe-105-125,DK_bel_plsl_ebdebaedce,DK_bel_plsl_ebdebaedce.webp,photo_exact,Ди Каспико,Дербент Вино,Белое,Светло-соломенный с блестящими отблесками,Дагестан
di-kaspiko-di-caspico-fiori-di-mare-verde,FDM_verde_white_027d700ffe,FDM_verde_white_027d700ffe.webp,photo_exact,Ди Каспико (Di Caspico Fiori di Mare Verde),Дербент Вино,Белое,Светло-соломенный,Дагестан
derbent-vino-di-kaspiko-kaberne-sovinon-krasnoe-suhoe-135,derbent_vino_di_kaspiko_kaberne_sovinon_krasnoe_suhoe_135_cb62d5c61d,derbent_vino_di_kaspiko_kaberne_sovinon_krasnoe_suhoe_135_cb62d5c61d.webp,photo_exact,Ди Каспико Каберне Совиньон,Дербент Вино,Красное,Яркий рубиновый с фиолетовым отливом,Дагестан
derbent-vino-di-kaspiko-merlo-krasnoe-suhoe-13,derbent_vino_di_kaspiko_merlo_krasnoe_suhoe_13_955108cf50,derbent_vino_di_kaspiko_merlo_krasnoe_suhoe_13_955108cf50.webp,photo_exact,Ди Каспико Мерло,Дербент Вино,Красное,Глубокий рубиновый,Дагестан
derbent-vino-di-kaspiko-risling-beloe-suhoe-12,derbent_vino_di_kaspiko_risling_beloe_suhoe_12_4811c15318,derbent_vino_di_kaspiko_risling_beloe_suhoe_12_4811c15318.webp,photo_exact,Ди Каспико Рислинг,Дербент Вино,Белое,Соломенно-золотистый,Дагестан
derbent-vino-di-kaspiko-rkatsiteli-beloe-suhoe-12,derbent_vino_di_kaspiko_rkatsiteli_beloe_suhoe_12_bb2cf4506e,derbent_vino_di_kaspiko_rkatsiteli_beloe_suhoe_12_bb2cf4506e.webp,photo_exact,Ди Каспико Ркацители,Дербент Вино,Белое,Белый с жемчужным отливом,Дагестан
derbent-vino-di-kaspiko-roze-shardone-rozovoe-suhoe-12,derbent_vino_di_kaspiko_roze_shardone_rozovoe_suhoe_12_9bae135964,derbent_vino_di_kaspiko_roze_shardone_rozovoe_suhoe_12_9bae135964.webp,photo_exact,Ди Каспико Розе,Дербент Вино,Розовое,Розовый с теплым персиковым оттенком,Дагестан
derbent-vino-di-kaspiko-saperavi-krasnoe-suhoe-13,derbent_vino_di_kaspiko_saperavi_krasnoe_suhoe_13_753016cd3a,derbent_vino_di_kaspiko_saperavi_krasnoe_suhoe_13_753016cd3a.webp,photo_exact,Ди Каспико Саперави,Дербент Вино,Красное,Глубокий насыщенный с фиолетовым отливом,Дагестан
derbent-vino-di-kaspiko-sovinon-sovinon-blan-beloe-suhoe-12,DK_bel_sovinon_105c5fad6a,DK_bel_sovinon_105c5fad6a.webp,photo_exact,Ди Каспико Совиньон,Дербент Вино,Белое,Лимонный цвет с зеленоватым оттенком,Дагестан
derbent-vino-di-kaspiko-fiori-di-mare-verde-avgustin-rozovoe-polusuhoe-10,derbent_vino_di_kaspiko_fiori_di_mare_verde_avgustin_rozovoe_polusuhoe_10_e9fa99da2f,derbent_vino_di_kaspiko_fiori_di_mare_verde_avgustin_rozovoe_polusuhoe_10_e9fa99da2f.webp,photo_exact,Ди Каспико Фиори ди Маре Верде,Дербент Вино,Розовое,Нежно-розовый,Дагестан
derbent-vino-di-kaspiko-shardone-beloe-suhoe-125,derbent_vino_di_kaspiko_shardone_beloe_suhoe_125_f909d0b705,derbent_vino_di_kaspiko_shardone_beloe_suhoe_125_f909d0b705.webp,photo_exact,Ди Каспико Шардоне,Дербент Вино,Белое,Лимонно-золотистый,Дагестан
vinodelnya-marko-dikiy-sovinon-sovinon-blan-beloe-suhoe-12,vinodelnya_marko_dikiy_sovinon_sovinon_blan_beloe_suhoe_12_391dfa9445,vinodelnya_marko_dikiy_sovinon_sovinon_blan_beloe_suhoe_12_391dfa9445.webp,photo_exact,Дикий Совиньон,Винодельня Марко,Белое,Светло-золотистый,Ставрополье
shato-pino-dichkaberne-fran-krasnoe-suhoe-14,shato_pino_kaberne_fran_krasnoe_suhoe_14_2be9b0f50c,shato_pino_kaberne_fran_krasnoe_suhoe_14_2be9b0f50c.webp,photo_exact,Дичь.Каберне Фран,Шато Пино,Красное,Темно-рубиновый,Кубань
dnk-alleli,DNK_Alleliya_Merkotan2_3011aefe23,DNK_Alleliya_Merkotan2_3011aefe23.webp,photo_exact,ДНК. Аллели,Усадьба Меркотан,Белое,лимонный ,Кубань
dnk-aura,DNK_Aura_Merkotan2_b358e92e8d,DNK_Aura_Merkotan2_b358e92e8d.webp,photo_exact,ДНК. Аура,Усадьба Меркотан,Розовое,Насыщенно розовый,Кубань
dnk-kaberne-sovinon,Kaberne_Sovinon_Merkotan_39ee25f793,Kaberne_Sovinon_Merkotan_39ee25f793.webp,photo_exact,ДНК. Каберне Совиньон ,Усадьба Меркотан,Красное,Тёмно - рубиновый,Кубань
dnk-pokolenie,DNK_Pokolenie_Merkotan2_5b589ac6e4,DNK_Pokolenie_Merkotan2_5b589ac6e4.webp,photo_exact,ДНК. Поколение,Усадьба Меркотан,Белое,Лимонный,Кубань
valeriy-zaharin-dom-zaharinyh-beloe-sary-pandas-suhoe-115,valeriy_zaharin_dom_zaharinyh_beloe_sary_pandas_beloe_suhoe_115_d6510ac4dc,valeriy_zaharin_dom_zaharinyh_beloe_sary_pandas_beloe_suhoe_115_d6510ac4dc.webp,photo_exact,Дом Захарьиных белое,Валерий Захарьин,Белое,Яркий золотисто-соломенный,Крым
valeriy-zaharin-dom-zaharinyh-krasnoe-kaberne-sovinon-suhoe-125,valeriy_zaharin_dom_zaharinyh_krasnoe_kaberne_sovinon_krasnoe_suhoe_125_c129a97c03,valeriy_zaharin_dom_zaharinyh_krasnoe_kaberne_sovinon_krasnoe_suhoe_125_c129a97c03.webp,photo_exact,Дом Захарьиных красное,Валерий Захарьин,Красное,Насыщенный вишнево-пурпурный,Крым
sober-bash-dostoynyy-krasnoe-suhoe-14,sober_bash_dostoynyy_krasnoe_suhoe_14_b2d3facf49,sober_bash_dostoynyy_krasnoe_suhoe_14_b2d3facf49.webp,photo_exact,Достойный,Собер Баш,Красное,Гранатовый,Кубань
cloudy-winery-dubrovskiy-bordeaux-blend-kaberne-fran-krasnoe-suhoe-14,cloudy_winery_dubrovskiy_bordeaux_blend_kaberne_fran_krasnoe_suhoe_14_f6e9762007,cloudy_winery_dubrovskiy_bordeaux_blend_kaberne_fran_krasnoe_suhoe_14_f6e9762007.webp,photo_exact,Дубровский. Bordeaux Blend,Cloudy Winery,Красное,Рубиново-красный,Кубань
cloudy-winery-dubrovskiy-orange-rkatsiteli-beloe-suhoe-125,cloudy_winery_dubrovskiy_orange_rkatsiteli_beloe_suhoe_125_4f9572c38b,cloudy_winery_dubrovskiy_orange_rkatsiteli_beloe_suhoe_125_4f9572c38b.webp,photo_exact,Дубровский. Orange,Cloudy Winery,Белое,Янтарный,Кубань
skalistyy-bereg-dyhanie-voln-shardone-beloe-suhoe-121,skalistyy_bereg_dyhanie_voln_shardone_beloe_suhoe_121_74e150ac8e,skalistyy_bereg_dyhanie_voln_shardone_beloe_suhoe_121_74e150ac8e.webp,photo_exact,Дыхание волн,Скалистый берег,Белое,Светло-соломенный,Кубань
derbent-vino-desono-kaberne-sovinon-krasnoe-suhoe-125,Desono_Kaberne_Sovinon_92912df82f,Desono_Kaberne_Sovinon_92912df82f.webp,photo_exact,Дэсоно Каберне Совиньон,Дербент Вино,Красное,Тёмно-рубиновый,Дагестан
derbent-vino-desono-kaberne-fran-krasnoe-suhoe-125,Desono_Kaberne_Fran_d35065b98b,Desono_Kaberne_Fran_d35065b98b.webp,photo_exact,Дэсоно Каберне Фран,Дербент Вино,Красное,Глубокий Рубиновый,Дагестан
derbent-vino-desono-merlo-krasnoe-suhoe-125,Desono_Merlo_8f58649b26,Desono_Merlo_8f58649b26.webp,photo_exact,Дэсоно Мерло,Дербент Вино,Красное,Глубокий тёмно-красный,Дагестан
derbent-vino-desono-risling-beloe-suhoe-125,Desono_Risling_b70f2d30ac,Desono_Risling_b70f2d30ac.webp,photo_exact,Дэсоно Рислинг,Дербент Вино,Белое,Бледно-соломенный с зелёными бликами,Дагестан
derbent-vino-desono-risling-ekstra-bryut-beloe-105-125,derbent_vino_desono_risling_ekstra_bryut_beloe_105_125_724cf52ff8,derbent_vino_desono_risling_ekstra_bryut_beloe_105_125_724cf52ff8.webp,photo_exact,Дэсоно Рислинг экстра брют,Дербент Вино,Белое,Прозрачный с золотистым оттенком,Дагестан
derbent-vino-desono-rkatsiteli-oranzh-beloe-suhoe-125,Desono_Rkacziteli_orandzh_a572c088a4,Desono_Rkacziteli_orandzh_a572c088a4.webp,photo_exact,Дэсоно Ркацители оранж,Дербент Вино,Белое,Темно-соломенный со светлыми янтарными оттенками,Дагестан
derbent-vino-desono-saperavi-krasnoe-suhoe-125,Desono_Saperavi_606c582da8,Desono_Saperavi_606c582da8.webp,photo_exact,Дэсоно Саперави,Дербент Вино,Красное,Темно-рубиновый с вишнёвым отливом,Дагестан
derbent-vino-desono-saperavi-roze-rozovoe-suhoe-125,Desono_Saperavi_roze_a6f976b72e,Desono_Saperavi_roze_a6f976b72e.webp,photo_exact,Дэсоно Саперави розе,Дербент Вино,Розовое,Нежно-розовый,Дагестан
derbent-vino-desono-sovinon-ekstra-bryut-sovinon-blan-beloe-105-125,derbent_vino_desono_sovinon_ekstra_bryut_sovinon_blan_beloe_105_125_756134dcb1,derbent_vino_desono_sovinon_ekstra_bryut_sovinon_blan_beloe_105_125_756134dcb1.webp,photo_exact,Дэсоно Совиньон экстра брют,Дербент Вино,Белое,Бледно-соломенный с зелёными бликами,Дагестан
derbent-vino-desono-shardone-beloe-suhoe-125,Desono_Shardone_46ac5a58e0,Desono_Shardone_46ac5a58e0.webp,photo_exact,Дэсоно Шардоне,Дербент Вино,Белое,Светло-соломенный,Дагестан
zhemchuzhnaya-9-aligote-czitron,Aligote_Czitron_bel_suh_1cc2763d35,Aligote_Czitron_bel_suh_1cc2763d35.webp,photo_exact,"Жемчужная 9 Алиготе, Цитрон",АРАТТИ,Белое,Светло-соломенный,Кубань
zhemchuzhnaya-9-kaberne-sovinon-pino-nuar-1,Kaberne_Pino_nuar_p_sl_ba5ed7824d,Kaberne_Pino_nuar_p_sl_ba5ed7824d.webp,photo_exact,"Жемчужная 9 Каберне Совиньон, Пино Нуар",АРАТТИ,Розовое,Темно-Розовый,Кубань
zhemchuzhnaya-9-kaberne-sovinon-pino-nuar,Kaberne_Pino_Nuar_p_suh_43702e1e1a,Kaberne_Pino_Nuar_p_suh_43702e1e1a.webp,photo_exact,"Жемчужная 9 Каберне Совиньон, Пино Нуар",АРАТТИ,Розовое,"Каберне, Пино Нуар п.сух.",Кубань
zhemchuzhnaya-9-merlo-kaberne-sovinon,ec2082cwb8d2y4rf36x235pckozylfad_9994a4e28f,ec2082cwb8d2y4rf36x235pckozylfad_9994a4e28f.webp,photo_exact,"Жемчужная 9 Мерло, Каберне Совиньон",АРАТТИ,Красное,Темно-рубиновый,Кубань
zhemchuzhnaya-9-muskat-rozovyj-kaberne-sovinon,Muskat_Kaberne_p_sl_7faf5a7173,Muskat_Kaberne_p_sl_7faf5a7173.webp,photo_exact,"Жемчужная 9 Мускат Розовый, Каберне Совиньон",АРАТТИ,Розовое,Ярко-розовый,Кубань
zhemchuzhnaya-9-muskat-rozovyj-pino-gri,Muskat_Pino_Gri_suh_bbbbbf5ff9,Muskat_Pino_Gri_suh_bbbbbf5ff9.webp,photo_exact,"Жемчужная 9 Мускат Розовый, Пино гри",АРАТТИ,Розовое,Светло-розовый,Кубань
zhemchuzhnaya-9-pino-gri-pino-nuar,Pino_Gri_Pino_Nuar_suh_9c75ca2f52,Pino_Gri_Pino_Nuar_suh_9c75ca2f52.webp,photo_exact,"Жемчужная 9 Пино Гри, Пино Нуар",АРАТТИ,Розовое,Светло лососевый,Кубань
zhemchuzhnaya-9-pino-nuar-muskat-rozovyj-2,Pino_Nuar_Muskat_p_sl_7adf03cd48,Pino_Nuar_Muskat_p_sl_7adf03cd48.webp,photo_exact,"Жемчужная 9 Пино нуар, Мускат Розовый",АРАТТИ,Розовое,Насыщенный розовый,Кубань
zhemchuzhnaya-9-pino-nuar-muskat-rozovyj-1,Pino_Nuar_Muskat_p_suh_6f84a398e4,Pino_Nuar_Muskat_p_suh_6f84a398e4.webp,photo_exact,"Жемчужная 9 Пино Нуар, Мускат розовый",АРАТТИ,Розовое,Ярко-розовый,Кубань
zhemchuzhnaya-9-pino-nuar-muskat-rozovyj,Pino_Nuar_Muskat_suh_82108c8383,Pino_Nuar_Muskat_suh_82108c8383.webp,photo_exact,"Жемчужная 9 Пино Нуар, Мускат Розовый",АРАТТИ,Розовое,Ярко-розовый,Кубань
zhemchuzhnaya-9-risling-sovinon-blan,Risling_Sovinon_p_suh_2e0b39c41e,Risling_Sovinon_p_suh_2e0b39c41e.webp,photo_exact,"Жемчужная 9 Рислинг,Совиньон блан",АРАТТИ,Белое,Светло-соломенный,Кубань
zhemchuzhnaya-9-sovinon-blan-aligote,Sovinon_Aligote_suh_f405e4e033,Sovinon_Aligote_suh_f405e4e033.webp,photo_exact,"Жемчужная 9 Совиньон блан, Алиготе",АРАТТИ,Белое,Светло-соломенный,Кубань
czitronnyj-magaracha-sovinon-blan,Czitron_Sovinon_p_suh_f07f1d8280,Czitron_Sovinon_p_suh_f07f1d8280.webp,photo_exact,"Жемчужная 9 Цитрон, Совиньон блан",АРАТТИ,Белое,Светло-соломенный,Кубань
zhemchuzhnaya-9-czitron-shardone-1,Czitron_Shard_p_sl_b94274915f,Czitron_Shard_p_sl_b94274915f.webp,photo_exact,"Жемчужная 9 Цитрон, Шардоне",АРАТТИ,Белое,Светло-соломенный,Кубань
zhemchuzhnaya-9-czitron-shardone,Aligote_Czitron_bel_suh_1cc2763d35,Aligote_Czitron_bel_suh_1cc2763d35.webp,photo_exact,"Жемчужная 9 Цитрон, Шардоне",АРАТТИ,Белое,Светло-соломенный,Кубань
zakat-denisov-vajneri,zakat_denisov_vajneri_no_bg_preview_carve_photos_1_6ae9baa13d,zakat_denisov_vajneri_no_bg_preview_carve_photos_1_6ae9baa13d.webp,photo_exact,Закат. Денисов Вайнери,Denisov Winery,Розовое,Розовый,Самара
belbek-zakat-merlo-sira-krasnoe-suhoe-132,belbek_zakat_merlo_sira_krasnoe_suhoe_132_1a2112ceb7,belbek_zakat_merlo_sira_krasnoe_suhoe_132_1a2112ceb7.webp,photo_exact,Закат. Мерло Сира,Бельбек,Красное,Насыщенный темно-рубиновый,Крым
zb-vajn-vajt-suhoe-beloe,convertio_in_L1002571_8cf9459a5e,convertio_in_L1002571_8cf9459a5e.webp,photo_exact,ЗБ вайн ВАЙТ сухое белое,Золотая Балка,Белое,Светло-соломенный,Крым
zb-vajn-moskato-polusladkoe-beloe,Moskato_beloe_polusladkoe_bce522a309,Moskato_beloe_polusladkoe_bce522a309.webp,photo_exact,ЗБ вайн МОСКАТО полусладкое белое,Золотая Балка,Белое,Золотистый,Крым
zb-vajn-moskato-polusladkoe-rozovoe,Moskato_Rozovyj_11e3beb581,Moskato_Rozovyj_11e3beb581.webp,photo_exact,ЗБ вайн МОСКАТО полусладкое розовое ,Золотая Балка,Розовое,розовый,Крым
zb-vajn-risling-polusuhoe-beloe,convertio_in_Risling_vint_a2d3227b38,convertio_in_Risling_vint_a2d3227b38.webp,photo_exact,ЗБ вайн РИСЛИНГ Полусухое белое ,Золотая Балка,Белое,Светло-соломенный,Крым
zb-vajn-roze-suhoe-rozovoe,convertio_in_L1002577_1_5c9f9c2c38,convertio_in_L1002577_1_5c9f9c2c38.webp,photo_exact,ЗБ вайн РОЗЕ сухое розовое ,Золотая Балка,Розовое,Нежно-розовый,Крым
zb-vajn-spumante-bryut-rozovoe,Spumante_rozovyj_bryut_3e35043a8d,Spumante_rozovyj_bryut_3e35043a8d.webp,photo_exact,ЗБ вайн СПУМАНТЕ Брют розовое ,Золотая Балка,Розовое,Нежно-розовый,Крым
zb-vajn-spumante-polusuhoe-beloe,Spumante_beloe_polusuhoe_761f7504ed,Spumante_beloe_polusuhoe_761f7504ed.webp,photo_exact,ЗБ вайн СПУМАНТЕ Полусухое белое,Золотая Балка,Белое,лимонный,Крым
soyuz-vino-zelyonaya-dolina-kaberne-sovinon-krasnoe-suhoe-12,soyuz_vino_zelyonaya_dolina_kaberne_sovinon_krasnoe_suhoe_12_093855198c,soyuz_vino_zelyonaya_dolina_kaberne_sovinon_krasnoe_suhoe_12_093855198c.webp,photo_exact,Зелёная Долина Каберне Совиньон,Союз-Вино,Красное,У вина очень темный красный цвет.,Кубань
soyuz-vino-zelyonaya-dolina-kaberne-merlo-kaberne-sovinon-krasnoe-polusladkoe-12,soyuz_vino_zelyonaya_dolina_kaberne_merlo_kaberne_sovinon_krasnoe_polusladkoe_12_7bd855e183,soyuz_vino_zelyonaya_dolina_kaberne_merlo_kaberne_sovinon_krasnoe_polusladkoe_12_7bd855e183.webp,photo_exact,Зелёная Долина Каберне-Мерло,Союз-Вино,Красное,Цвет варьируется от красного до темно-бордового с рубиновым оттенком.,Кубань
soyuz-vino-zelyonaya-dolina-kaberne-merlo-v-banke-kaberne-sovinon-krasnoe-polusladkoe-12,soyuz_vino_zelyonaya_dolina_kaberne_merlo_v_banke_kaberne_sovinon_krasnoe_polusladkoe_12_16c08bed18,soyuz_vino_zelyonaya_dolina_kaberne_merlo_v_banke_kaberne_sovinon_krasnoe_polusladkoe_12_16c08bed18.webp,photo_exact,Зелёная Долина Каберне-Мерло в банке,Союз-Вино,Красное,Цвет вина варьируется от красного до темно-бордового с рубиновым оттенком.,Кубань
soyuz-vino-zelyonaya-dolina-pino-blan-v-banke-beloe-polusladkoe-115,soyuz_vino_zelyonaya_dolina_pino_blan_v_banke_beloe_polusladkoe_115_ec62bc058b,soyuz_vino_zelyonaya_dolina_pino_blan_v_banke_beloe_polusladkoe_115_ec62bc058b.webp,photo_exact,Зелёная Долина Пино Блан в банке,Союз-Вино,Белое,Светло-желтый цвет с легкими золотистыми бликами.,Кубань
soyuz-vino-zelyonaya-dolina-pino-nuar-krasnoe-suhoe-12,soyuz_vino_zelyonaya_dolina_pino_nuar_krasnoe_suhoe_12_99229b1a8a,soyuz_vino_zelyonaya_dolina_pino_nuar_krasnoe_suhoe_12_99229b1a8a.webp,photo_exact,Зелёная Долина Пино Нуар,Союз-Вино,Красное,Цвет варьируется от красного до темно-рубинового.,Кубань
soyuz-vino-zelyonaya-dolina-pino-nuar-v-banke-krasnoe-suhoe-12,soyuz_vino_zelyonaya_dolina_pino_nuar_v_banke_krasnoe_suhoe_12_16633f774d,soyuz_vino_zelyonaya_dolina_pino_nuar_v_banke_krasnoe_suhoe_12_16633f774d.webp,photo_exact,Зелёная Долина Пино Нуар в банке,Союз-Вино,Красное,Цвет вина варьируется от красного до темно-рубинового.,Кубань
soyuz-vino-zelyonaya-dolina-sovinon-blan-polusladkoe-beloe-12,soyuz_vino_zelyonaya_dolina_sovinon_blan_polusladkoe_beloe_12_37e7e1e966,soyuz_vino_zelyonaya_dolina_sovinon_blan_polusladkoe_beloe_12_37e7e1e966.webp,photo_exact,Зелёная Долина Совиньон Блан Полусладкое,Союз-Вино,Белое,Обладает светло-соломенным цветом с тонкими зеленоватыми отражениями.,Кубань
soyuz-vino-zelyonaya-dolina-sovinon-blan-suhoe-beloe-12,soyuz_vino_zelyonaya_dolina_sovinon_blan_suhoe_beloe_12_c604b7c3de,soyuz_vino_zelyonaya_dolina_sovinon_blan_suhoe_beloe_12_c604b7c3de.webp,photo_exact,Зелёная Долина Совиньон Блан Сухое,Союз-Вино,Белое,Светло-соломенный цвет с зеленоватыми бликами.,Кубань
soyuz-vino-zelyonaya-dolina-shardone-beloe-suhoe-12,soyuz_vino_zelyonaya_dolina_shardone_beloe_suhoe_12_9350f4af7c,soyuz_vino_zelyonaya_dolina_shardone_beloe_suhoe_12_9350f4af7c.webp,photo_exact,Зелёная Долина Шардоне,Союз-Вино,Белое,Цвет вина — светло-соломенный; с привлекательным золотистым блеском.,Кубань
soyuz-vino-zelyonaya-dolina-shardone-v-banke-beloe-suhoe-12,soyuz_vino_zelyonaya_dolina_shardone_v_banke_beloe_suhoe_12_c6b6ff13f2,soyuz_vino_zelyonaya_dolina_shardone_v_banke_beloe_suhoe_12_c6b6ff13f2.webp,photo_exact,Зелёная Долина Шардоне в банке,Союз-Вино,Белое,Цвет вина — светло-соломенный; с привлекательным золотистым блеском.,Кубань
fanagoriya-zelyonoe-vino-risling-tsitronnyy-magaracha-beloe-polusuhoe-11,fanagoriya_zelyonoe_vino_risling_tsitronnyy_magaracha_beloe_polusuhoe_11_e4de13ab6b,fanagoriya_zelyonoe_vino_risling_tsitronnyy_magaracha_beloe_polusuhoe_11_e4de13ab6b.webp,photo_exact,Зелёное вино. Рислинг - Цитронный Магарача,Фанагория,Белое,Светло‑соломенный с зеленоватым оттенком,Кубань
fanagoriya-zelyonoe-vino-risling-tsitronnyy-magaracha-merlo-rozovoe-polusuhoe-11,fanagoriya_zelyonoe_vino_risling_tsitronnyy_magaracha_merlo_rozovoe_polusuhoe_11_b750443919,fanagoriya_zelyonoe_vino_risling_tsitronnyy_magaracha_merlo_rozovoe_polusuhoe_11_b750443919.webp,photo_exact,Зелёное вино. Рислинг - Цитронный Магарача - Мерло,Фанагория,Розовое,Светло‑розовый с оранжевым оттенком,Кубань
vinodelnya-myshako-zinfandel-mode-krasnoe-suhoe-148,vinodelnya_myshako_zinfandel_mode_krasnoe_suhoe_148_f6a88f446d,vinodelnya_myshako_zinfandel_mode_krasnoe_suhoe_148_f6a88f446d.webp,photo_exact,Зинфандель Mode,Мысхако,Красное,Рубиновый,Кубань
vinodelnya-myshako-zinfandel-mode-petnat-rozovoe-polusuhoe-12,vinodelnya_myshako_zinfandel_mode_petnat_petnat_polusuhoy_rozovyy_12_09340e76e9,vinodelnya_myshako_zinfandel_mode_petnat_petnat_polusuhoy_rozovyy_12_09340e76e9.webp,photo_exact,Зинфандель Mode Петнат,Мысхако,Розовое,Розовый,Кубань
znoj-denisov-vajneri,Znoj_denisov_vajneri_no_bg_preview_carve_photos_0452c989d8,Znoj_denisov_vajneri_no_bg_preview_carve_photos_0452c989d8.webp,photo_exact,Зной. Денисов Вайнери,Denisov Winery,Белое,Соломенный,Самара
zolotaya-balka-igristoe-krasnoe-polusladkoe,Zolotaya_Balka_igristoe_krasnoe_polusladkoe_8604608e59,Zolotaya_Balka_igristoe_krasnoe_polusladkoe_8604608e59.webp,photo_exact,Золотая Балка игристое красное полусладкое,Золотая Балка,Красное,Рубиновый,Крым
igristoe-vino-bryut-beloe-di-caspico,DK_bel_bryut_88b2830c23,DK_bel_bryut_88b2830c23.webp,photo_exact,Игристое вино брют белое Di Caspico,Дербент Вино,Белое,Лимонный с золотистыми бликами,Дагестан
novyy-svet-dom-shampanskih-vin-igristoe-vino-vyderzhannoe-bryut-krasnoe-novyy-svet-kaberne-sovinon-135,novyy_svet_dom_shampanskih_vin_igristoe_vino_vyderzhannoe_bryut_krasnoe_novyy_svet_kaberne_sovinon_135_c251fa3c04,novyy_svet_dom_shampanskih_vin_igristoe_vino_vyderzhannoe_bryut_krasnoe_novyy_svet_kaberne_sovinon_135_c251fa3c04.webp,photo_exact,Игристое вино выдержанное брют красное «Новый Свет. Каберне Совиньон»,Новый Свет. Дом шампанских вин,Красное,"Тёмно-рубиновый, насыщенный",Крым
novyy-svet-dom-shampanskih-vin-igristoe-vino-vyderzhannoe-bryut-rozovoe-novyy-svet-pino-nuar-125,novyy_svet_dom_shampanskih_vin_igristoe_vino_vyderzhannoe_bryut_rozovoe_novyy_svet_pino_nuar_125_971ad70c91,novyy_svet_dom_shampanskih_vin_igristoe_vino_vyderzhannoe_bryut_rozovoe_novyy_svet_pino_nuar_125_971ad70c91.webp,photo_exact,Игристое вино выдержанное брют розовое «Новый Свет. Пино Нуар»,Новый Свет. Дом шампанских вин,Розовое,"Нежно-розовый, лососевый с коралловым отражением",Крым
novyy-svet-dom-shampanskih-vin-igristoe-vino-vyderzhannoe-bryut-rozovoe-novyy-svet-pino-fran-135,novyy_svet_dom_shampanskih_vin_igristoe_vino_vyderzhannoe_bryut_rozovoe_novyy_svet_pino_fran_135_e6633aa65e,novyy_svet_dom_shampanskih_vin_igristoe_vino_vyderzhannoe_bryut_rozovoe_novyy_svet_pino_fran_135_e6633aa65e.webp,photo_exact,Игристое вино выдержанное брют розовое «Новый Свет. Пино Фран»,Новый Свет. Дом шампанских вин,Розовое,Блестящий розовый,Крым
novyy-svet-dom-shampanskih-vin-igristoe-vino-vyderzhannoe-polusladkoe-krasnoe-novyy-svet-kaberne-sovinon-12,novyy_svet_dom_shampanskih_vin_igristoe_vino_vyderzhannoe_polusladkoe_krasnoe_novyy_svet_kaberne_sovinon_12_fd0d395f6b,novyy_svet_dom_shampanskih_vin_igristoe_vino_vyderzhannoe_polusladkoe_krasnoe_novyy_svet_kaberne_sovinon_12_fd0d395f6b.webp,photo_exact,Игристое вино выдержанное полусладкое красное «Новый Свет. Каберне Совиньон»,Новый Свет. Дом шампанских вин,Красное,"Тёмно-рубиновый, насыщенный",Крым
novyy-svet-dom-shampanskih-vin-igristoe-vino-vyderzhannoe-polusladkoe-rozovoe-novyy-svet-pino-fran-135,novyy_svet_dom_shampanskih_vin_igristoe_vino_vyderzhannoe_polusladkoe_rozovoe_novyy_svet_pino_fran_135_f0782b6699,novyy_svet_dom_shampanskih_vin_igristoe_vino_vyderzhannoe_polusladkoe_rozovoe_novyy_svet_pino_fran_135_f0782b6699.webp,photo_exact,Игристое вино выдержанное полусладкое розовое «Новый Свет. Пино Фран»,Новый Свет. Дом шампанских вин,Розовое,Нежно-розовый,Крым
igristoe-vino-ekstra-bryut-beloe-di-caspico,DK_bel_eks_bryut_1ef4fd40dc,DK_bel_eks_bryut_1ef4fd40dc.webp,photo_exact,Игристое вино экстра брют белое Di Caspico,Дербент Вино,Белое,Соломенный с жемчужными бликами,Дагестан
igristoe-zhemchuzhnoe-vino-polusladkoe-beloe-di-kaspiko-fiori-di-mare-di-caspico-fiori-di-mare,bel_plsl_16457d7b78,bel_plsl_16457d7b78.webp,photo_exact,"Игристое жемчужное вино полусладкое белое ""Ди Каспико Фиори ди Маре"" (Di Caspico Fiori di Mare)",Дербент Вино,Белое,Лимонный,Дагестан
igristoe-zhemchuzhnoe-vino-polusladkoe-rozovoe-di-kaspiko-fiori-di-mare-di-caspico-fiori-di-mare,roz_plsl_besczv_03_02_2026_6c352de785,roz_plsl_besczv_03_02_2026_6c352de785.webp,photo_exact,"Игристое жемчужное вино полусладкое розовое ""Ди Каспико Фиори ди Маре"" (Di Caspico Fiori di Mare)",Дербент Вино,Розовое,нежно-розовый,Дагестан
igristoe-zhemchuzhnoe-vino-polusuhoe-krasnoe-di-kaspiko-fiori-di-mare-di-caspico-fiori-di-mare,krasn_plsh_b83ae42a4f,krasn_plsh_b83ae42a4f.webp,photo_exact,"Игристое жемчужное вино полусухое красное ""Ди Каспико Фиори ди Маре"" (Di Caspico Fiori di Mare)",Дербент Вино,Красное,Ягодно-красный,Дагестан
igristoe-krasnoe-sladkoe-czimlyanskoe,Igristoe_krasnoe_sladkoe_Czimlyanskoe_ea86054adf,Igristoe_krasnoe_sladkoe_Czimlyanskoe_ea86054adf.webp,photo_exact,Игристое красное сладкое Цимлянское,Цимлянские вина,Красное,Рубиновый,Долина Дона
soyuz-vino-izola-del-sole-beloe-v-banke-shardone-suhoe-11,soyuz_vino_izola_del_sole_beloe_v_banke_shardone_suhoe_11_373dbe2d73,soyuz_vino_izola_del_sole_beloe_v_banke_shardone_suhoe_11_373dbe2d73.webp,photo_exact,Изола дель Соле Белое в банке,Союз-Вино,Белое,Вино имеет светло-соломенный цвет.,Кубань
soyuz-vino-izola-del-sole-roze-v-banke-krasnostop-rozovoe-suhoe-11,soyuz_vino_izola_del_sole_roze_v_banke_krasnostop_rozovoe_suhoe_11_8aadc9f0c6,soyuz_vino_izola_del_sole_roze_v_banke_krasnostop_rozovoe_suhoe_11_8aadc9f0c6.webp,photo_exact,Изола дель Соле Розе в банке,Союз-Вино,Розовое,Вино имеет ярко-розовый цвет.,Кубань
abrau-dyurso-imperatorskoe-bryut-shardone-beloe-12,abrau_dyurso_imperatorskoe_bryut_shardone_beloe_12_d6c7ebb073,abrau_dyurso_imperatorskoe_bryut_shardone_beloe_12_d6c7ebb073.webp,photo_exact,Императорское брют,Абрау-Дюрсо,Белое,Светло-соломенный с тонким зеленоватым оттенком,Кубань
abrau-dyurso-imperatorskoe-polusladkoe-shardone-beloe-12,abrau_dyurso_imperatorskoe_polusladkoe_shardone_beloe_12_956aaee80d,abrau_dyurso_imperatorskoe_polusladkoe_shardone_beloe_12_956aaee80d.webp,photo_exact,Императорское полусладкое,Абрау-Дюрсо,Белое,Светло-соломенный с тонким золотистым оттенком,Кубань
abrau-dyurso-imperatorskoe-polusuhoe-shardone-beloe-12,abrau_dyurso_imperatorskoe_polusuhoe_shardone_beloe_12_51385573f2,abrau_dyurso_imperatorskoe_polusuhoe_shardone_beloe_12_51385573f2.webp,photo_exact,Императорское полусухое,Абрау-Дюрсо,Белое,Светло-соломенный с тонким зеленоватым оттенком,Кубань
abrau-dyurso-imperial-brut-lart-nouveau-shardone-beloe-bryut-105,abrau_dyurso_imperial_brut_lart_nouveau_shardone_beloe_bryut_105_71076b0053,abrau_dyurso_imperial_brut_lart_nouveau_shardone_beloe_bryut_105_71076b0053.webp,photo_exact,Империал Brut L'Art Nouveau,Абрау-Дюрсо,Белое,Золотистый,Кубань
abrau-dyurso-imperial-brut-rose-pino-nuar-rozovoe-bryut-12,abrau_dyurso_imperial_brut_rose_pino_nuar_rozovoe_bryut_12_3eafe20e40,abrau_dyurso_imperial_brut_rose_pino_nuar_rozovoe_bryut_12_3eafe20e40.webp,photo_exact,Империал Brut Rose,Абрау-Дюрсо,Розовое,Нежно-лососевый,Кубань
abrau-dyurso-imperial-kyuve-pino-nuar-rozovoe-bryut-125,abrau_dyurso_imperial_kyuve_pino_nuar_igristoe_bryut_rozovoe_125_99fe198335,abrau_dyurso_imperial_kyuve_pino_nuar_igristoe_bryut_rozovoe_125_99fe198335.webp,photo_exact,Империал Кюве,Абрау-Дюрсо,Розовое,Вино бледно-кораллового цвета с ожерельем из тонких пузырьков и устойчивым муссом.,Кубань
abrau-dyurso-imperial-brut-vintage-shardone-beloe-bryut-12,abrau_dyurso_imperial_brut_vintage_shardone_beloe_bryut_12_8f6dbe7a71,abrau_dyurso_imperial_brut_vintage_shardone_beloe_bryut_12_8f6dbe7a71.webp,photo_exact,Империал. Brut Vintage,Абрау-Дюрсо,Белое,Золотистый,Кубань
inkermanskiy-zmv-inkerman-bryut-rkatsiteli-beloe-12,inkermanskiy_zmv_inkerman_bryut_rkatsiteli_beloe_12_d9607fd400,inkermanskiy_zmv_inkerman_bryut_rkatsiteli_beloe_12_d9607fd400.webp,photo_exact,Инкерман Брют,Инкерманский ЗМВ,Белое,Светло-соломенный с зеленоватым отливом,Крым
inkermanskiy-zmv-inkerman-muskat-polusladkoe-beloe-13,inkermanskiy_zmv_inkerman_muskat_polusladkoe_beloe_13_7b92ce68f8,inkermanskiy_zmv_inkerman_muskat_polusladkoe_beloe_13_7b92ce68f8.webp,photo_exact,Инкерман Мускат полусладкое,Инкерманский ЗМВ,Белое,Светло-соломенный с золотистыми бликами,Крым
inkermanskiy-zmv-inkerman-pino-blan-zero-dozazh-beloe-ekstra-bryut-12,inkermanskiy_zmv_inkerman_pino_blan_zero_dozazh_beloe_ekstra_bryut_12_8502401e55,inkermanskiy_zmv_inkerman_pino_blan_zero_dozazh_beloe_ekstra_bryut_12_8502401e55.webp,photo_exact,Инкерман Пино Блан Зеро Дозаж,Инкерманский ЗМВ,Белое,"Светло-соломенный, прозрачный",Крым
inkermanskiy-zmv-inkerman-polusladkoe-rkatsiteli-beloe-13,inkermanskiy_zmv_inkerman_polusladkoe_rkatsiteli_beloe_13_5e5f1aa9c4,inkermanskiy_zmv_inkerman_polusladkoe_rkatsiteli_beloe_13_5e5f1aa9c4.webp,photo_exact,Инкерман полусладкое,Инкерманский ЗМВ,Белое,Светло-соломенный с золотистыми бликами,Крым
inkermanskiy-zmv-inkerman-roze-zero-dozazh-kokur-rozovoe-ekstra-bryut-12,inkermanskiy_zmv_inkerman_roze_zero_dozazh_kokur_rozovoe_ekstra_bryut_12_2c38685dfc,inkermanskiy_zmv_inkerman_roze_zero_dozazh_kokur_rozovoe_ekstra_bryut_12_2c38685dfc.webp,photo_exact,Инкерман Розе Зеро Дозаж,Инкерманский ЗМВ,Розовое,"Нежно-розовый, прозрачный",Крым
inkermanskiy-zmv-inkerman-rozovoe-polusladkoe-rkatsiteli-12,inkermanskiy_zmv_inkerman_rozovoe_polusladkoe_rkatsiteli_12_2cbe882a16,inkermanskiy_zmv_inkerman_rozovoe_polusladkoe_rkatsiteli_12_2cbe882a16.webp,photo_exact,Инкерман Розовое полусладкое,Инкерманский ЗМВ,Розовое,Светло-соломенный с золотистыми бликами,Крым
inkerman-shato-blan,Inkerman_Shato_Blan_beloe_polusuhoe_526e6530b9,Inkerman_Shato_Blan_beloe_polusuhoe_526e6530b9.webp,photo_exact,Инкерман Шато Блан,Инкерманский ЗМВ,Белое,Золотистый,Крым
semeynaya-vinodelnya-mihaila-kolesnikova-ispanets-kaberne-sovinon-krasnoe-suhoe-148,semeynaya_vinodelnya_mihaila_kolesnikova_ispanets_kaberne_sovinon_krasnoe_suhoe_148_0438e28b4c,semeynaya_vinodelnya_mihaila_kolesnikova_ispanets_kaberne_sovinon_krasnoe_suhoe_148_0438e28b4c.webp,photo_exact,Испанец,Семейная винодельня Михаила Колесникова,Красное,Вино насыщенного рубинового цвета.,Ставрополье
vinodelnya-berdyaeva-kaberne-kaberne-sovinon-krasnoe-suhoe-138,vinodelnya_berdyaeva_kaberne_kaberne_sovinon_krasnoe_suhoe_138_8d12df089c,vinodelnya_berdyaeva_kaberne_kaberne_sovinon_krasnoe_suhoe_138_8d12df089c.webp,photo_exact,Каберне,Винодельня Бердяева,Красное,Темно-рубиновый,Кубань
kuban-vino-kaberne-de-tamane-kaberne-sovinon-krasnoe-suhoe-125,kuban_vino_kaberne_de_tamane_kaberne_sovinon_krasnoe_suhoe_125_d65b4385ed,kuban_vino_kaberne_de_tamane_kaberne_sovinon_krasnoe_suhoe_125_d65b4385ed.webp,photo_exact,Каберне де Тамань,Кубань-Вино,Красное,Цвет вина колеблется от красно-рубинового до темно-гранатового.,Кубань
vinodelnya-batrak-kaberne-kortis-krasnoe-suhoe-12,vinodelnya_batrak_kaberne_kortis_krasnoe_suhoe_12_0e8405289f,vinodelnya_batrak_kaberne_kortis_krasnoe_suhoe_12_0e8405289f.webp,photo_exact,Каберне Кортис,Винодельня Батрак,Красное,Гранатово-кирпичный с красновато-лиловыми оттенками,Ставрополье
vinodelnya-myshako-kaberne-myshako-grand-rezerv-kaberne-sovinon-krasnoe-suhoe-125,vinodelnya_myshako_kaberne_myshako_grand_rezerv_kaberne_sovinon_krasnoe_suhoe_125_5ef2a79acb,vinodelnya_myshako_kaberne_myshako_grand_rezerv_kaberne_sovinon_krasnoe_suhoe_125_5ef2a79acb.webp,photo_exact,Каберне Мысхако Гранд Резерв,Мысхако,Красное,Рубиново-красный,Кубань
esse-kaberne-otbornoe-kaberne-sovinon-krasnoe-suhoe-12,esse_kaberne_otbornoe_kaberne_sovinon_krasnoe_suhoe_12_1f8b96ac79,esse_kaberne_otbornoe_kaberne_sovinon_krasnoe_suhoe_12_1f8b96ac79.webp,photo_exact,Каберне Отборное,ESSE,Красное,Насыщенный красный,Крым
loco-cimbali-kaberne-sovinon-krasnoe-suhoe-146,loco_cimbali_kaberne_sovinon_krasnoe_suhoe_146_97d63cb5eb,loco_cimbali_kaberne_sovinon_krasnoe_suhoe_146_97d63cb5eb.webp,photo_exact,Каберне Совиньон,Loco Cimbali,Красное,Глубокий рубиновый,Крым
villa-sofiya-kaberne-sovinon-krasnoe-suhoe-133,villa_sofiya_kaberne_sovinon_krasnoe_suhoe_133_6bb475b71f,villa_sofiya_kaberne_sovinon_krasnoe_suhoe_133_6bb475b71f.webp,photo_exact,Каберне Совиньон,Вилла София,Красное,Темно-рубиновый,Нижняя Волга
esse-kaberne-sovinon-krasnoe-suhoe-14,esse_kaberne_sovinon_krasnoe_suhoe_14_2536b9976e,esse_kaberne_sovinon_krasnoe_suhoe_14_2536b9976e.webp,photo_exact,Каберне Совиньон,ESSE,Красное,Насыщенно-красный,Крым
abrau-dyurso-kaberne-sovinon-krasnoe-suhoe-125,abrau_dyurso_kaberne_sovinon_krasnoe_suhoe_vyderzhannoe_125_b9410efa7a,abrau_dyurso_kaberne_sovinon_krasnoe_suhoe_vyderzhannoe_125_b9410efa7a.webp,photo_exact,Каберне Совиньон,Абрау-Дюрсо,Красное,Глубокий рубиновый цвет с красивым блеском.,Кубань
mons-albus-kaberne-sovinon-krasnoe-suhoe-14,mons_albus_kaberne_sovinon_krasnoe_suhoe_14_b012140125,mons_albus_kaberne_sovinon_krasnoe_suhoe_14_b012140125.webp,photo_exact,Каберне Совиньон,Mons Albus,Красное,Рубиновый,Крым
vinodelnya-batrak-kaberne-sovinon-krasnoe-suhoe-14,vinodelnya_batrak_kaberne_sovinon_krasnoe_suhoe_14_50425a88e9,vinodelnya_batrak_kaberne_sovinon_krasnoe_suhoe_14_50425a88e9.webp,photo_exact,Каберне Совиньон,Винодельня Батрак,Красное,Насыщенный темно-гранатовый,Ставрополье
twopeters_kaberne_sovinion,product_1_23ae05631a,product_1_23ae05631a.webp,photo_exact,Каберне Совиньон,Два Петра,Красное,Насыщенный рубиновый,Крым
kaberne-sovinon-1,kab_sov_9d7c8ac45e,kab_sov_9d7c8ac45e.webp,photo_exact,Каберне Совиньон,Галицкий и Галицкий,Красное,Глубокий рубиновый,Кубань
vinodelnya-berdyaeva-kaberne-sovinon-krasnoe-suhoe-145,vinodelnya_berdyaeva_kaberne_sovinon_krasnoe_suhoe_145_8fb9e49e04,vinodelnya_berdyaeva_kaberne_sovinon_krasnoe_suhoe_145_8fb9e49e04.webp,photo_exact,Каберне Совиньон,Винодельня Бердяева,Красное,Насыщенный Рубиновый,Кубань
golubitskoe-estate-kaberne-sovinon-krasnoe-suhoe-137,golubitskoe_estate_kaberne_sovinon_krasnoe_suhoe_137_b1ceb967fd,golubitskoe_estate_kaberne_sovinon_krasnoe_suhoe_137_b1ceb967fd.webp,photo_exact,Каберне Совиньон,Golubitskoe Estate,Красное,Темно-рубиновый с гранатовым ободком,Кубань
vinodelnya-vedernikov-kaberne-sovinon-krasnoe-suhoe-14,vinodelnya_vedernikov_kaberne_sovinon_krasnoe_suhoe_14_bf65626333,vinodelnya_vedernikov_kaberne_sovinon_krasnoe_suhoe_14_bf65626333.webp,photo_exact,Каберне Совиньон,Ведерниковъ,Красное,Рубиновый с кирпичными бликами,Долина Дона
chateau-andre-kaberne-sovinon-krasnoe-suhoe-13,chateau_andre_kaberne_sovinon_krasnoe_suhoe_13_38b93a343b,chateau_andre_kaberne_sovinon_krasnoe_suhoe_13_38b93a343b.webp,photo_exact,Каберне Совиньон,Chateau Andre,Красное,Темно-красный,Кубань
vinodelnya-myshako-kaberne-sovinon-krasnoe-suhoe-138,vinodelnya_myshako_kaberne_sovinon_krasnoe_suhoe_138_0ff42c6b1b,vinodelnya_myshako_kaberne_sovinon_krasnoe_suhoe_138_0ff42c6b1b.webp,photo_exact,Каберне Совиньон,Мысхако,Красное,Темно-рубиновый,Кубань
shato-pino-kaberne-sovinon-krasnoe-suhoe-14,shato_pino_kaberne_sovinon_krasnoe_suhoe_14_9ad8f94ebc,shato_pino_kaberne_sovinon_krasnoe_suhoe_14_9ad8f94ebc.webp,photo_exact,Каберне Совиньон,Шато Пино,Красное,Темно-красный,Кубань
vinodelnya-marchenko-kaberne-sovinon-krasnoe-suhoe-14,vinodelnya_marchenko_kaberne_sovinon_krasnoe_suhoe_14_387edd3954,vinodelnya_marchenko_kaberne_sovinon_krasnoe_suhoe_14_387edd3954.webp,photo_exact,Каберне Совиньон,Винодельня Марченко,Красное,Глубокий гранатовый,Кубань
belbek-kaberne-sovinon-krasnoe-suhoe-138,belbek_kaberne_sovinon_krasnoe_suhoe_138_96f7db37a0,belbek_kaberne_sovinon_krasnoe_suhoe_138_96f7db37a0.webp,photo_exact,Каберне Совиньон,Бельбек,Красное,Темно-рубиновый,Крым
vaynkraft-kaberne-sovinon-krasnoe-suhoe-14,vaynkraft_kaberne_sovinon_krasnoe_suhoe_14_ae9402b920,vaynkraft_kaberne_sovinon_krasnoe_suhoe_14_ae9402b920.webp,photo_exact,Каберне Совиньон,ВайнКрафт,Красное,Насыщенно-рубиновый,Крым
vinodelnya-begildeeva-kaberne-sovinon-krasnoe-suhoe-14,vinodelnya_begildeeva_kaberne_sovinon_krasnoe_suhoe_14_1108f8580b,vinodelnya_begildeeva_kaberne_sovinon_krasnoe_suhoe_14_1108f8580b.webp,photo_exact,Каберне Совиньон,Винодельня Бегильдеева,Красное,Тёмной вишни с рубиновыми бликами,Кубань
kaberne-sovinon-2,Screenshot_19_081d41ebac,Screenshot_19_081d41ebac.webp,photo_exact,Каберне Совиньон,Табия,Красное,Темно-рубиновый,Кубань
bogovich-wine-vineyard-kaberne-sovinon-krasnoe-suhoe-125,bogovich_wine_vineyard_kaberne_sovinon_krasnoe_suhoe_125_9316654ea1,bogovich_wine_vineyard_kaberne_sovinon_krasnoe_suhoe_125_9316654ea1.webp,photo_exact,Каберне Совиньон,Bogovich Wine & Vineyard,Красное,Интенсивный рубиново-красный,Крым
kaberne-sovinon,Kaberne_Sovinon_981ea8ff0c,Kaberne_Sovinon_981ea8ff0c.webp,slug_exact,Каберне Совиньон,Массандра,Красное,Рубиновый,Крым
vinodelnya-bratev-melnikovyh-kaberne-sovinon-kaberne-fran-dva-brata-krasnoe-suhoe-145,vinodelnya_bratev_melnikovyh_kaberne_sovinon_kaberne_fran_dva_brata_krasnoe_suhoe_145_04c9c00425,vinodelnya_bratev_melnikovyh_kaberne_sovinon_kaberne_fran_dva_brata_krasnoe_suhoe_145_04c9c00425.webp,photo_exact,Каберне Совиньон - Каберне Фран. Два Брата,Винодельня Братьев Мельниковых,Красное,Темно-рубиновый с красноватыми бликами,Крым
shato-pino-kaberne-sovinon-merlo-krasnoe-suhoe-135,shato_pino_kaberne_sovinonmerlo_krasnoe_suhoe_135_463039b1ff,shato_pino_kaberne_sovinonmerlo_krasnoe_suhoe_135_463039b1ff.webp,photo_exact,Каберне Совиньон - Мерло,Шато Пино,Красное,Темно-рубиновый,Кубань
vinnyy-kooperativ-intuitsiya-kaberne-sovinon-merlo-saperavi-krasnoe-suhoe-128,vinnyy_kooperativ_intuitsiya_kaberne_sovinon_merlo_saperavi_krasnoe_suhoe_128_927edc0651,vinnyy_kooperativ_intuitsiya_kaberne_sovinon_merlo_saperavi_krasnoe_suhoe_128_927edc0651.webp,photo_exact,Каберне Совиньон - Мерло,Винный кооператив Интуиция,Красное,Глубокий темно-рубиновый,Ставрополье
domaine-lipko-kaberne-sovinon-merlo-pomeste-trenzina-krasnoe-suhoe-15,domaine_lipko_kaberne_sovinon_merlo_pomeste_trenzina_krasnoe_suhoe_15_aa953b6231,domaine_lipko_kaberne_sovinon_merlo_pomeste_trenzina_krasnoe_suhoe_15_aa953b6231.webp,photo_exact,Каберне Совиньон - Мерло. Поместье Трензина,Domaine Lipko,Красное,Глубокий рубиновый,Крым
vinodelnya-begildeeva-kaberne-sovinon-merlo-krasnoe-suhoe-14,vinodelnya_begildeeva_kaberne_sovinon_merlo_krasnoe_suhoe_14_287877eb6a,vinodelnya_begildeeva_kaberne_sovinon_merlo_krasnoe_suhoe_14_287877eb6a.webp,photo_exact,Каберне Совиньон – Мерло,Винодельня Бегильдеева,Красное,Насыщенно-рубиновый,Кубань
vinodelnya-myshako-kaberne-sovinon-merlo-kyuve-krasnoe-suhoe-142,vinodelnya_myshako_kaberne_sovinon_merlo_kyuve_krasnoe_suhoe_142_8126d58a29,vinodelnya_myshako_kaberne_sovinon_merlo_kyuve_krasnoe_suhoe_142_8126d58a29.webp,photo_exact,Каберне Совиньон – Мерло. Кюве,Мысхако,Красное,Рубиновый,Кубань
usadba-perovskih-kaberne-sovinon-merlo-1890-krasnoe-suhoe-13,usadba_perovskih_kaberne_sovinon_merlo_1890_krasnoe_suhoe_13_2fe58062d2,usadba_perovskih_kaberne_sovinon_merlo_1890_krasnoe_suhoe_13_2fe58062d2.webp,photo_exact,Каберне Совиньон & Мерло 1890,Усадьба Перовских,Красное,Темно-гранатовый,Крым
kaberne-sovinon-appasimento,kab_sov_apas_5d86695316,kab_sov_apas_5d86695316.webp,photo_exact,Каберне Совиньон Appassimento,Галицкий и Галицкий,Красное,Глубокий рубиновый,Кубань
golubitskoe-estate-kaberne-sovinon-noble-selection-krasnoe-suhoe-133,golubitskoe_estate_kaberne_sovinon_noble_selection_krasnoe_suhoe_133_f0984d4c21,golubitskoe_estate_kaberne_sovinon_noble_selection_krasnoe_suhoe_133_f0984d4c21.webp,photo_exact,Каберне Совиньон Noble Selection,Golubitskoe Estate,Красное,Насыщенный рубиново-вишневый,Кубань
villa-urkusta-kaberne-sovinon-blan-de-nuar-beloe-suhoe-13,villa_urkusta_kaberne_sovinon_blan_de_nuar_beloe_suhoe_13_f33f9ea57b,villa_urkusta_kaberne_sovinon_blan_de_nuar_beloe_suhoe_13_f33f9ea57b.webp,photo_exact,Каберне совиньон Блан де Нуар,Вилла Уркуста,Белое,Светло-соломенныый,Крым
artvin-kaberne-sovinon-grand-rezerv-krasnoe-suhoe-13,artvin_kaberne_sovinon_grand_rezerv_krasnoe_suhoe_13_501fa25679,artvin_kaberne_sovinon_grand_rezerv_krasnoe_suhoe_13_501fa25679.webp,photo_exact,Каберне Совиньон Гранд Резерв,Артвин,Красное,Насыщенный рубиновый,Крым
villa-urkusta-kaberne-sovinon-klaret-rozovoe-polusuhoe-15,villa_urkusta_kaberne_sovinon_klaret_rozovoe_polusuhoe_15_03c00dd390,villa_urkusta_kaberne_sovinon_klaret_rozovoe_polusuhoe_15_03c00dd390.webp,photo_exact,Каберне совиньон Кларет,Вилла Уркуста,Розовое,От темно-розового до малинового,Крым
villa-urkusta-kaberne-sovinon-klassik-krasnoe-suhoe-12,villa_urkusta_kaberne_sovinon_klassik_krasnoe_suhoe_12_d3c723876d,villa_urkusta_kaberne_sovinon_klassik_krasnoe_suhoe_12_d3c723876d.webp,photo_exact,Каберне совиньон Классик,Вилла Уркуста,Красное,От темно-гранатового до темно-рубинового,Крым
golubitskoe-estate-kaberne-sovinon-rezerv-krasnoe-suhoe-125,golubitskoe_estate_kaberne_sovinon_rezerv_krasnoe_suhoe_125_9afdb2e885,golubitskoe_estate_kaberne_sovinon_rezerv_krasnoe_suhoe_125_9afdb2e885.webp,photo_exact,Каберне Совиньон Резерв,Golubitskoe Estate,Красное,Темный красно-рубиновый,Кубань
alma-valley-kaberne-sovinon-rezerv-krasnoe-suhoe-15,alma_valley_kaberne_sovinon_rezerv_krasnoe_suhoe_15_58f5256504,alma_valley_kaberne_sovinon_rezerv_krasnoe_suhoe_15_58f5256504.webp,photo_exact,Каберне Совиньон Резерв,Alma Valley,Красное,Темно-рубиновый,Крым
chateau-de-talu-kaberne-sovinon-rezerv-krasnoe-suhoe-14,chateau_de_talu_kaberne_sovinon_rezerv_krasnoe_suhoe_14_6106a6f6b0,chateau_de_talu_kaberne_sovinon_rezerv_krasnoe_suhoe_14_6106a6f6b0.webp,photo_exact,Каберне Совиньон Резерв,Chateau de Talu,Красное,Глубокий интенсивно- рубиновый,Кубань
usadba-markoth-kaberne-sovinon-rezerv-krasnoe-suhoe-13,usadba_markoth_kaberne_sovinon_rezerv_krasnoe_suhoe_vyderzhannoe_13_77c2e45e25,usadba_markoth_kaberne_sovinon_rezerv_krasnoe_suhoe_vyderzhannoe_13_77c2e45e25.webp,photo_exact,Каберне Совиньон Резерв,Усадьба Маркотх,Красное,Вино густого красно-рубинового цвета.,Кубань
pomeste-golubitskoe-kaberne-sovinon-rezerv-krasnoe-suhoe-143,pomeste_golubitskoe_kaberne_sovinon_rezerv_krasnoe_suhoe_vyderzhannoe_143_97eb57d86b,pomeste_golubitskoe_kaberne_sovinon_rezerv_krasnoe_suhoe_vyderzhannoe_143_97eb57d86b.webp,photo_exact,Каберне Совиньон Резерв,Golubitskoe Estate,Красное,Глубокий рубиново-красный цвет с гранатовыми оттенками.,Кубань
villa-urkusta-kaberne-sovinon-rezerva-krasnoe-suhoe-15,villa_urkusta_kaberne_sovinon_rezerva_krasnoe_suhoe_15_9851ee4c06,villa_urkusta_kaberne_sovinon_rezerva_krasnoe_suhoe_15_9851ee4c06.webp,photo_exact,Каберне совиньон Резерва,Вилла Уркуста,Красное,От темно-гранатового до темно-рубинового,Крым
villa-urkusta-kaberne-sovinon-roze-de-sene-rozovoe-suhoe-13,villa_urkusta_kaberne_sovinon_roze_de_sene_rozovoe_suhoe_13_c58d238e0e,villa_urkusta_kaberne_sovinon_roze_de_sene_rozovoe_suhoe_13_c58d238e0e.webp,photo_exact,Каберне совиньон Розе де Сенье,Вилла Уркуста,Розовое,Розовато-лососевый,Крым
jd_winery_kaberne_souvignon,20260617_071733_Photoroom_31245772bb,20260617_071733_Photoroom_31245772bb.webp,photo_exact,Каберне Совиньон тихое,JD winery,Красное,"красный, не насыщенный",Кубань
villa-di-alma-kaberne-sovinon-ekstra-bryut-rozovoe-125,villa_di_alma_kaberne_sovinon_ekstra_bryut_igristoe_ekstra_bryut_rozovoe_125_9921ad97ed,villa_di_alma_kaberne_sovinon_ekstra_bryut_igristoe_ekstra_bryut_rozovoe_125_9921ad97ed.webp,photo_exact,Каберне Совиньон экстра брют,Villa di Alma,Розовое,Вино бледно-лососевого цвета с блеском.,Крым
vinodelnya-myshako-kaberne-sovinon-black-out-krasnoe-polusuhoe-16,vinodelnya_myshako_kaberne_sovinon_black_out_krasnoe_polusuhoe_16_c5bb09a533,vinodelnya_myshako_kaberne_sovinon_black_out_krasnoe_polusuhoe_16_c5bb09a533.webp,photo_exact,Каберне Совиньон. Black Out,Мысхако,Красное,Рубиново-красный,Кубань
imenie-sikory-kaberne-sovinon-semeynyy-rezerv-krasnoe-suhoe-14,imenie_sikory_kaberne_sovinon_semeynyy_rezerv_krasnoe_suhoe_vyderzhannoe_14_dc4aa1ddb5,imenie_sikory_kaberne_sovinon_semeynyy_rezerv_krasnoe_suhoe_vyderzhannoe_14_dc4aa1ddb5.webp,photo_exact,Каберне Совиньон. Семейный Резерв,Имение Сикоры,Красное,Вино глубокого рубинового цвета с блеском.,Кубань
vinodelnya-berdyaeva-kaberne-fran-krasnoe-suhoe-115,vinodelnya_berdyaeva_kaberne_fran_krasnoe_suhoe_115_f3000e7b45,vinodelnya_berdyaeva_kaberne_fran_krasnoe_suhoe_115_f3000e7b45.webp,photo_exact,Каберне Фран,Винодельня Бердяева,Красное,Насыщенный рубиновый,Кубань
bakla-vines-kaberne-fran-krasnoe-suhoe-143,bakla_vines_kaberne_fran_krasnoe_suhoe_143_eb045e6d5d,bakla_vines_kaberne_fran_krasnoe_suhoe_143_eb045e6d5d.webp,photo_exact,Каберне Фран,Bakla Vines,Красное,Насыщенно-рубиновый,Крым
belbek-kaberne-fran-krasnoe-suhoe-134,belbek_kaberne_fran_krasnoe_suhoe_134_bb8ab4763e,belbek_kaberne_fran_krasnoe_suhoe_134_bb8ab4763e.webp,photo_exact,Каберне Фран,Бельбек,Красное,Темный красно-рубиновый,Крым
bogovich-wine-vineyard-kaberne-fran-krasnoe-suhoe-135,bogovich_wine_vineyard_kaberne_fran_krasnoe_suhoe_135_5882f6ad55,bogovich_wine_vineyard_kaberne_fran_krasnoe_suhoe_135_5882f6ad55.webp,photo_exact,Каберне Фран,Bogovich Wine & Vineyard,Красное,Рубиново-красный,Крым
sober-bash-kaberne-fran-krasnoe-suhoe-127,sober_bash_kaberne_fran_krasnoe_suhoe_127_b52ebced7b,sober_bash_kaberne_fran_krasnoe_suhoe_127_b52ebced7b.webp,photo_exact,Каберне Фран,Собер Баш,Красное,Рубиновый,Кубань
kaberne-fran,Kaberne_Fran_d71d65de5d,Kaberne_Fran_d71d65de5d.webp,slug_exact,Каберне Фран,Mantra Estate,Красное,Рубиново-красный,Кубань
sober-bash-kaberne-fran-rozovoe-suhoe-12,sober_bash_kaberne_fran_rozovoe_suhoe_12_4177891820,sober_bash_kaberne_fran_rozovoe_suhoe_12_4177891820.webp,photo_exact,Каберне Фран,Собер Баш,Розовое,Светло-лососевый,Кубань
radiowine-kaberne-fran-krasnoe-suhoe-14,radiowine_kaberne_fran_krasnoe_suhoe_14_cb1eb5dcb8,radiowine_kaberne_fran_krasnoe_suhoe_14_cb1eb5dcb8.webp,photo_exact,Каберне Фран,Radio Wine,Красное,Насыщенный рубиновый,Крым
dva-serdtsa-kaberne-fran-krasnoe-suhoe-14,dva_serdtsa_kaberne_fran_krasnoe_suhoe_14_3cd97c037a,dva_serdtsa_kaberne_fran_krasnoe_suhoe_14_3cd97c037a.webp,photo_exact,Каберне Фран,Два Сердца,Красное,Гранатово-рубиновый,Крым
donskoe-vinodelcheskoe-hozyaystvo-elbuzd-kaberne-fran-krasnoe-suhoe-13,donskoe_vinodelcheskoe_hozyaystvo_elbuzd_kaberne_fran_krasnoe_suhoe_13_2f331c5376,donskoe_vinodelcheskoe_hozyaystvo_elbuzd_kaberne_fran_krasnoe_suhoe_13_2f331c5376.webp,photo_exact,Каберне Фран,"Донское винодельческое хозяйство ""Эльбузд""",Красное,Рубиновый,Долина Дона
viktor-stashko-kaberne-fran-krasnoe-suhoe-145,viktor_stashko_kaberne_fran_krasnoe_suhoe_145_1bfa8e8a31,viktor_stashko_kaberne_fran_krasnoe_suhoe_145_1bfa8e8a31.webp,photo_exact,Каберне Фран,Виктор Сташко,Красное,Вино непрозрачного рубинового цвета.,Крым
esse-kaberne-fran-krasnoe-suhoe-13,esse_kaberne_fran_krasnoe_suhoe_13_458f9c63ca,esse_kaberne_fran_krasnoe_suhoe_13_458f9c63ca.webp,photo_exact,Каберне Фран,ESSE,Красное,Ярко-гранатовый,Крым
alma-valley-kaberne-fran-krasnoe-suhoe-145,alma_valley_kaberne_fran_krasnoe_suhoe_145_f987d71edd,alma_valley_kaberne_fran_krasnoe_suhoe_145_f987d71edd.webp,photo_exact,Каберне Фран,Alma Valley,Красное,Ярко-гранатовый цвет с легким фиолетовым отблеском,Крым
vinodelnya-myshako-kaberne-fran-krasnoe-suhoe-142,vinodelnya_myshako_kaberne_fran_krasnoe_suhoe_142_57650d8a36,vinodelnya_myshako_kaberne_fran_krasnoe_suhoe_142_57650d8a36.webp,photo_exact,Каберне Фран,Мысхако,Красное,Рубиновый,Кубань
ferrum-winery-kaberne-fran-krasnoe-suhoe-12,ferrum_winery_kaberne_fran_krasnoe_suhoe_12_9890e1cced,ferrum_winery_kaberne_fran_krasnoe_suhoe_12_9890e1cced.webp,photo_exact,Каберне Фран,Ferrum Winery,Красное,Рубиново-красный,Ставрополье
sober-bash-kaberne-fran-krasnoe-suhoe-13,sober_bash_kaberne_fran_krasnoe_suhoe_13_7b677af99d,sober_bash_kaberne_fran_krasnoe_suhoe_13_7b677af99d.webp,photo_exact,Каберне Фран,Собер Баш,Красное,Тёмно-гранатовый,Кубань
chateau-andre-kaberne-fran-krasnoe-suhoe-14,chateau_andre_kaberne_fran_krasnoe_suhoe_14_e070a8fb44,chateau_andre_kaberne_fran_krasnoe_suhoe_14_e070a8fb44.webp,photo_exact,Каберне Фран,Chateau Andre,Красное,Рубиновый с бордовыми оттенками,Кубань
shato-pino-kaberne-fran-kaberne-sovinon-krasnoe-suhoe-135,shato_pino_kaberne_frankaberne_sovinon_krasnoe_suhoe_135_dbc6706292,shato_pino_kaberne_frankaberne_sovinon_krasnoe_suhoe_135_dbc6706292.webp,photo_exact,Каберне Фран - Каберне Совиньон,Шато Пино,Красное,Темно-красный,Кубань
semeynaya-vinodelnya-mihaila-kolesnikova-kaberne-fran-merlo-krasnostop-krasnoe-suhoe-148,semeynaya_vinodelnya_mihaila_kolesnikova_kaberne_fran_merlo_krasnostop_krasnoe_suhoe_148_d6e607e493,semeynaya_vinodelnya_mihaila_kolesnikova_kaberne_fran_merlo_krasnostop_krasnoe_suhoe_148_d6e607e493.webp,photo_exact,Каберне Фран - Мерло - Красностоп,Семейная винодельня Михаила Колесникова,Красное,Вино полупрозрачного рубинового цвета.,Ставрополье
usadba-perovskih-kaberne-fran-1890-krasnoe-suhoe-13,usadba_perovskih_kaberne_fran_1890_krasnoe_suhoe_13_5b8be14ff1,usadba_perovskih_kaberne_fran_1890_krasnoe_suhoe_13_5b8be14ff1.webp,photo_exact,Каберне Фран 1890,Усадьба Перовских,Красное,Насыщенный бордовый,Крым
gunko-winery-kaberne-fran-gunko-winery-krasnoe-suhoe-135,gunko_winery_kaberne_fran_gunko_winery_krasnoe_suhoe_135_aa5f643dca,gunko_winery_kaberne_fran_gunko_winery_krasnoe_suhoe_135_aa5f643dca.webp,photo_exact,Каберне Фран Gunko Winery,Gunko Winery,Красное,Темно-бордовый с фиолетовым оттенком,Кубань
vinodelnya-myshako-kaberne-fran-avtorskaya-tehnologiya-krasnoe-suhoe-142,vinodelnya_myshako_kaberne_fran_avtorskaya_tehnologiya_krasnoe_suhoe_142_adbc6382f4,vinodelnya_myshako_kaberne_fran_avtorskaya_tehnologiya_krasnoe_suhoe_142_adbc6382f4.webp,photo_exact,Каберне Фран авторская технология,Мысхако,Красное,Рубиновый,Кубань
perovskih_kaberne_fran_reserve,Kaberne_Fran_rezerv_2de24730a4,Kaberne_Fran_rezerv_2de24730a4.webp,photo_exact,Каберне Фран Резерв,Усадьба Перовских,Красное,Вино насыщенного рубинового цвета.,Крым
alma-valley-kaberne-fran-rezerv-krasnoe-suhoe-15,alma_valley_kaberne_fran_rezerv_krasnoe_suhoe_15_6ef14d79ec,alma_valley_kaberne_fran_rezerv_krasnoe_suhoe_15_6ef14d79ec.webp,photo_exact,Каберне Фран Резерв,Alma Valley,Красное,Рубиновый,Крым
chateau-de-talu-kaberne-fran-rezerv-krasnoe-suhoe-13,chateau_de_talu_kaberne_fran_rezerv_krasnoe_suhoe_13_6dc8dcf2ec,chateau_de_talu_kaberne_fran_rezerv_krasnoe_suhoe_13_6dc8dcf2ec.webp,photo_exact,Каберне Фран Резерв,Chateau de Talu,Красное,Глубокий интенсивно- рубиновый,Кубань
imenie-sikory-kaberne-fran-roze-rozovoe-suhoe-13,imenie_sikory_kaberne_fran_roze_rozovoe_suhoe_13_4f0044a40b,imenie_sikory_kaberne_fran_roze_rozovoe_suhoe_13_4f0044a40b.webp,photo_exact,Каберне Фран розе,Имение Сикоры,Розовое,Вино бледно-лососевого цвета.,Кубань
imenie-sikory-kaberne-fran-sikory-rozovoe-suhoe-13,imenie_sikory_kaberne_fran_sikory_rozovoe_suhoe_13_734a89a002,imenie_sikory_kaberne_fran_sikory_rozovoe_suhoe_13_734a89a002.webp,photo_exact,Каберне Фран Сикоры,Имение Сикоры,Розовое,Светло-розовый,Кубань
valeriy-zaharin-kaberne-fran-burlyuk-krasnoe-suhoe-13,valeriy_zaharin_kaberne_fran_burlyuk_krasnoe_suhoe_13_759e000bb4,valeriy_zaharin_kaberne_fran_burlyuk_krasnoe_suhoe_13_759e000bb4.webp,photo_exact,Каберне Фран. Бурлюк,Валерий Захарьин,Красное,Пурпурно-рубиновый,Крым
kaberne-avtorskoe-vino,Kaberne_d0c64468d7,Kaberne_d0c64468d7.webp,photo_exact,Каберне. Авторское вино,Массандра,Красное,Насыщенный рубиновый,Крым
derbent-vino-kavkazian-rkatsiteli-beloe-bryut-105-125,Beloe_bryut_85d083f446,Beloe_bryut_85d083f446.webp,photo_exact,Кавказиан,Дербент Вино,Белое,Соломенно-зеленоватый оттенок,Дагестан
derbent-vino-kavkazian-merlo-krasnoe-polusladkoe-105-125,derbent_vino_kavkazian_merlo_krasnoe_polusladkoe_105_125_d2973b5f66,derbent_vino_kavkazian_merlo_krasnoe_polusladkoe_105_125_d2973b5f66.webp,photo_exact,Кавказиан,Дербент Вино,Красное,Насыщенный красный,Дагестан
derbent-vino-kavkazian-dzharauli-moldova-krasnoe-polusladkoe-11,derbent_vino_kavkazian_dzharauli_moldova_krasnoe_polusladkoe_11_79f7379ec0,derbent_vino_kavkazian_dzharauli_moldova_krasnoe_polusladkoe_11_79f7379ec0.webp,photo_exact,Кавказиан Джараули,Дербент Вино,Красное,Темно-рубиновый с гранатовым оттенком,Дагестан
derbent-vino-kavkazian-rkatsiteli-beloe-suhoe-12,derbent_vino_kavkazian_rkatsiteli_beloe_suhoe_12_88da97ff68,derbent_vino_kavkazian_rkatsiteli_beloe_suhoe_12_88da97ff68.webp,photo_exact,Кавказиан Ркацители,Дербент Вино,Белое,Светло-соломенный с золотистым оттенком,Дагестан
derbent-vino-kavkazian-saperavi-krasnoe-suhoe-105-125,derbent_vino_kavkazian_saperavi_krasnoe_suhoe_105_125_f6bb126efc,derbent_vino_kavkazian_saperavi_krasnoe_suhoe_105_125_f6bb126efc.webp,photo_exact,Кавказиан Саперави,Дербент Вино,Красное,Рубиново-красный,Дагестан
zmv-koktebel-kagor-vysshego-kachestva-kaberne-sovinon-krasnoe-sladkoe-16,zmv_koktebel_kagor_vysshego_kachestva_kaberne_sovinon_krasnoe_sladkoe_16_d2bf326549,zmv_koktebel_kagor_vysshego_kachestva_kaberne_sovinon_krasnoe_sladkoe_16_d2bf326549.webp,photo_exact,Кагор Высшего Качества,ЗМВ Коктебель,Красное,Тёмно-рубиновый,Крым
massandra-kagor-gurzuf-saperavi-krasnoe-sladkoe-16,massandra_kagor_gurzuf_saperavi_krasnoe_sladkoe_16_deb9b34e9f,massandra_kagor_gurzuf_saperavi_krasnoe_sladkoe_16_deb9b34e9f.webp,photo_exact,Кагор Гурзуф,Массандра,Красное,Тёмно-рубиновый,Крым
massandra-kagor-yuzhnoberezhnyy-saperavi-krasnoe-sladkoe-16,massandra_kagor_yuzhnoberezhnyy_saperavi_krasnoe_sladkoe_16_3299446389,massandra_kagor_yuzhnoberezhnyy_saperavi_krasnoe_sladkoe_16_3299446389.webp,photo_exact,Кагор Южнобережный,Массандра,Красное,"Тёмно-гранатовый, густой",Крым
dacha-serdyuka-kazache-krasnostop-zolotovskiy-krasnoe-suhoe-135,dacha_serdyuka_kazache_krasnostop_zolotovskiy_krasnoe_suhoe_135_4d9bef956f,dacha_serdyuka_kazache_krasnostop_zolotovskiy_krasnoe_suhoe_135_4d9bef956f.webp,photo_exact,Казачье,Дача Сердюка,Красное,Насыщенный фиолетово-вишневый,Долина Дона
le-k2-kamenolomnya-sira-krasnoe-suhoe-145,le_k2_kamenolomnya_sira_krasnoe_suhoe_145_36f41af0e8,le_k2_kamenolomnya_sira_krasnoe_suhoe_145_36f41af0e8.webp,photo_exact,Каменоломня,Le K2,Красное,Тёмно-фиолетовый,Крым
bakla-vines-kangun-beloe-suhoe-12,bakla_vines_kangun_beloe_suhoe_12_6f20bb8dda,bakla_vines_kangun_beloe_suhoe_12_6f20bb8dda.webp,photo_exact,Кангун,Bakla Vines,Белое,Светло-соломенный с золотистым оттенком,Крым
bakla-vines-kangun-ps-beloe-suhoe-128,bakla_vines_kangun_ps_beloe_suhoe_128_213dcbb9eb,bakla_vines_kangun_ps_beloe_suhoe_128_213dcbb9eb.webp,photo_exact,Кангун P.S.,Bakla Vines,Белое,Светло-соломенный,Крым
bakla-vines-kangun-oranzh-beloe-suhoe-119,bakla_vines_kangun_oranzh_beloe_suhoe_119_f52f04331a,bakla_vines_kangun_oranzh_beloe_suhoe_119_f52f04331a.webp,photo_exact,Кангун Оранж,Bakla Vines,Белое,Янтарно-золотой,Крым
soyuz-vino-kanonicheskie-traditsii-krasnoe-polusladkoe-kaberne-sovinon-115,soyuz_vino_kanonicheskie_traditsii_krasnoe_polusladkoe_kaberne_sovinon_115_e1f1bb8027,soyuz_vino_kanonicheskie_traditsii_krasnoe_polusladkoe_kaberne_sovinon_115_e1f1bb8027.webp,photo_exact,Канонические Традиции Красное Полусладкое,Союз-Вино,Красное,Вино глубокого рубиново-красного цвета.,Кубань
soyuz-vino-kanonicheskie-traditsii-krasnoe-sladkoe-kaberne-sovinon-115,soyuz_vino_kanonicheskie_traditsii_krasnoe_sladkoe_kaberne_sovinon_115_7b60103360,soyuz_vino_kanonicheskie_traditsii_krasnoe_sladkoe_kaberne_sovinon_115_7b60103360.webp,photo_exact,Канонические Традиции Красное Сладкое,Союз-Вино,Красное,У вина глубокий красно-рубиновый цвет.,Кубань
shato-ay-danil-kapriz-muskat-belyy-beloe-suhoe-135,shato_ay_danil_kapriz_muskat_belyy_beloe_suhoe_135_13f73381b3,shato_ay_danil_kapriz_muskat_belyy_beloe_suhoe_135_13f73381b3.webp,photo_exact,Каприз,Шато Ай-Даниль,Белое,Вино бледно-лимонного цвета.,Крым
vinodelnya-zhakov-karbon-saperavi-krasnoe-suhoe-126,vinodelnya_zhakov_karbon_saperavi_krasnoe_suhoe_126_7c676ef0b4,vinodelnya_zhakov_karbon_saperavi_krasnoe_suhoe_126_7c676ef0b4.webp,photo_exact,Карбон,Винодельня Жаков,Красное,Рубиново-пурпурный,Крым
soyuz-vino-kartuli-supris-saperavi-krasnoe-polusladkoe-11,soyuz_vino_kartuli_supris_saperavi_krasnoe_polusladkoe_11_5d8bde93a1,soyuz_vino_kartuli_supris_saperavi_krasnoe_polusladkoe_11_5d8bde93a1.webp,photo_exact,Картули Суприс Саперави,Союз-Вино,Красное,Вино темно-красного цвета с фиолетовыми отблесками.,Кубань
soyuz-vino-kartuli-supris-saperavi-suhoe-krasnoe-11,soyuz_vino_kartuli_supris_saperavi_suhoe_krasnoe_11_4731a34d41,soyuz_vino_kartuli_supris_saperavi_suhoe_krasnoe_11_4731a34d41.webp,photo_exact,Картули Суприс Саперави Сухое,Союз-Вино,Красное,Вино имеет темный пурпурно-красный цвет.,Кубань
soyuz-vino-kartuli-supris-shereuli-saperavi-krasnoe-polusladkoe-11,soyuz_vino_kartuli_supris_shereuli_saperavi_krasnoe_polusladkoe_11_e1946c394e,soyuz_vino_kartuli_supris_shereuli_saperavi_krasnoe_polusladkoe_11_e1946c394e.webp,photo_exact,Картули Суприс Шереули,Союз-Вино,Красное,У вина глубокий рубиново-красный цвет.,Кубань
valeriy-zaharin-kefesiya-valeriy-zaharin-krasnoe-suhoe-12,valeriy_zaharin_kefesiya_valeriy_zaharin_krasnoe_suhoe_12_8233409122,valeriy_zaharin_kefesiya_valeriy_zaharin_krasnoe_suhoe_12_8233409122.webp,photo_exact,Кефесия. Валерий Захарьин,Валерий Захарьин,Красное,Рубиново-красный,Крым
vinodelnya-konstantina-dzitoeva-kion-kaberne-sovinon-krasnoe-suhoe-145,vinodelnya_konstantina_dzitoeva_kion_kaberne_sovinon_krasnoe_suhoe_vyderzhannoe_145_0463d6f222,vinodelnya_konstantina_dzitoeva_kion_kaberne_sovinon_krasnoe_suhoe_vyderzhannoe_145_0463d6f222.webp,photo_exact,Кион,Винодельня Константина Дзитоева,Красное,Рубиновый цвет с вишневым оттенком и малиновыми отблесками.,Северная Осетия — Алания
vinodelnya-batrak-klaret-podarok-magaracha-rozovoe-suhoe-12,vinodelnya_batrak_klaret_podarok_magaracha_rozovoe_suhoe_12_796e43f7cb,vinodelnya_batrak_klaret_podarok_magaracha_rozovoe_suhoe_12_796e43f7cb.webp,photo_exact,Кларет,Винодельня Батрак,Розовое,Насыщенный клубнично-розовый,Ставрополье
bogovich-wine-vineyard-klaret-pino-nuar-krasnoe-suhoe-119,bogovich_wine_vineyard_klaret_pino_nuar_krasnoe_suhoe_119_77d8d4b842,bogovich_wine_vineyard_klaret_pino_nuar_krasnoe_suhoe_119_77d8d4b842.webp,photo_exact,Кларет,Bogovich Wine & Vineyard,Красное,Вино полупрозрачного бледно-рубинового цвета.,Крым
bogovich-wine-vineyard-klassika-pino-nuar-krasnoe-suhoe-125,bogovich_wine_vineyard_klassika_pino_nuar_krasnoe_suhoe_125_5e73a1cf19,bogovich_wine_vineyard_klassika_pino_nuar_krasnoe_suhoe_125_5e73a1cf19.webp,photo_exact,Классика. Пино Нуар,Bogovich Wine & Vineyard,Красное,Прозрачный красно-рубиновый цвет с ярким блеском.,Крым
chateau-de-talu-klere-sira-rozovoe-suhoe-136,chateau_de_talu_klere_sira_rozovoe_suhoe_136_2bf038e641,chateau_de_talu_klere_sira_rozovoe_suhoe_136_2bf038e641.webp,photo_exact,Клере,Chateau de Talu,Розовое,"Темно-розовый, с блестящими бликами.",Кубань
koktebel-casa-belyj-kupazh,ZMV_Koktebel_Kaza_belyj_kupazh_251c6cd270,ZMV_Koktebel_Kaza_belyj_kupazh_251c6cd270.webp,photo_exact,Коктебель Casa белый купаж,ЗМВ Коктебель,Белое,Светло-соломенный,Крым
yaiyla-winery-kokur-kokur-belyy-beloe-suhoe-13,yaiyla_winery_kokur_kokur_belyy_beloe_suhoe_13_091ad93a22,yaiyla_winery_kokur_kokur_belyy_beloe_suhoe_13_091ad93a22.webp,photo_exact,Кокур,Yaiyla Winery,Белое,Вино бледно-лимонного цвета.,Крым
winepark-kokur-kokur-belyy-beloe-suhoe-13,winepark_kokur_kokur_belyy_beloe_suhoe_13_4a6a6767d9,winepark_kokur_kokur_belyy_beloe_suhoe_13_4a6a6767d9.webp,photo_exact,Кокур,WINEPARK,Белое,Вино бледно-лимонного цвета.,Крым
dva-serdtsa-kokur-beloe-suhoe-125,dva_serdtsa_kokur_beloe_suhoe_125_2a62b6715b,dva_serdtsa_kokur_beloe_suhoe_125_2a62b6715b.webp,photo_exact,Кокур,Два Сердца,Белое,Светло-золотистый,Крым
belbek-kokur-kokur-belyy-beloe-suhoe-13,belbek_kokur_kokur_belyy_beloe_suhoe_13_ac497b5531,belbek_kokur_kokur_belyy_beloe_suhoe_13_ac497b5531.webp,photo_exact,Кокур,Бельбек,Белое,Светло-золотистый,Крым
twopeters_kokur,product_5_a2d5dbddf8,product_5_a2d5dbddf8.webp,photo_exact,Кокур,Два Петра,Красное,Желто-соломенный,Крым
uppa-winery-kokur-kokur-belyy-beloe-suhoe-12,uppa_winery_kokur_kokur_belyy_beloe_suhoe_12_62428d68b3,uppa_winery_kokur_kokur_belyy_beloe_suhoe_12_62428d68b3.webp,photo_exact,Кокур,Uppa Winery,Белое,Вино светло-соломенного цвета с золотыми бликами.,Крым
alma-valley-kokur-beloe-suhoe-14,alma_valley_kokur_beloe_suhoe_14_b8bafe9cd7,alma_valley_kokur_beloe_suhoe_14_b8bafe9cd7.webp,photo_exact,Кокур,Alma Valley,Белое,Светло-золотистый,Крым
vinnyy-fort-adagum-kokur-belyy-beloe-suhoe-12,vinnyy_fort_adagum_kokur_belyy_beloe_suhoe_12_70d7924326,vinnyy_fort_adagum_kokur_belyy_beloe_suhoe_12_70d7924326.webp,photo_exact,Кокур белый,Винный форт Адагум,Белое,"Бледно-золотой, соломенный с яркими бликами",Кубань
inkermanskiy-zmv-kokur-belyy-ekstra-bryut-beloe-135,inkermanskiy_zmv_kokur_belyy_ekstra_bryut_igristoe_ekstra_bryut_beloe_135_742967a765,inkermanskiy_zmv_kokur_belyy_ekstra_bryut_igristoe_ekstra_bryut_beloe_135_742967a765.webp,photo_exact,Кокур Белый экстра брют,Инкерманский ЗМВ,Белое,Бледно-соломенный цвет с хорошим блеском.,Крым
zmv-koktebel-kokur-bryut-beloe-11,zmv_koktebel_kokur_bryut_beloe_11_b59c6723b7,zmv_koktebel_kokur_bryut_beloe_11_b59c6723b7.webp,photo_exact,Кокур брют,ЗМВ Коктебель,Белое,Соломенно-золотистый,Крым
massandra-kokur-desertnyy-surozh-beloe-sladkoe-16,massandra_kokur_desertnyy_surozh_beloe_sladkoe_16_ffabb4dfbc,massandra_kokur_desertnyy_surozh_beloe_sladkoe_16_ffabb4dfbc.webp,photo_exact,Кокур десертный Сурож,Массандра,Белое,Янтарно-золотистый с лёгким зеленоватым оттенком,Крым
valeriy-zaharin-kokur-klassika-kokur-belyy-beloe-bryut-115,valeriy_zaharin_kokur_klassika_kokur_belyy_igristoe_bryut_beloe_115_4d15edacbd,valeriy_zaharin_kokur_klassika_kokur_belyy_igristoe_bryut_beloe_115_4d15edacbd.webp,photo_exact,Кокур Классика,Валерий Захарьин,Белое,Золотисто-соломенный,Крым
perovskih_kokur_orange,Kokur_oranzh_7818d586b6,Kokur_oranzh_7818d586b6.webp,photo_exact,Кокур Оранж,Усадьба Перовских,Белое,Вино красивого янтарно-золотистого оттенка.,Крым
valeriy-zaharin-kokur-valeriy-zaharin-kokur-belyy-beloe-polusladkoe-125,valeriy_zaharin_kokur_valeriy_zaharin_kokur_belyy_beloe_polusladkoe_125_f1a78bab87,valeriy_zaharin_kokur_valeriy_zaharin_kokur_belyy_beloe_polusladkoe_125_f1a78bab87.webp,photo_exact,Кокур. Валерий Захарьин,Валерий Захарьин,Белое,Светло-соломенный,Крым
vinodelnya-zhakov-kokurkod-beloe-suhoe-118,vinodelnya_zhakov_kokurkod_beloe_suhoe_118_f912412bcd,vinodelnya_zhakov_kokurkod_beloe_suhoe_118_f912412bcd.webp,photo_exact,Кокуркод,Винодельня Жаков,Белое,Золотистый,Крым
koldun-beloe-suhoe,Koldun_belyj_cb86264c80,Koldun_belyj_cb86264c80.webp,photo_exact,Колдун белое сухое,Шато Пино,Белое,Светло-соломенный,Кубань
shato-pino-koldun-belyy-shardone-beloe-suhoe-12,shato_pino_belyy_shardone_beloe_suhoe_12_18f04d3075,shato_pino_belyy_shardone_beloe_suhoe_12_18f04d3075.webp,photo_exact,Колдун Белый,Шато Пино,Белое,Светло-соломенный,Кубань
shato-pino-koldun-krasnyy-merlo-krasnoe-suhoe-14,shato_pino_krasnyy_merlo_krasnoe_suhoe_14_1ed5081328,shato_pino_krasnyy_merlo_krasnoe_suhoe_14_1ed5081328.webp,photo_exact,Колдун Красный,Шато Пино,Красное,Темно-рубиновый,Кубань
shato-pino-koldun-rezerv-kaberne-sovinon-krasnoe-suhoe-14,shato_pino_krasnyy_rezerv_kaberne_sovinon_krasnoe_suhoe_14_7415f9a41b,shato_pino_krasnyy_rezerv_kaberne_sovinon_krasnoe_suhoe_14_7415f9a41b.webp,photo_exact,Колдун Резерв,Шато Пино,Красное,Темно-рубиновый,Кубань
vinodelnya-krinitsa-kollin-sira-krasnoe-suhoe-13,vinodelnya_krinitsa_kollin_sira_krasnoe_suhoe_13_0578a4fafe,vinodelnya_krinitsa_kollin_sira_krasnoe_suhoe_13_0578a4fafe.webp,photo_exact,Коллин,Криница,Красное,Насыщенный пурпурный,Кубань
alma-valley-kolombar-beloe-polusuhoe-135,alma_valley_kolombar_beloe_polusuhoe_135_c5b227e252,alma_valley_kolombar_beloe_polusuhoe_135_c5b227e252.webp,photo_exact,Коломбар,Alma Valley,Белое,Светло-соломенный,Крым
soyuz-vino-konfessa-pino-gridzhio-beloe-polusladkoe-11,soyuz_vino_konfessa_pino_gridzhio_beloe_polusladkoe_11_d51fdece6f,soyuz_vino_konfessa_pino_gridzhio_beloe_polusladkoe_11_d51fdece6f.webp,photo_exact,Конфесса Пино Гриджио,Союз-Вино,Белое,Вино привлекает светло-золотистым цветом.,Кубань
soyuz-vino-konfessa-sandzhoveze-krasnoe-suhoe-11,soyuz_vino_konfessa_sandzhoveze_krasnoe_suhoe_11_c05cac50db,soyuz_vino_konfessa_sandzhoveze_krasnoe_suhoe_11_c05cac50db.webp,photo_exact,Конфесса Санджовезе,Союз-Вино,Красное,У вина глубокий красно-рубиновый цвет.,Кубань
soyuz-vino-konfessa-sandzhoveze-polusladkoe-krasnoe-11,soyuz_vino_konfessa_sandzhoveze_polusladkoe_krasnoe_11_a47a602f57,soyuz_vino_konfessa_sandzhoveze_polusladkoe_krasnoe_11_a47a602f57.webp,photo_exact,Конфесса Санджовезе Полусладкое,Союз-Вино,Красное,Имеет глубокий красно-рубиновый цвет.,Кубань
sober-bash-korvina-krasnostop-zolotovskiy-krasnoe-suhoe-14,sober_bash_korvina_krasnostop_zolotovskiy_krasnoe_suhoe_14_bf19f3161d,sober_bash_korvina_krasnostop_zolotovskiy_krasnoe_suhoe_14_bf19f3161d.webp,photo_exact,Корвина,Собер Баш,Красное,Рубиновый,Кубань
vinodelnya-uzunov-krasa-kaberne-sovinon-krasnoe-suhoe-125,vinodelnya_uzunov_krasa_kaberne_sovinon_krasnoe_suhoe_125_15d22e77ca,vinodelnya_uzunov_krasa_kaberne_sovinon_krasnoe_suhoe_125_15d22e77ca.webp,photo_exact,Краса,Винодельня Узунов,Красное,"Светлый, прозрачный рубиново-розовый цвет.",Кубань
sober-bash-krasnostop-krasnostop-zolotovskiy-krasnoe-suhoe-14,sober_bash_krasnostop_krasnostop_zolotovskiy_krasnoe_suhoe_14_061d6f8d46,sober_bash_krasnostop_krasnostop_zolotovskiy_krasnoe_suhoe_14_061d6f8d46.webp,photo_exact,Красностоп,Собер Баш,Красное,Рубиновый,Кубань
nesterov-winery-krasnostop-rubin-klere-krasnostop-zolotovskiy-rozovoe-suhoe-11,nesterov_winery_krasnostop_rubin_klere_krasnostop_zolotovskiy_rozovoe_suhoe_11_ea3affe402,nesterov_winery_krasnostop_rubin_klere_krasnostop_zolotovskiy_rozovoe_suhoe_11_ea3affe402.webp,photo_exact,Красностоп - Рубин клэрэ,Nesterov Winery,Розовое,Насыщенный малиновый,Кубань
sober-bash-krasnostop-amfora-krasnostop-zolotovskiy-krasnoe-suhoe-13,sober_bash_krasnostop_amfora_krasnostop_zolotovskiy_krasnoe_suhoe_13_221a756dbb,sober_bash_krasnostop_amfora_krasnostop_zolotovskiy_krasnoe_suhoe_13_221a756dbb.webp,photo_exact,Красностоп Амфора,Собер Баш,Красное,Рубиновый,Кубань
kuban-vino-krasnostop-de-tamane-krasnostop-anapskiy-krasnoe-suhoe-13,kuban_vino_krasnostop_de_tamane_krasnostop_anapskiy_krasnoe_suhoe_13_84762b109b,kuban_vino_krasnostop_de_tamane_krasnostop_anapskiy_krasnoe_suhoe_13_84762b109b.webp,photo_exact,Красностоп де Тамань,Кубань-Вино,Красное,Вино темно-рубинового цвета с гранатовым оттенком.,Кубань
vinodelnya-vedernikov-krasnostop-zolotovskiy-krasnoe-suhoe-13,vinodelnya_vedernikov_krasnostop_zolotovskiy_krasnoe_suhoe_13_a05fcccc58,vinodelnya_vedernikov_krasnostop_zolotovskiy_krasnoe_suhoe_13_a05fcccc58.webp,photo_exact,Красностоп Золотовский,Ведерниковъ,Красное,Рубиново-красный,Долина Дона
vinodelnya-molchanova-krasnostop-zolotovskiy-krasnoe-suhoe-13,vinodelnya_molchanova_krasnostop_zolotovskiy_krasnoe_suhoe_13_4f38b50b32,vinodelnya_molchanova_krasnostop_zolotovskiy_krasnoe_suhoe_13_4f38b50b32.webp,photo_exact,Красностоп Золотовский,Винодельня Молчанова,Красное,Вино непрозрачного насыщенного гранатового цвета.,Долина Дона
vinodelnya-marchenko-krasnostop-zolotovskiy-krasnoe-suhoe-14,vinodelnya_marchenko_krasnostop_zolotovskiy_krasnoe_suhoe_14_e218e5ada4,vinodelnya_marchenko_krasnostop_zolotovskiy_krasnoe_suhoe_14_e218e5ada4.webp,photo_exact,Красностоп Золотовский,Винодельня Марченко,Красное,Темно-рубиновый с гранатовыми отблесками,Кубань
vinodelnya-molchanova-krasnostop-zolotovskiy-krasnoe-suhoe-135,vinodelnya_molchanova_krasnostop_zolotovskiy_krasnoe_suhoe_135_0abfc57924,vinodelnya_molchanova_krasnostop_zolotovskiy_krasnoe_suhoe_135_0abfc57924.webp,photo_exact,Красностоп Золотовский,Винодельня Молчанова,Красное,Насыщенный гранатовый,Долина Дона
krasnostop-zolotovskij,Krasnostop_876941a1ad,Krasnostop_876941a1ad.webp,photo_exact,Красностоп Золотовский,Галицкий и Галицкий,Красное,Глубокий рубиновый,Кубань
nesterov-winery-krasnostop-zolotovskiy-krasnoe-suhoe-12,nesterov_winery_krasnostop_zolotovskiy_krasnoe_suhoe_12_6036ce85a5,nesterov_winery_krasnostop_zolotovskiy_krasnoe_suhoe_12_6036ce85a5.webp,photo_exact,Красностоп Золотовский,Nesterov Winery,Красное,Темно-гранатовый,Кубань
vinodelnya-vedernikov-krasnostop-zolotovskiy-rezerv-krasnoe-suhoe-15,vinodelnya_vedernikov_krasnostop_zolotovskiy_rezerv_krasnoe_suhoe_15_d809aa8af8,vinodelnya_vedernikov_krasnostop_zolotovskiy_rezerv_krasnoe_suhoe_15_d809aa8af8.webp,photo_exact,Красностоп Золотовский Резерв,Ведерниковъ,Красное,Рубиновый,Долина Дона
vinodelnya-vedernikov-krasnostop-zolotovskiy-roze-rozovoe-suhoe-12,vinodelnya_vedernikov_krasnostop_zolotovskiy_roze_rozovoe_suhoe_12_eb54b43c4b,vinodelnya_vedernikov_krasnostop_zolotovskiy_roze_rozovoe_suhoe_12_eb54b43c4b.webp,photo_exact,Красностоп Золотовский розе,Ведерниковъ,Розовое,Розовый,Долина Дона
imenie-sikory-krasnostop-zolotovskiy-na-terrasah-rozovoe-suhoe-13,imenie_sikory_krasnostop_zolotovskiy_na_terrasah_rozovoe_suhoe_13_fd7deda788,imenie_sikory_krasnostop_zolotovskiy_na_terrasah_rozovoe_suhoe_13_fd7deda788.webp,photo_exact,Красностоп Золотовский. На террасах,Имение Сикоры,Розовое,Ярко-розовый,Кубань
imenie-sikory-krasnostop-zolotovskiy-na-terrasah-krasnoe-suhoe-14,imenie_sikory_krasnostop_zolotovskiy_na_terrasah_krasnoe_suhoe_14_93b75eb2a0,imenie_sikory_krasnostop_zolotovskiy_na_terrasah_krasnoe_suhoe_14_93b75eb2a0.webp,photo_exact,Красностоп Золотовский. На террасах,Имение Сикоры,Красное,Рубиновый,Кубань
imenie-sikory-krasnostop-zolotovskiy-pozdniy-sbor-rozovoe-sladkoe-13,imenie_sikory_krasnostop_zolotovskiy_pozdniy_sbor_rozovoe_sladkoe_13_305f6270ac,imenie_sikory_krasnostop_zolotovskiy_pozdniy_sbor_rozovoe_sladkoe_13_305f6270ac.webp,photo_exact,Красностоп Золотовский. Поздний сбор,Имение Сикоры,Розовое,Ярко-розовый,Кубань
chateau-de-talu-krasnostop-rezerv-krasnostop-anapskiy-krasnoe-suhoe-137,chateau_de_talu_krasnostop_rezerv_krasnostop_anapskiy_krasnoe_suhoe_137_bcb15093c2,chateau_de_talu_krasnostop_rezerv_krasnostop_anapskiy_krasnoe_suhoe_137_bcb15093c2.webp,photo_exact,Красностоп Резерв,Chateau de Talu,Красное,"Насыщенно-рубиновый, с интенсивными фиолетовыми бликами.",Кубань
chateau-le-grand-vostock-krasnostop-rezerv-krasnoe-suhoe-145,chateau_le_grand_vostock_krasnostop_rezerv_krasnoe_suhoe_vyderzhannoe_145_a04e866765,chateau_le_grand_vostock_krasnostop_rezerv_krasnoe_suhoe_vyderzhannoe_145_a04e866765.webp,photo_exact,Красностоп Резерв,Château Le Grand Vostock,Красное,Интенсивный темно-рубиновый цвет с фиолетовыми оттенками.,Кубань
domaine-de-la-vivandiere-krasnostop-roze-rozovoe-suhoe-134,domaine_de_la_vivandiere_krasnostop_roze_rozovoe_suhoe_134_065e0d758d,domaine_de_la_vivandiere_krasnostop_roze_rozovoe_suhoe_134_065e0d758d.webp,photo_exact,Красностоп розе,Domaine de la Vivandiere,Розовое,"Насыщенный, почти рубиновый красный",Крым
gunko-winery-krasnye-gliny-kaberne-fran-krasnoe-suhoe-14,gunko_winery_krasnye_gliny_kaberne_fran_krasnoe_suhoe_14_8b48e4bcbe,gunko_winery_krasnye_gliny_kaberne_fran_krasnoe_suhoe_14_8b48e4bcbe.webp,photo_exact,Красные Глины,Gunko Winery,Красное,Темный красно-бордовый,Кубань
cloudy-winery-krash-cabernet-sauvignon-kaberne-sovinon-krasnoe-suhoe-14,cloudy_winery_krash_cabernet_sauvignon_kaberne_sovinon_krasnoe_suhoe_14_7de40e47b0,cloudy_winery_krash_cabernet_sauvignon_kaberne_sovinon_krasnoe_suhoe_14_7de40e47b0.webp,photo_exact,Краш. Cabernet Sauvignon,Cloudy Winery,Красное,Рубиново-бордовый,Кубань
cloudy-winery-krash-super-bryut-shardone-beloe-ekstra-bryut-85,cloudy_winery_krash_super_bryut_shardone_beloe_ekstra_bryut_85_82cb8d2e04,cloudy_winery_krash_super_bryut_shardone_beloe_ekstra_bryut_85_82cb8d2e04.webp,photo_exact,Краш. Супер Брют,Cloudy Winery,Белое,Светло-соломенный,Кубань
tsimlyanskie-vina-krepost-sarkel-krasnostop-zolotovskiy-krasnoe-suhoe-145,tsimlyanskie_vina_krepost_sarkel_krasnostop_zolotovskiy_krasnoe_suhoe_vyderzhannoe_145_d399c42b0b,tsimlyanskie_vina_krepost_sarkel_krasnostop_zolotovskiy_krasnoe_suhoe_vyderzhannoe_145_d399c42b0b.webp,photo_exact,Крепость Саркел. Красностоп Золотовский,Цимлянские вина,Красное,Глубокий рубиновый цвет с гранатовыми отблесками.,Долина Дона
soyuz-vino-kubanskoe-traditsionnoe-beloe-polusladkoe-belye-sorta-vinograda-11,soyuz_vino_kubanskoe_traditsionnoe_beloe_polusladkoe_belye_sorta_vinograda_11_da04d4179e,soyuz_vino_kubanskoe_traditsionnoe_beloe_polusladkoe_belye_sorta_vinograda_11_da04d4179e.webp,photo_exact,Кубанское Традиционное Белое Полусладкое,Союз-Вино,Белое,Вино золотисто-соломенного цвета с ярким блеском.,Кубань
soyuz-vino-kubanskoe-traditsionnoe-beloe-polusladkoe-07-belye-sorta-vinograda-11,soyuz_vino_kubanskoe_traditsionnoe_beloe_polusladkoe_07_belye_sorta_vinograda_11_Photoroom_145fe6b33e,soyuz_vino_kubanskoe_traditsionnoe_beloe_polusladkoe_07_belye_sorta_vinograda_11_Photoroom_145fe6b33e.webp,photo_exact,Кубанское Традиционное Белое Полусладкое 0.7,Союз-Вино,Белое,Вино золотисто-соломенного цвета с ярким блеском.,Кубань
soyuz-vino-kubanskoe-traditsionnoe-beloe-suhoe-belye-sorta-vinograda-11,soyuz_vino_kubanskoe_traditsionnoe_beloe_suhoe_belye_sorta_vinograda_11_d20fbcfd38,soyuz_vino_kubanskoe_traditsionnoe_beloe_suhoe_belye_sorta_vinograda_11_d20fbcfd38.webp,photo_exact,Кубанское Традиционное Белое Сухое,Союз-Вино,Белое,Вино светло-соломенного цвета с зеленоватым оттенком.,Кубань
soyuz-vino-kubanskoe-traditsionnoe-beloe-suhoe-07-belye-sorta-vinograda-11,soyuz_vino_kubanskoe_traditsionnoe_beloe_suhoe_07_belye_sorta_vinograda_11_0f473b186a,soyuz_vino_kubanskoe_traditsionnoe_beloe_suhoe_07_belye_sorta_vinograda_11_0f473b186a.webp,photo_exact,Кубанское Традиционное Белое Сухое 0.7,Союз-Вино,Белое,Вино светло-соломенного цвета с зеленоватым оттенком.,Кубань
soyuz-vino-kubanskoe-traditsionnoe-krasnoe-polusladkoe-krasnye-sorta-vinograda-11,soyuz_vino_kubanskoe_traditsionnoe_krasnoe_polusladkoe_krasnye_sorta_vinograda_11_2dbb69f817,soyuz_vino_kubanskoe_traditsionnoe_krasnoe_polusladkoe_krasnye_sorta_vinograda_11_2dbb69f817.webp,photo_exact,Кубанское Традиционное Красное Полусладкое,Союз-Вино,Красное,Вино рубинового цвета с глубоким красным блеском.,Кубань
soyuz-vino-kubanskoe-traditsionnoe-krasnoe-polusladkoe-07-krasnye-sorta-vinograda-11,soyuz_vino_kubanskoe_traditsionnoe_krasnoe_polusladkoe_07_krasnye_sorta_vinograda_11_10045d3003,soyuz_vino_kubanskoe_traditsionnoe_krasnoe_polusladkoe_07_krasnye_sorta_vinograda_11_10045d3003.webp,photo_exact,Кубанское Традиционное Красное Полусладкое 0.7,Союз-Вино,Красное,Вино рубинового цвета с глубоким красным блеском.,Кубань
soyuz-vino-kubanskoe-traditsionnoe-krasnoe-suhoe-krasnye-sorta-vinograda-11,soyuz_vino_kubanskoe_traditsionnoe_krasnoe_suhoe_krasnye_sorta_vinograda_11_7a255cc56d,soyuz_vino_kubanskoe_traditsionnoe_krasnoe_suhoe_krasnye_sorta_vinograda_11_7a255cc56d.webp,photo_exact,Кубанское Традиционное Красное Сухое,Союз-Вино,Красное,Вино рубинового цвета с фиолетовым оттенком.,Кубань
soyuz-vino-kubanskoe-traditsionnoe-krasnoe-suhoe-07-krasnye-sorta-vinograda-11,soyuz_vino_kubanskoe_traditsionnoe_krasnoe_suhoe_07_krasnye_sorta_vinograda_11_Photoroom_819d8f5468,soyuz_vino_kubanskoe_traditsionnoe_krasnoe_suhoe_07_krasnye_sorta_vinograda_11_Photoroom_819d8f5468.webp,photo_exact,Кубанское Традиционное Красное Сухое 0.7,Союз-Вино,Красное,Вино рубинового цвета с фиолетовым оттенком.,Кубань
sober-bash-kumshatskiy-kumshatskiy-belyy-beloe-suhoe-11,sober_bash_kumshatskiy_kumshatskiy_belyy_beloe_suhoe_11_d67e1de2a8,sober_bash_kumshatskiy_kumshatskiy_belyy_beloe_suhoe_11_d67e1de2a8.webp,photo_exact,Кумшацкий,Собер Баш,Белое,Светло-соломенный с зеленоватыми бликами,Кубань
chateau-de-talu-kupazh-132-kaberne-sovinon-krasnoe-suhoe-146,chateau_de_talu_kupazh_132_kaberne_sovinon_krasnoe_suhoe_146_d0f33c3c98,chateau_de_talu_kupazh_132_kaberne_sovinon_krasnoe_suhoe_146_d0f33c3c98.webp,photo_exact,Купаж 132,Chateau de Talu,Красное,Темно-вишневый с рубиновым оттенком,Кубань
loco-cimbali-kuprin-bastardo-magarachskiy-krasnoe-suhoe-138,loco_cimbali_kuprin_bastardo_magarachskiy_krasnoe_suhoe_138_8c28259c57,loco_cimbali_kuprin_bastardo_magarachskiy_krasnoe_suhoe_138_8c28259c57.webp,photo_exact,Куприн,Loco Cimbali,Красное,Темно-рубиновый,Крым
winepark-kuchuk-isar-kaberne-sovinon-krasnoe-suhoe-135,winepark_kuchuk_isar_kaberne_sovinon_krasnoe_suhoe_135_2932a37da0,winepark_kuchuk_isar_kaberne_sovinon_krasnoe_suhoe_135_2932a37da0.webp,photo_exact,Кучук-Исар,WINEPARK,Красное,Глубокий рубиновый цвет с сочными фиолетовыми отблесками.,Крым
cock-test-belle-kyuve-1-blanc-de-blancs-shardone-beloe-ekstra-bryut-12,cock_test_belle_kyuve_1_blanc_de_blancs_shardone_igristoe_ekstra_bryut_beloe_12_ca089c6b08,cock_test_belle_kyuve_1_blanc_de_blancs_shardone_igristoe_ekstra_bryut_beloe_12_ca089c6b08.webp,photo_exact,Кюве №1. Blanc de Blancs,Cock t'est belle,Белое,Светло-соломенный с зеленоватым оттенком,Крым
cock-test-belle-kyuve-2-blan-de-nuar-pino-mene-beloe-ekstra-bryut-12,cock_test_belle_kyuve_2_blan_de_nuar_pino_mene_igristoe_ekstra_bryut_beloe_12_8d6ef280c1,cock_test_belle_kyuve_2_blan_de_nuar_pino_mene_igristoe_ekstra_bryut_beloe_12_8d6ef280c1.webp,photo_exact,Кюве №2 Блан Де Нуар,Cock t'est belle,Белое,Бледно-соломенный,Крым
cock-test-belle-kyuve-5-roze-shardone-rozovoe-ekstra-bryut-12,cock_test_belle_kyuve_5_roze_shardone_igristoe_ekstra_bryut_rozovoe_12_98ac397fd8,cock_test_belle_kyuve_5_roze_shardone_igristoe_ekstra_bryut_rozovoe_12_98ac397fd8.webp,photo_exact,Кюве №5. Розе,Cock t'est belle,Розовое,Светло-розовый,Крым
usadba-markoth-kyuve-blan-shardone-beloe-suhoe-12,usadba_markoth_kyuve_blan_shardone_beloe_suhoe_12_ccae093133,usadba_markoth_kyuve_blan_shardone_beloe_suhoe_12_ccae093133.webp,photo_exact,Кюве Блан,Усадьба Маркотх,Белое,Вино бледно-лимонного цвета с зеленоватым отблеском.,Кубань
chateau-le-grand-vostock-kyuve-karsov-rezerv-shardone-beloe-suhoe-14,chateau_le_grand_vostock_kyuve_karsov_rezerv_shardone_beloe_suhoe_14_ff996271bf,chateau_le_grand_vostock_kyuve_karsov_rezerv_shardone_beloe_suhoe_14_ff996271bf.webp,photo_exact,Кюве Карсов Резерв,Château Le Grand Vostock,Белое,"Вино светло-желтого, чуть зеленоватого цвета.",Кубань
kyuve-czimlyanskij-chernyj-i-krasnostop-zolotoj,Czimlyanskoe_kyuve_krasnoe_krasnostop_i_czimlyanskij_chernyj_d1e86bb6b6,Czimlyanskoe_kyuve_krasnoe_krasnostop_i_czimlyanskij_chernyj_d1e86bb6b6.webp,photo_exact,Кюве Цимлянский черный и Красностоп золотовский,Цимлянские вина,Красное,Рубиново-красный,Долина Дона
soyuz-vino-lavetti-beloe-polusladkoe-belye-sorta-vinograda-11,soyuz_vino_lavetti_beloe_polusladkoe_belye_sorta_vinograda_11_0ebc53bd39,soyuz_vino_lavetti_beloe_polusladkoe_belye_sorta_vinograda_11_0ebc53bd39.webp,photo_exact,Лаветти Белое Полусладкое,Союз-Вино,Белое,Вино сверкающего золотисто-янтарного цвета.,Кубань
soyuz-vino-lavetti-beloe-suhoe-belye-sorta-vinograda-11,soyuz_vino_lavetti_beloe_suhoe_belye_sorta_vinograda_11_38d387c335,soyuz_vino_lavetti_beloe_suhoe_belye_sorta_vinograda_11_38d387c335.webp,photo_exact,Лаветти Белое Сухое,Союз-Вино,Белое,Вино богатого золотисто-соломенного цвета.,Кубань
soyuz-vino-lavetti-krasnoe-polusladkoe-krasnye-sorta-vinograda-11,soyuz_vino_lavetti_krasnoe_polusladkoe_krasnye_sorta_vinograda_11_6fdd024692,soyuz_vino_lavetti_krasnoe_polusladkoe_krasnye_sorta_vinograda_11_6fdd024692.webp,photo_exact,Лаветти Красное Полусладкое,Союз-Вино,Красное,Вино насыщенного красного цвета с фиолетовыми оттенками.,Кубань
soyuz-vino-lavetti-krasnoe-suhoe-krasnye-sorta-vinograda-11,soyuz_vino_lavetti_krasnoe_suhoe_krasnye_sorta_vinograda_11_b12fab732e,soyuz_vino_lavetti_krasnoe_suhoe_krasnye_sorta_vinograda_11_b12fab732e.webp,photo_exact,Лаветти Красное Сухое,Союз-Вино,Красное,Вино насыщенного красного цвета с фиолетовыми отливами.,Кубань
soyuz-vino-lavetti-rozovoe-polusladkoe-krasnye-sorta-vinograda-11,soyuz_vino_lavetti_rozovoe_polusladkoe_krasnye_sorta_vinograda_11_079294d0a5,soyuz_vino_lavetti_rozovoe_polusladkoe_krasnye_sorta_vinograda_11_079294d0a5.webp,photo_exact,Лаветти Розовое Полусладкое,Союз-Вино,Розовое,Вино насыщенного розового цвета с ярким клубничным оттенком.,Кубань
soyuz-vino-lak-dazyur-blan-moellyo-belye-sorta-vinograda-beloe-polusladkoe-11,soyuz_vino_lak_dazyur_blan_moellyo_belye_sorta_vinograda_beloe_polusladkoe_11_4eb7a57e26,soyuz_vino_lak_dazyur_blan_moellyo_belye_sorta_vinograda_beloe_polusladkoe_11_4eb7a57e26.webp,photo_exact,Лак д'Азюр Блан Моэллё,Союз-Вино,Белое,У вина светло-золотистый цвет.,Кубань
soyuz-vino-lak-dazyur-blan-sek-belye-sorta-vinograda-beloe-suhoe-11,soyuz_vino_lak_dazyur_blan_sek_belye_sorta_vinograda_beloe_suhoe_11_652ccd145e,soyuz_vino_lak_dazyur_blan_sek_belye_sorta_vinograda_beloe_suhoe_11_652ccd145e.webp,photo_exact,Лак д'Азюр Блан Сек,Союз-Вино,Белое,Вино бледно-соломенного цвета с зеленоватым оттенком.,Кубань
soyuz-vino-lak-dazyur-ruzh-moellyo-belye-sorta-vinograda-krasnoe-polusladkoe-11,soyuz_vino_lak_dazyur_ruzh_moellyo_belye_sorta_vinograda_krasnoe_polusladkoe_11_d78d680459,soyuz_vino_lak_dazyur_ruzh_moellyo_belye_sorta_vinograda_krasnoe_polusladkoe_11_d78d680459.webp,photo_exact,Лак д'Азюр Руж Моэллё,Союз-Вино,Красное,У вина насыщенный вишневый цвет с гранатовыми отблесками.,Кубань
soyuz-vino-lak-dazyur-ruzh-sek-krasnye-sorta-vinograda-krasnoe-suhoe-11,soyuz_vino_lak_dazyur_ruzh_sek_krasnye_sorta_vinograda_krasnoe_suhoe_11_55b71c558b,soyuz_vino_lak_dazyur_ruzh_sek_krasnye_sorta_vinograda_krasnoe_suhoe_11_55b71c558b.webp,photo_exact,Лак д'Азюр Руж Сек,Союз-Вино,Красное,Вино демонстрирует яркий гранатово-красный цвет.,Кубань
massandra-lakrima-kristi-aleatiko-krasnoe-sladkoe-16,massandra_lakrima_kristi_aleatiko_krasnoe_sladkoe_16_2a990c55e6,massandra_lakrima_kristi_aleatiko_krasnoe_sladkoe_16_2a990c55e6.webp,photo_exact,Лакрима Кристи,Массандра,Красное,"Тёмно-рубиновый, густой",Крым
lebedushka,image_04_08_26_12_58_1_5347234e15,image_04_08_26_12_58_1_5347234e15.webp,photo_exact,Лебедушка,Le K2,Белое,Светло-золотистый,Крым
gavras-levokumskiy-krasnoe-suhoe-12,gavras_levokumskiy_krasnoe_suhoe_12_48b24ef5e2,gavras_levokumskiy_krasnoe_suhoe_12_48b24ef5e2.webp,photo_exact,Левокумский,GAVRAS,Красное,Рубиновый,Крым
legato-legato-kaberne-fran-krasnoe-suhoe-14,legato_legato_kaberne_fran_krasnoe_suhoe_14_a59d99f1f0,legato_legato_kaberne_fran_krasnoe_suhoe_14_a59d99f1f0.webp,photo_exact,Легато Каберне Фран,LeGato,Красное,Темно-рубиновый,Кубань
legato-legato-merlo-krasnoe-suhoe-135,legato_legato_merlo_krasnoe_suhoe_135_24d962f194,legato_legato_merlo_krasnoe_suhoe_135_24d962f194.webp,photo_exact,Легато Мерло,LeGato,Красное,Темно-гранатовый,Кубань
legato-legato-pino-nuar-krasnoe-suhoe-135,legato_legato_pino_nuar_krasnoe_suhoe_135_569c4a919e,legato_legato_pino_nuar_krasnoe_suhoe_135_569c4a919e.webp,photo_exact,Легато Пино Нуар,LeGato,Красное,Рубиновый,Кубань
legato-legato-saperavi-krasnoe-suhoe-14,legato_legato_saperavi_krasnoe_suhoe_14_235a0f876d,legato_legato_saperavi_krasnoe_suhoe_14_235a0f876d.webp,photo_exact,Легато Саперави,LeGato,Красное,Темно-гранатовый,Кубань
legato-legato-sovinon-blan-beloe-suhoe-125,legato_legato_sovinon_blan_beloe_suhoe_125_2cbc37a644,legato_legato_sovinon_blan_beloe_suhoe_125_2cbc37a644.webp,photo_exact,Легато Совиньон Блан,LeGato,Белое,Соломенный,Кубань
legato-legato-shardone-beloe-suhoe-135,legato_legato_shardone_beloe_suhoe_135_5ef41c179f,legato_legato_shardone_beloe_suhoe_135_5ef41c179f.webp,photo_exact,Легато Шардоне,LeGato,Белое,Золотисто-соломенный,Кубань
fanagoriya-ledyanoe-vino-muskat-muskat-ottonel-beloe-sladkoe-11,fanagoriya_ledyanoe_vino_muskat_muskat_ottonel_beloe_sladkoe_11_b8c2ae7315,fanagoriya_ledyanoe_vino_muskat_muskat_ottonel_beloe_sladkoe_11_b8c2ae7315.webp,photo_exact,Ледяное вино. Мускат,Фанагория,Белое,Вино золотистого цвета с медовыми переливами.,Кубань
soyuz-vino-lenty-izabella-krymskaya-krasnoe-polusladkoe-11,soyuz_vino_lenty_izabella_krymskaya_krasnoe_polusladkoe_11_ed35a4d2c8,soyuz_vino_lenty_izabella_krymskaya_krasnoe_polusladkoe_11_ed35a4d2c8.webp,photo_exact,Ленты Изабелла Крымская,Союз-Вино,Красное,Вино глубокого пурпурно-рубинового цвета.,Крым
soyuz-vino-lenty-kaberne-krymskoe-kaberne-sovinon-krasnoe-polusladkoe-11,soyuz_vino_lenty_kaberne_krymskoe_kaberne_sovinon_krasnoe_polusladkoe_11_aaa52b009e,soyuz_vino_lenty_kaberne_krymskoe_kaberne_sovinon_krasnoe_polusladkoe_11_aaa52b009e.webp,photo_exact,Ленты Каберне Крымское,Союз-Вино,Красное,Вино глубокого красно-рубинового цвета.,Крым
soyuz-vino-lenty-shardone-krymskoe-beloe-polusladkoe-11,soyuz_vino_lenty_shardone_krymskoe_beloe_polusladkoe_11_2d98f1c227,soyuz_vino_lenty_shardone_krymskoe_beloe_polusladkoe_11_2d98f1c227.webp,photo_exact,Ленты Шардоне Крымское,Союз-Вино,Белое,Вино светло-соломенного цвета.,Крым
lesnaya-proseka,Screenshot_4_0408c34a16,Screenshot_4_0408c34a16.webp,photo_exact,Лесная просека,Кубань-Вино,Белое,Светло-золотистый,Кубань
lefkadiya-beloe,Levkadiya_beloe_1_6e34dfade1,Levkadiya_beloe_1_6e34dfade1.webp,photo_exact,Лефкадия Белое,Долина Лефкадия,Белое,Светло-золотистый,Кубань
lefkadiya-krasnoe,Levkadiya_krasnoe_1_bff42ff522,Levkadiya_krasnoe_1_bff42ff522.webp,photo_exact,Лефкадия Красное,Долина Лефкадия,Красное,Темно-рубиновый с вишневыми оттенками,Кубань
vinodelnya-zhakov-logovo-saperavi-krasnoe-suhoe-126,vinodelnya_zhakov_logovo_saperavi_krasnoe_suhoe_126_4ac26ab1e4,vinodelnya_zhakov_logovo_saperavi_krasnoe_suhoe_126_4ac26ab1e4.webp,photo_exact,Логово Саперави,Винодельня Жаков,Красное,Темно-рубиновый с фиолетовыми отблесками,Крым
lorio-bryut-belyj,Igristoe_Beloe_iz_Belogo_Shardone_no_bg_preview_bez_fona_a1bca7bfd8,Igristoe_Beloe_iz_Belogo_Shardone_no_bg_preview_bez_fona_a1bca7bfd8.webp,photo_exact,ЛОРИО. Брют белое игристое,ЛОРИО -  семейная винодельня Логуновых,Белое,Светло-соломенный ,Кубань
lorio-bryut-rozovoe-igristoe,Igristoe_Rozovoe_Pino_Nuar_bez_fona_0156c8af31,Igristoe_Rozovoe_Pino_Nuar_bez_fona_0156c8af31.webp,photo_exact,ЛОРИО. Брют розовое игристое,ЛОРИО -  семейная винодельня Логуновых,Розовое,Светло-розовый,Кубань
lorio-kaberne-sovinon,loriot_Kaberne_Sovinon_f3c3a66527,loriot_Kaberne_Sovinon_f3c3a66527.webp,photo_exact,ЛОРИО. Каберне Совиньон,ЛОРИО -  семейная винодельня Логуновых,Красное,Рубиново-красный,Кубань
lorio-kaberne-sovinon-i-pino-nuar,loriot_red_043b87285b,loriot_red_043b87285b.webp,photo_exact,ЛОРИО. Каберне Совиньон и Пино Нуар,ЛОРИО -  семейная винодельня Логуновых,Красное,Рубиново-красный,Кубань
lorio-pino-nuar,LORIO_PINO_NUAR_dca3c3d9cf,LORIO_PINO_NUAR_dca3c3d9cf.webp,photo_exact,ЛОРИО. Пино Нуар,ЛОРИО -  семейная винодельня Логуновых,Красное,Светло-рубиновый,Кубань
lorio-rozovoe,LORIO_ROZOVOE_9e1be3c909,LORIO_ROZOVOE_9e1be3c909.webp,photo_exact,ЛОРИО. Розовое,ЛОРИО -  семейная винодельня Логуновых,Розовое,Лососево-розовый,Кубань
lorio-sovinon-blan-2024,loriot_Sovinon_Blan_672ada0ef4,loriot_Sovinon_Blan_672ada0ef4.webp,photo_exact,ЛОРИО. Совиньон Блан 2024,ЛОРИО -  семейная винодельня Логуновых,Белое,Светло-соломенный ,Кубань
lorio-sovinon-blan-2025,Sovinon_Blan_LORIO_0723f6f81d,Sovinon_Blan_LORIO_0723f6f81d.webp,photo_exact,ЛОРИО. Совиньон Блан 2025,ЛОРИО -  семейная винодельня Логуновых,Белое,Светло-соломенный,Кубань
lorio-sovinon-blan-i-shardone-1,loriot_wight_daff22e4d6,loriot_wight_daff22e4d6.webp,photo_exact,ЛОРИО. Совиньон Блан и Шардоне,ЛОРИО -  семейная винодельня Логуновых,Белое,Светло-соломенный ,Кубань
lorio-shardone,loriot_shardone_38a9e28b03,loriot_shardone_38a9e28b03.webp,photo_exact,ЛОРИО. Шардоне,ЛОРИО -  семейная винодельня Логуновых,Белое,Светло-соломенный ,Кубань
zmv-koktebel-madera-albilo-beloe-sladkoe-19,zmv_koktebel_madera_albilo_beloe_sladkoe_19_5ce87b8df7,zmv_koktebel_madera_albilo_beloe_sladkoe_19_5ce87b8df7.webp,photo_exact,Мадера,ЗМВ Коктебель,Белое,Золотисто-янтарный,Крым
madera-krymskaya,Massandra_Madera_Krymskaya_42f85c120a,Massandra_Madera_Krymskaya_42f85c120a.webp,photo_exact,Мадера Крымская,Массандра,Белое,Золотистый,Крым
chateau-andre-mado-pino-nuar-rozovoe-suhoe-13,chateau_andre_mado_pino_nuar_rozovoe_suhoe_13_6412ac00e9,chateau_andre_mado_pino_nuar_rozovoe_suhoe_13_6412ac00e9.webp,photo_exact,Мадо,Chateau Andre,Розовое,Светло-розовый,Кубань
gunko-winery-malbek-krasnoe-suhoe-14,gunko_winery_malbek_krasnoe_suhoe_14_1944604a52,gunko_winery_malbek_krasnoe_suhoe_14_1944604a52.webp,photo_exact,Мальбек,Gunko Winery,Красное,Вино красивого рубинового цвета с фиолетовым отблеском.,Кубань
aromatnoe-malbek-rezerv-krasnoe-suhoe-125,aromatnoe_malbek_rezerv_krasnoe_suhoe_vyderzhannoe_125_d2e32af939,aromatnoe_malbek_rezerv_krasnoe_suhoe_vyderzhannoe_125_d2e32af939.webp,photo_exact,Мальбек резерв,Ароматное,Красное,"Цвет вина глубокий, пурпурный.",Крым
cellar-master-malvaziya-beloe-suhoe-13,cellar_master_malvaziya_beloe_suhoe_13_3214f361ad,cellar_master_malvaziya_beloe_suhoe_13_3214f361ad.webp,photo_exact,Мальвазия,Cellar Master,Белое,Соломенно-золотистый,Крым
esse-mama-marselan-krasnoe-suhoe-135,esse_mama_marselan_krasnoe_suhoe_135_5fef596cdc,esse_mama_marselan_krasnoe_suhoe_135_5fef596cdc.webp,photo_exact,МаМа,ESSE,Красное,Насыщенный рубиновый цвет с фиолетовыми отблесками.,Крым
vinodelnya-pokrovskaya-marinka-marinovskiy-rozovoe-suhoe-123,vinodelnya_pokrovskaya_marinka_marinovskiy_rozovoe_suhoe_123_90615151cb,vinodelnya_pokrovskaya_marinka_marinovskiy_rozovoe_suhoe_123_90615151cb.webp,photo_exact,Маринка,Винодельня Покровская,Розовое,Сочный розовый с малиновым оттенком,Нижняя Волга
vinodelnya-myshako-marselan-krasnoe-suhoe-144,vinodelnya_myshako_marselan_krasnoe_suhoe_144_233050ecbc,vinodelnya_myshako_marselan_krasnoe_suhoe_144_233050ecbc.webp,photo_exact,Марселан,Мысхако,Красное,Рубиновый,Кубань
vinodelnya-myshako-marselan-krasnoe-suhoe-143,vinodelnya_myshako_marselan_krasnoe_suhoe_143_26d0cfdb16,vinodelnya_myshako_marselan_krasnoe_suhoe_143_26d0cfdb16.webp,photo_exact,Марселан,Мысхако,Красное,Рубиново-пурпурный,Кубань
shato-pino-marselan-merlo-krasnoe-suhoe-13,shato_pino_marselan_merlo_krasnoe_suhoe_13_d4ec35012c,shato_pino_marselan_merlo_krasnoe_suhoe_13_d4ec35012c.webp,photo_exact,Марселан - Мерло,Шато Пино,Красное,Красно-рубиновый,Кубань
vinodelnya-myshako-marselan-mode-krasnoe-suhoe-145,vinodelnya_myshako_marselan_mode_krasnoe_suhoe_145_924e926ae9,vinodelnya_myshako_marselan_mode_krasnoe_suhoe_145_924e926ae9.webp,photo_exact,Марселан Mode,Мысхако,Красное,Рубиновый,Кубань
vinodelnya-myshako-marselan-mode-appassimento-krasnoe-suhoe-146,vinodelnya_myshako_marselan_mode_appassimento_krasnoe_suhoe_146_ea99d1e997,vinodelnya_myshako_marselan_mode_appassimento_krasnoe_suhoe_146_ea99d1e997.webp,photo_exact,Марселан Mode Appassimento,Мысхако,Красное,Рубиново-красный,Кубань
vinodelnya-myshako-marselan-avtorskaya-tehnologiya-krasnoe-suhoe-144,vinodelnya_myshako_marselan_avtorskaya_tehnologiya_krasnoe_suhoe_144_d0c6e20dc5,vinodelnya_myshako_marselan_avtorskaya_tehnologiya_krasnoe_suhoe_144_d0c6e20dc5.webp,photo_exact,Марселан. Авторская технология,Мысхако,Красное,Рубиновый,Кубань
massandra-kokur,Massandra_Kokur_1fa858a17c,Massandra_Kokur_1fa858a17c.webp,photo_exact,Массандра Кокур,Массандра,Белое,Светло-соломенный,Крым
massandra-muskat,Massandra_Muskat_94b702fe3b,Massandra_Muskat_94b702fe3b.webp,photo_exact,Массандра Мускат,Массандра,Белое,Светло-соломенный,Крым
massandra-rozovoe-suhoe,Massandra_suhoe_rozovoe_218d80e12d,Massandra_suhoe_rozovoe_218d80e12d.webp,photo_exact,Массандра розовое сухое,Массандра,Розовое,Нежно-розовое,Крым
massandra-heres,Massandra_Heres_f281a9d608,Massandra_Heres_f281a9d608.webp,photo_exact,Массандра Херес,Массандра,Белое,Золотистый,Крым
massandra-massandra-heres-oreadna-aligote-beloe-suhoe-16,massandra_massandra_heres_oreadna_aligote_beloe_suhoe_16_efa1aed005,massandra_massandra_heres_oreadna_aligote_beloe_suhoe_16_efa1aed005.webp,photo_exact,Массандра Херес Ореадна,Массандра,Белое,"Янтарно-золотистый, прозрачный",Крым
solnechnaya-dolina-meganom-blanc-de-blancs-kokur-beloe-bryut-11,solnechnaya_dolina_meganom_blanc_de_blancs_kokur_igristoe_bryut_beloe_11_d897a0fd23,solnechnaya_dolina_meganom_blanc_de_blancs_kokur_igristoe_bryut_beloe_11_d897a0fd23.webp,photo_exact,Меганом Blanc de Blancs,Солнечная долина,Белое,Ярко-золотистый цвет с сияющим блеском и деликатным тонким перляжем.,Крым
solnechnaya-dolina-meganom-beloe-aligote-suhoe-13,solnechnaya_dolina_meganom_beloe_aligote_beloe_suhoe_13_040339bc56,solnechnaya_dolina_meganom_beloe_aligote_beloe_suhoe_13_040339bc56.webp,photo_exact,Меганом белое,Солнечная долина,Белое,Светло-соломенный цвет с легкими золотистыми отблесками.,Крым
solnechnaya-dolina-meganom-kyuve-shardone-beloe-bryut-11,solnechnaya_dolina_meganom_kyuve_shardone_igristoe_bryut_beloe_11_7fec189f24,solnechnaya_dolina_meganom_kyuve_shardone_igristoe_bryut_beloe_11_7fec189f24.webp,photo_exact,Меганом Кюве,Солнечная долина,Белое,Ярко-золотистый цвет с сияющими отблесками.,Крым
katharon-mezenka-kaberne-fran,Mezenka_Kaberne_Fran_33fd19b800,Mezenka_Kaberne_Fran_33fd19b800.webp,photo_exact,Мезенка: Каберне Фран,KATHARON,Красное,Яркий рубиновый средней плотности,Кубань
katharon-mezenka-kaberne-fran-merlo,Mezenka_Kaberne_Fran_Merlo_roze_7c0d7f9e13,Mezenka_Kaberne_Fran_Merlo_roze_7c0d7f9e13.webp,photo_exact,Мезенка: Каберне Фран - Мерло,KATHARON,Розовое,"Нежный лососёво-розовый, светлый и сияющий",Кубань
katharon-mezenka-merlo,Mezenka_Merlo_a57948ccce,Mezenka_Merlo_a57948ccce.webp,photo_exact,Мезенка: Мерло,KATHARON,Красное,Насыщенный рубиновый,Кубань
katharon-mezenka-sira,Mezenka_Sira_29468a4464,Mezenka_Sira_29468a4464.webp,photo_exact,Мезенка: Сира,KATHARON,Красное,Uлубокий темно-рубиновый с фиолетовым отливом,Кубань
katharon-mezenka-sovinon-blan,Mezenka_Sovinon_blan_d042166bd2,Mezenka_Sovinon_blan_d042166bd2.webp,photo_exact,Мезенка: Совиньон Блан,KATHARON,Белое,Светло-соломенный с зелеными бликами,Кубань
usadba-mezyb-mezyb-kaberne-sovinon-krasnoe-suhoe-145,usadba_mezyb_mezyb_kaberne_sovinon_krasnoe_suhoe_145_d7c1e16ecd,usadba_mezyb_mezyb_kaberne_sovinon_krasnoe_suhoe_145_d7c1e16ecd.webp,photo_exact,Мезыбь Каберне Совиньон,Усадьба Мезыбь,Красное,Рубиновый,Кубань
usadba-mezyb-mezyb-merlo-krasnoe-suhoe-145,usadba_mezyb_mezyb_merlo_krasnoe_suhoe_145_728824e935,usadba_mezyb_mezyb_merlo_krasnoe_suhoe_145_728824e935.webp,photo_exact,Мезыбь Мерло,Усадьба Мезыбь,Красное,Тёмнло-рубиновый с гранатовым оттенком,Кубань
usadba-mezyb-mezyb-vione-beloe-suhoe-13,usadba_mezyb_mezyb_vione_beloe_suhoe_13_6e8c3cc5b2,usadba_mezyb_mezyb_vione_beloe_suhoe_13_6e8c3cc5b2.webp,photo_exact,Мезыбь. Вионье,Усадьба Мезыбь,Белое,Светло-соломенный,Кубань
usadba-mezyb-mezyb-kaberne-sovinon-kaberne-fran-krasnoe-suhoe-14,usadba_mezyb_mezyb_kaberne_sovinon_kaberne_fran_krasnoe_suhoe_14_21f4d76eab,usadba_mezyb_mezyb_kaberne_sovinon_kaberne_fran_krasnoe_suhoe_14_21f4d76eab.webp,photo_exact,"Мезыбь. Каберне Совиньон, Каберне Фран",Усадьба Мезыбь,Красное,Гранатовый,Кубань
usadba-mezyb-mezyb-kaberne-sovinon-kaberne-fran-vione-rozovoe-suhoe-133,usadba_mezyb_mezyb_kaberne_sovinon_kaberne_fran_vione_rozovoe_suhoe_133_986a11a9c7,usadba_mezyb_mezyb_kaberne_sovinon_kaberne_fran_vione_rozovoe_suhoe_133_986a11a9c7.webp,photo_exact,"Мезыбь. Каберне Совиньон, Каберне фран, Вионье",Усадьба Мезыбь,Розовое,Розовый,Кубань
skalistyy-bereg-melodiya-leta-krasnostop-zolotovskiy-rozovoe-suhoe-126,skalistyy_bereg_melodiya_leta_krasnostop_zolotovskiy_rozovoe_suhoe_126_0c4c354c3c,skalistyy_bereg_melodiya_leta_krasnostop_zolotovskiy_rozovoe_suhoe_126_0c4c354c3c.webp,photo_exact,Мелодия лета,Скалистый берег,Розовое,Лососевый,Кубань
belbek-meritazh-kaberne-sovinon-krasnoe-suhoe-136,belbek_meritazh_kaberne_sovinon_krasnoe_suhoe_136_b0152ba5c6,belbek_meritazh_kaberne_sovinon_krasnoe_suhoe_136_b0152ba5c6.webp,photo_exact,Меритаж,Бельбек,Красное,Темно-рубиновый,Крым
golubitskoe-estate-merlo-krasnoe-suhoe-135,golubitskoe_estate_merlo_krasnoe_suhoe_135_4cc0abb46d,golubitskoe_estate_merlo_krasnoe_suhoe_135_4cc0abb46d.webp,photo_exact,Мерло,Golubitskoe Estate,Красное,Темно-рубиновый,Кубань
zmv-koktebel-merlo-krasnoe-suhoe-13,zmv_koktebel_merlo_krasnoe_suhoe_13_a8d634f782,zmv_koktebel_merlo_krasnoe_suhoe_13_a8d634f782.webp,photo_exact,Мерло,ЗМВ Коктебель,Красное,Рубиново-гранатовый,Крым
alma-valley-merlo-krasnoe-suhoe-13,alma_valley_merlo_krasnoe_suhoe_13_51d2488815,alma_valley_merlo_krasnoe_suhoe_13_51d2488815.webp,photo_exact,Мерло,Alma Valley,Красное,Рубиновый,Крым
esse-merlo-krasnoe-suhoe-135,esse_merlo_krasnoe_suhoe_135_efd9f63edb,esse_merlo_krasnoe_suhoe_135_efd9f63edb.webp,photo_exact,Мерло,ESSE,Красное,Светло-вишневый,Крым
bogovich-wine-vineyard-merlo-krasnoe-suhoe-14,bogovich_wine_vineyard_merlo_krasnoe_suhoe_14_6e030dc0f1,bogovich_wine_vineyard_merlo_krasnoe_suhoe_14_6e030dc0f1.webp,photo_exact,Мерло,Bogovich Wine & Vineyard,Красное,Глубокий рубиново-красный,Крым
chateau-andre-merlo-krasnoe-suhoe-14,chateau_andre_merlo_krasnoe_suhoe_14_ac531c264e,chateau_andre_merlo_krasnoe_suhoe_14_ac531c264e.webp,photo_exact,Мерло,Chateau Andre,Красное,Светло-бордовый с вишнёвыми отблесками,Кубань
vinodelnya-begildeeva-merlo-krasnoe-suhoe-14,vinodelnya_begildeeva_merlo_krasnoe_suhoe_14_977a726c54,vinodelnya_begildeeva_merlo_krasnoe_suhoe_14_977a726c54.webp,photo_exact,Мерло,Винодельня Бегильдеева,Красное,Темно-красное,Кубань
vinodelnya-batrak-merlo-rozovoe-suhoe-13,vinodelnya_batrak_merlo_rozovoe_suhoe_13_c52c679840,vinodelnya_batrak_merlo_rozovoe_suhoe_13_c52c679840.webp,photo_exact,Мерло,Винодельня Батрак,Розовое,Розово-лососевый,Ставрополье
orlov_merlo,MERLO_Photoroom_86d1e59354,MERLO_Photoroom_86d1e59354.webp,photo_exact,Мерло,Винодельня Орлова,Красное,Темно-красный цвет,Кубань
loco-cimbali-merlo-krasnoe-suhoe-138,loco_cimbali_merlo_krasnoe_suhoe_138_810725db96,loco_cimbali_merlo_krasnoe_suhoe_138_810725db96.webp,photo_exact,Мерло,Loco Cimbali,Красное,Глубокий рубиновый,Крым
stn-winery-merlo-krasnoe-suhoe-14,stn_winery_merlo_krasnoe_suhoe_14_a40621f55a,stn_winery_merlo_krasnoe_suhoe_14_a40621f55a.webp,photo_exact,Мерло,STN Winery,Красное,Темно-рубиновый,Крым
perovskih_merlo,Merlo_2022_255392430a,Merlo_2022_255392430a.webp,photo_exact,Мерло,Усадьба Перовских,Розовое,Цвет глубокий розовой с персиковым блеском.,Крым
mons-albus-merlo-rozovoe-suhoe-132,mons_albus_merlo_rozovoe_suhoe_132_a694baeaee,mons_albus_merlo_rozovoe_suhoe_132_a694baeaee.webp,photo_exact,Мерло,Mons Albus,Розовое,Интенсивный розовый,Крым
belbek-merlo-krasnoe-suhoe-13,belbek_merlo_krasnoe_suhoe_13_62ef7bfee8,belbek_merlo_krasnoe_suhoe_13_62ef7bfee8.webp,photo_exact,Мерло,Бельбек,Красное,Темно-рубиновый,Крым
vinodelnya-marko-merlo-krasnoe-suhoe-14,vinodelnya_marko_merlo_krasnoe_suhoe_14_384d0e4a2a,vinodelnya_marko_merlo_krasnoe_suhoe_14_384d0e4a2a.webp,photo_exact,Мерло,Винодельня Марко,Красное,Интенсивный рубиновый с переходом в пурпурный,Ставрополье
vinodelnya-marchenko-merlo-krasnoe-suhoe-14,vinodelnya_marchenko_merlo_krasnoe_suhoe_14_b03e5e2a36,vinodelnya_marchenko_merlo_krasnoe_suhoe_14_b03e5e2a36.webp,photo_exact,Мерло,Винодельня Марченко,Красное,"Глубокий, темно-рубиновый",Кубань
merlo,merlo_89592556f7,merlo_89592556f7.webp,photo_exact,Мерло,Галицкий и Галицкий,Красное,Рубиновый,Кубань
merlo-1,merlo_89592556f7,merlo_89592556f7.webp,photo_exact,Мерло,Mantra Estate,Красное,Светло-рубиновый красный,Кубань
donskoe-vinodelcheskoe-hozyaystvo-elbuzd-merlo-krasnoe-suhoe-13,donskoe_vinodelcheskoe_hozyaystvo_elbuzd_merlo_krasnoe_suhoe_13_261ddc4f01,donskoe_vinodelcheskoe_hozyaystvo_elbuzd_merlo_krasnoe_suhoe_13_261ddc4f01.webp,photo_exact,Мерло,"Донское винодельческое хозяйство ""Эльбузд""",Красное,Темно-рубиновый с гранатовым,Долина Дона
villa-sofiya-merlo-kaberne-sovinon-krasnoe-suhoe-14,villa_sofiya_merlo_kaberne_sovinon_krasnoe_suhoe_14_84e867e1b3,villa_sofiya_merlo_kaberne_sovinon_krasnoe_suhoe_14_84e867e1b3.webp,photo_exact,Мерло - Каберне Совиньон,Вилла София,Красное,Насыщенный красный с рубиновыми оттенками,Нижняя Волга
vinodelnya-myshako-merlo-zinfandel-kyuve-rozovoe-suhoe-128,vinodelnya_myshako_merlo_zinfandel_kyuve_rozovoe_suhoe_128_3d3d21e00a,vinodelnya_myshako_merlo_zinfandel_kyuve_rozovoe_suhoe_128_3d3d21e00a.webp,photo_exact,Мерло – Зинфандель. Кюве,Мысхако,Розовое,Розовый,Кубань
vinodelnya-myshako-merlo-tempranilo-kyuve-krasnoe-polusladkoe-135,vinodelnya_myshako_merlo_tempranilo_kyuve_krasnoe_polusladkoe_135_884e18f396,vinodelnya_myshako_merlo_tempranilo_kyuve_krasnoe_polusladkoe_135_884e18f396.webp,photo_exact,Мерло – Темпранильо. Кюве,Мысхако,Красное,Вишнево-рубиновый,Кубань
vinodelnya-myshako-merlo-grand-rezerv-krasnoe-suhoe-142,vinodelnya_myshako_merlo_grand_rezerv_krasnoe_suhoe_142_755fcb23a0,vinodelnya_myshako_merlo_grand_rezerv_krasnoe_suhoe_142_755fcb23a0.webp,photo_exact,Мерло Гранд Резерв,Мысхако,Красное,Красно-рубиновый,Кубань
merlo-litavshhuk,image_04_09_26_01_21_e2229a9af8,image_04_09_26_01_21_e2229a9af8.webp,photo_exact,Мерло Литавщук,Литавщук. Litavshchuk vineyards & winery,Красное,Темно-рубиновый,Кубань
esse-merlo-otbornoe-krasnoe-suhoe-13,esse_merlo_otbornoe_krasnoe_suhoe_13_eda65be34f,esse_merlo_otbornoe_krasnoe_suhoe_13_eda65be34f.webp,photo_exact,Мерло Отборное,ESSE,Красное,Ярко-рубиновый,Крым
usadba-markoth-merlo-rezerv-krasnoe-suhoe-13,usadba_markoth_merlo_rezerv_krasnoe_suhoe_vyderzhannoe_13_7e6627d371,usadba_markoth_merlo_rezerv_krasnoe_suhoe_vyderzhannoe_13_7e6627d371.webp,photo_exact,Мерло Резерв,Усадьба Маркотх,Красное,Вино непрозрачного рубинового цвета.,Кубань
golubitskoe-estate-merlo-rezerv-krasnoe-suhoe-135,golubitskoe_estate_merlo_rezerv_krasnoe_suhoe_135_2a7849699b,golubitskoe_estate_merlo_rezerv_krasnoe_suhoe_135_2a7849699b.webp,photo_exact,Мерло Резерв,Golubitskoe Estate,Красное,Глубокий вишнево-рубиновый,Кубань
chateau-de-talu-merlo-rezerv-krasnoe-suhoe-14,chateau_de_talu_merlo_rezerv_krasnoe_suhoe_14_d84b50e282,chateau_de_talu_merlo_rezerv_krasnoe_suhoe_14_d84b50e282.webp,photo_exact,Мерло Резерв,Chateau de Talu,Красное,Глубокий рубиново-пурпурный,Кубань
alma-valley-merlo-rezerv-krasnoe-suhoe-15,alma_valley_merlo_rezerv_krasnoe_suhoe_15_6f1a4e1e17,alma_valley_merlo_rezerv_krasnoe_suhoe_15_6f1a4e1e17.webp,photo_exact,Мерло Резерв,Alma Valley,Красное,Темно-рубиновый,Крым
alma-valley-merlo-rezerv-krasnoe-suhoe-14,alma_valley_merlo_rezerv_krasnoe_suhoe_vyderzhannoe_14_ea3e8292cb,alma_valley_merlo_rezerv_krasnoe_suhoe_vyderzhannoe_14_ea3e8292cb.webp,photo_exact,Мерло Резерв,Alma Valley,Красное,Вино глубокого рубинового цвета.,Крым
dubinin-winery-merlo-roze-rozovoe-suhoe-125,dubinin_winery_merlo_roze_rozovoe_suhoe_125_7a5b91f610,dubinin_winery_merlo_roze_rozovoe_suhoe_125_7a5b91f610.webp,photo_exact,Мерло розе,Dubinin Winery,Розовое,Светло-розовый,Кубань
imenie-sikory-merlo-sikory-krasnoe-suhoe-13,imenie_sikory_merlo_sikory_krasnoe_suhoe_13_962d1b82f9,imenie_sikory_merlo_sikory_krasnoe_suhoe_13_962d1b82f9.webp,photo_exact,Мерло Сикоры,Имение Сикоры,Красное,Ярко-розовый,Кубань
vinodelnya-myshako-merlo-black-out-krasnoe-sladkoe-14,vinodelnya_myshako_merlo_black_out_krasnoe_sladkoe_14_83578ec427,vinodelnya_myshako_merlo_black_out_krasnoe_sladkoe_14_83578ec427.webp,photo_exact,Мерло. Black Out,Мысхако,Красное,Рубиново-красный,Кубань
imenie-sikory-merlo-semeynyy-rezerv-krasnoe-suhoe-14,imenie_sikory_merlo_semeynyy_rezerv_krasnoe_suhoe_vyderzhannoe_14_ddcc4b5b79,imenie_sikory_merlo_semeynyy_rezerv_krasnoe_suhoe_vyderzhannoe_14_ddcc4b5b79.webp,photo_exact,Мерло. Семейный Резерв,Имение Сикоры,Красное,Вино непрозрачного рубинового цвета.,Кубань
molodoe-shato-taman-1,Molodoe_Atlas_2025_Normal_Krasnoe_748e72dcb7,Molodoe_Atlas_2025_Normal_Krasnoe_748e72dcb7.webp,photo_exact,Молодое. Шато Тамань,Кубань-Вино,Красное,Красновато-рубиновый,Кубань
molodoe-shato-taman,Molodoe_Atlas_2025_Normal_Beloe_da0ba8a14a,Molodoe_Atlas_2025_Normal_Beloe_da0ba8a14a.webp,photo_exact,Молодое. Шато Тамань,Кубань-Вино,Белое,Светло-соломенный,Кубань
vinodelnya-uzunov-mono-kaberne-sovinon-krasnoe-suhoe-139,mono_kabsov_Photoroom_b07de06cd0,mono_kabsov_Photoroom_b07de06cd0.webp,photo_exact,Моно. Каберне Совиньон,Винодельня Узунов,Красное,Бордовый с гранатовым оттенком,Кубань
vinodelnya-uzunov-mono-krasnostop-krasnostop-zolotovskiy-krasnoe-suhoe-139,vinodelnya_uzunov_mono_krasnostop_krasnostop_zolotovskiy_krasnoe_suhoe_139_dc975abb72,vinodelnya_uzunov_mono_krasnostop_krasnostop_zolotovskiy_krasnoe_suhoe_139_dc975abb72.webp,photo_exact,Моно. Красностоп,Винодельня Узунов,Красное,Тёмно-рубиновый,Кубань
vinodelnya-uzunov-mono-saperavi-krasnoe-suhoe-139,mono_saperavi_Photoroom_28385eef4c,mono_saperavi_Photoroom_28385eef4c.webp,photo_exact,Моно. Саперави,Винодельня Узунов,Красное,Тёмно-рубиновый,Кубань
soyuz-vino-mosavali-rkatsiteli-beloe-polusladkoe-11,soyuz_vino_mosavali_rkatsiteli_beloe_polusladkoe_11_cf350f08a2,soyuz_vino_mosavali_rkatsiteli_beloe_polusladkoe_11_cf350f08a2.webp,photo_exact,Мосавали Ркацители,Союз-Вино,Белое,У вина светло-золотистый цвет.,Кубань
soyuz-vino-mosavali-saperavi-polusladkoe-krasnoe-11,soyuz_vino_mosavali_saperavi_polusladkoe_krasnoe_11_Photoroom_3a6ddb3740,soyuz_vino_mosavali_saperavi_polusladkoe_krasnoe_11_Photoroom_3a6ddb3740.webp,photo_exact,Мосавали Саперави Полусладкое,Союз-Вино,Красное,У вина яркий гранатово-красный цвет.,Кубань
soyuz-vino-mosavali-saperavi-suhoe-krasnoe-11,soyuz_vino_mosavali_saperavi_suhoe_krasnoe_11_4664250a21,soyuz_vino_mosavali_saperavi_suhoe_krasnoe_11_4664250a21.webp,photo_exact,Мосавали Саперави Сухое,Союз-Вино,Красное,Вино имеет темно-красный цвет.,Кубань
stn-winery-muskat-beloe-suhoe-115,stn_winery_muskat_beloe_suhoe_115_73c0464c2e,stn_winery_muskat_beloe_suhoe_115_73c0464c2e.webp,photo_exact,Мускат,STN Winery,Белое,Золотистый,Крым
esse-muskat-muskat-belyy-beloe-suhoe-115,esse_muskat_muskat_belyy_beloe_suhoe_115_48469f1962,esse_muskat_muskat_belyy_beloe_suhoe_115_48469f1962.webp,photo_exact,Мускат,ESSE,Белое,Светло-соломенный,Крым
perovskih_muskat,Muskat_2024_ff79889a1b,Muskat_2024_ff79889a1b.webp,photo_exact,Мускат,Усадьба Перовских,Белое,Вино соломенно-золотистого цвета.,Крым
belbek-muskat-muskat-belyy-beloe-suhoe-127,belbek_muskat_muskat_belyy_beloe_suhoe_127_d8229478b6,belbek_muskat_muskat_belyy_beloe_suhoe_127_d8229478b6.webp,photo_exact,Мускат,Бельбек,Белое,Светло-лимонный,Крым
dva-serdtsa-muskat-muskat-belyy-beloe-polusuhoe-12,dva_serdtsa_muskat_muskat_belyy_beloe_polusuhoe_12_812f13f41a,dva_serdtsa_muskat_muskat_belyy_beloe_polusuhoe_12_812f13f41a.webp,photo_exact,Мускат,Два Сердца,Белое,Светло-соломенный,Крым
chateau-de-talu-muskat-beloe-suhoe-13,chateau_de_talu_muskat_beloe_suhoe_13_c31a9ba7de,chateau_de_talu_muskat_beloe_suhoe_13_c31a9ba7de.webp,photo_exact,Мускат,Chateau de Talu,Белое,Светло-соломенный,Кубань
radiowine-muskat-amber-muskat-ottonel-beloe-suhoe-13,radiowine_muskat_amber_muskat_ottonel_beloe_suhoe_13_30d2cbdd8f,radiowine_muskat_amber_muskat_ottonel_beloe_suhoe_13_30d2cbdd8f.webp,photo_exact,Мускат Амбер,Radio Wine,Белое,Янтарный,Крым
rem-akchurin-muskat-belyy-beloe-suhoe-135,rem_akchurin_muskat_belyy_beloe_suhoe_135_83780f24fa,rem_akchurin_muskat_belyy_beloe_suhoe_135_83780f24fa.webp,photo_exact,Мускат Белый,Rem Akchurin,Белое,Бледно-соломенный цвет с красивым блеском.,Крым
esse-muskat-belyy-beloe-suhoe-135,esse_muskat_belyy_beloe_suhoe_135_446d285a06,esse_muskat_belyy_beloe_suhoe_135_446d285a06.webp,photo_exact,Мускат Белый,ESSE,Белое,Светло-соломенный цвет с красивым блеском.,Крым
massandra-muskat-belyy-krasnogo-kamnya-beloe-sladkoe-13,massandra_muskat_belyy_krasnogo_kamnya_beloe_sladkoe_13_8456db974b,massandra_muskat_belyy_krasnogo_kamnya_beloe_sladkoe_13_8456db974b.webp,photo_exact,Мускат белый красного камня,Массандра,Белое,Золотисто-янтарный с медовым отливом,Крым
massandra-muskat-belyy-pozdnego-sbora-beloe-sladkoe-10,massandra_muskat_belyy_pozdnego_sbora_beloe_sladkoe_10_17230edc84,massandra_muskat_belyy_pozdnego_sbora_beloe_sladkoe_10_17230edc84.webp,photo_exact,Мускат белый позднего сбора,Массандра,Белое,Янтарно-золотистый,Крым
massandra-muskat-belyy-yuzhnoberezhnyy-beloe-sladkoe-16,massandra_muskat_belyy_yuzhnoberezhnyy_beloe_desertnoe_16_609f9d79d5,massandra_muskat_belyy_yuzhnoberezhnyy_beloe_desertnoe_16_609f9d79d5.webp,photo_exact,Мускат Белый Южнобережный,Массандра,Белое,Насыщенный золотистый цвет с красивыми бликами тёмного янтаря.,Крым
chateau-cachalot-muskat-blan-muskat-belyy-beloe-suhoe-117,chateau_cachalot_muskat_blan_muskat_belyy_beloe_suhoe_117_d2969be524,chateau_cachalot_muskat_blan_muskat_belyy_beloe_suhoe_117_d2969be524.webp,photo_exact,Мускат Блан,Chateau Cachalot,Белое,Соломенным с лимонными оттенками,Крым
andryus-yutsis-muskat-blan-vione-beloe-suhoe-117,andryus_yutsis_muskat_blan_vione_beloe_suhoe_117_67d4906ed6,andryus_yutsis_muskat_blan_vione_beloe_suhoe_117_67d4906ed6.webp,photo_exact,"Мускат Блан, Вионье",Andryus Yutsis,Белое,Светло-соломенный,Крым
zmv-koktebel-muskat-desertnyy-rozovoe-sladkoe-16,zmv_koktebel_muskat_desertnyy_rozovoe_sladkoe_16_42c8ac5c99,zmv_koktebel_muskat_desertnyy_rozovoe_sladkoe_16_42c8ac5c99.webp,photo_exact,Мускат десертный,ЗМВ Коктебель,Розовое,Насыщенный розовый,Крым
perovskih_muskat_orange,Muskat_oranzh_2024_55882c1c4d,Muskat_oranzh_2024_55882c1c4d.webp,photo_exact,Мускат Оранж,Усадьба Перовских,Белое,Вино золотисто-янтарного цвета.,Крым
esse-muskat-oranzh-muskat-belyy-beloe-suhoe-115,esse_muskat_oranzh_muskat_belyy_beloe_suhoe_115_8221306c48,esse_muskat_oranzh_muskat_belyy_beloe_suhoe_115_8221306c48.webp,photo_exact,Мускат Оранж,ESSE,Белое,Светло-янтарный,Крым
rem-akchurin-muskat-oranzh-oranzhevoe-suhoe-115,rem_akchurin_muskat_oranzh_oranzhevoe_suhoe_115_d72b609dd9,rem_akchurin_muskat_oranzh_oranzhevoe_suhoe_115_d72b609dd9.webp,photo_exact,Мускат Оранж,Rem Akchurin,Оранжевое,Бледно-янтарный,Крым
belbek-muskat-oranzh-muskat-belyy-oranzhevoe-suhoe-125,belbek_muskat_oranzh_muskat_belyy_oranzhevoe_suhoe_125_15ac5f6bc6,belbek_muskat_oranzh_muskat_belyy_oranzhevoe_suhoe_125_15ac5f6bc6.webp,photo_exact,Мускат Оранж,Бельбек,Оранжевое,Золотистый,Крым
bogovich-wine-vineyard-muskat-oranzh-muskat-belyy-beloe-suhoe-125,bogovich_wine_vineyard_muskat_oranzh_muskat_belyy_beloe_suhoe_125_959036a2e8,bogovich_wine_vineyard_muskat_oranzh_muskat_belyy_beloe_suhoe_125_959036a2e8.webp,photo_exact,Мускат Оранж,Bogovich Wine & Vineyard,Белое,Светлый желто-оранжевый,Крым
vinodelnya-78-muskat-otbornyy-muskat-yantarnyy-beloe-suhoe-125,vinodelnya_78_muskat_otbornyy_muskat_yantarnyy_beloe_suhoe_125_f70367e658,vinodelnya_78_muskat_otbornyy_muskat_yantarnyy_beloe_suhoe_125_f70367e658.webp,photo_exact,Мускат Отборный,Винодельня 78,Белое,Соломенно-золотистый,Крым
blagolyubov-muskat-ottonel-beloe-suhoe-125,blagolyubov_muskat_ottonel_beloe_suhoe_125_32dd0cb4e6,blagolyubov_muskat_ottonel_beloe_suhoe_125_32dd0cb4e6.webp,photo_exact,Мускат Оттонель,Благолюбов,Белое,Золотисто-соломенный,Долина Дона
muskat-ottonel-gusev,petnat_muskat_no_bg_preview_carve_photos_2296dc8b1a,petnat_muskat_no_bg_preview_carve_photos_2296dc8b1a.webp,photo_exact,Мускат Оттонель Гусевъ,Гусевъ,Белое,Соломенный,Нижняя Волга
jd_winery_muskat_ottonel,20260617_072415_Photoroom_6dda2f8425,20260617_072415_Photoroom_6dda2f8425.webp,photo_exact,Мускат Оттонель тихое,JD winery,Белое,светло соломенный,Кубань
massandra-muskat-pozdnego-sbora-muskat-belyy-beloe-sladkoe-16,massandra_muskat_pozdnego_sbora_muskat_belyy_beloe_sladkoe_16_75b19a772c,massandra_muskat_pozdnego_sbora_muskat_belyy_beloe_sladkoe_16_75b19a772c.webp,photo_exact,Мускат позднего сбора,Массандра,Белое,Вино золотисто-медового цвета.,Крым
vinodelnya-78-muskat-polusladkoe-muskat-ottonel-beloe-115,vinodelnya_78_muskat_polusladkoe_muskat_ottonel_igristoe_polusladkoe_beloe_115_7d7906929e,vinodelnya_78_muskat_polusladkoe_muskat_ottonel_igristoe_polusladkoe_beloe_115_7d7906929e.webp,photo_exact,Мускат полусладкое,Винодельня 78,Белое,Светло-соломенный,Крым
massandra-muskat-rozovyy-pozdnego-sbora-rozovoe-sladkoe-10,massandra_muskat_rozovyy_pozdnego_sbora_rozovoe_sladkoe_10_543ccac814,massandra_muskat_rozovyy_pozdnego_sbora_rozovoe_sladkoe_10_543ccac814.webp,photo_exact,Мускат розовый позднего сбора,Массандра,Розовое,"Янтарно-розовый, насыщенный",Крым
dva-serdtsa-muskat-suhoy-muskat-belyy-beloe-suhoe-12,dva_serdtsa_muskat_suhoy_muskat_belyy_beloe_suhoe_12_904721b94a,dva_serdtsa_muskat_suhoy_muskat_belyy_beloe_suhoe_12_904721b94a.webp,photo_exact,Мускат Сухой,Два Сердца,Белое,Золотисто-соломенный,Крым
zmv-koktebel-muskat-yantarnyy-desertnyy-beloe-sladkoe-16,zmv_koktebel_muskat_yantarnyy_desertnyy_beloe_sladkoe_16_b191b9e48e,zmv_koktebel_muskat_yantarnyy_desertnyy_beloe_sladkoe_16_b191b9e48e.webp,photo_exact,Мускат янтарный десертный,ЗМВ Коктебель,Белое,Золотисто-янтарный,Крым
vinodelnya-myshako-muskat-avtorskaya-tehnologiya-mono-beloe-suhoe-128,vinodelnya_myshako_muskat_avtorskaya_tehnologiya_mono_beloe_suhoe_128_a6633f8b78,vinodelnya_myshako_muskat_avtorskaya_tehnologiya_mono_beloe_suhoe_128_a6633f8b78.webp,photo_exact,Мускат. Авторская технология. Моно,Мысхако,Белое,Светло-соломенный с зеленоватым оттенком,Кубань
valeriy-zaharin-muskat-valeriy-zaharin-muskat-ottonel-beloe-polusladkoe-12,valeriy_zaharin_muskat_valeriy_zaharin_muskat_ottonel_beloe_polusladkoe_12_a78dbaf48c,valeriy_zaharin_muskat_valeriy_zaharin_muskat_ottonel_beloe_polusladkoe_12_a78dbaf48c.webp,photo_exact,Мускат. Валерий Захарьин,Валерий Захарьин,Белое,Золотисто-соломенный,Крым
domaine-lipko-muskat-pomeste-trenzina-muskat-belyy-beloe-suhoe-119,domaine_lipko_muskat_pomeste_trenzina_muskat_belyy_beloe_suhoe_119_f53581d3d0,domaine_lipko_muskat_pomeste_trenzina_muskat_belyy_beloe_suhoe_119_f53581d3d0.webp,photo_exact,Мускат. Поместье Трензина,Domaine Lipko,Белое,Золотисто-соломенный с едва уловимыми зеленоватыми бликами.,Крым
muskat-premium,Screenshot_25_e7771a3f2d,Screenshot_25_e7771a3f2d.webp,photo_exact,Мускат. Премиум,Литавщук. Litavshchuk vineyards & winery,Белое,Соломенный,Кубань
massandra-muskatel-belyy-belye-sorta-vinograda-beloe-sladkoe-16,massandra_muskatel_belyy_belye_sorta_vinograda_beloe_sladkoe_16_f7e0314033,massandra_muskatel_belyy_belye_sorta_vinograda_beloe_sladkoe_16_f7e0314033.webp,photo_exact,Мускатель белый,Массандра,Белое,"Янтарно-золотистый, прозрачный",Крым
massandra-muskatel-rozovyy-belye-sorta-vinograda-rozovoe-sladkoe-16,massandra_muskatel_rozovyy_belye_sorta_vinograda_rozovoe_sladkoe_16_3e12b153be,massandra_muskatel_rozovyy_belye_sorta_vinograda_rozovoe_sladkoe_16_3e12b153be.webp,photo_exact,Мускатель розовый,Массандра,Розовое,"Розовый, насыщенный",Крым
massandra-muskatel-chernyy-krasnye-sorta-vinograda-krasnoe-sladkoe-16,massandra_muskatel_chernyy_krasnye_sorta_vinograda_krasnoe_sladkoe_16_b35635608c,massandra_muskatel_chernyy_krasnye_sorta_vinograda_krasnoe_sladkoe_16_b35635608c.webp,photo_exact,Мускатель черный,Массандра,Красное,Тёмно-рубиновый,Крым
solnechnaya-dolina-muskatnoe-festivalnoe-muskat-belyy-rozovoe-sladkoe-16,solnechnaya_dolina_muskatnoe_festivalnoe_muskat_belyy_rozovoe_sladkoe_16_a0294f4818,solnechnaya_dolina_muskatnoe_festivalnoe_muskat_belyy_rozovoe_sladkoe_16_a0294f4818.webp,photo_exact,Мускатное Фестивальное,Солнечная долина,Розовое,Вино красивого кораллового цвета с блеском.,Крым
vinodelnya-marchenko-mtsvane-mtsvane-kahetinskiy-beloe-suhoe-135,vinodelnya_marchenko_mtsvane_mtsvane_kahetinskiy_beloe_suhoe_135_f2692146b1,vinodelnya_marchenko_mtsvane_mtsvane_kahetinskiy_beloe_suhoe_135_f2692146b1.webp,photo_exact,Мцване,Винодельня Марченко,Белое,Светло‑соломенный с легкими зеленоватыми отблесками,Кубань
myshako-green-cape-shardone-beloe-bryut,Myshako_grin_kejp_shardone_e8511bbe5d,Myshako_grin_kejp_shardone_e8511bbe5d.webp,photo_exact,Мысхако Green Cape Шардоне белое брют,Мысхако,Белое,Светло-соломенный,Кубань
myshako-igristoe-beloe-bryut,Myshako_igristoe_bryut_beloe_d8ba526bcc,Myshako_igristoe_bryut_beloe_d8ba526bcc.webp,photo_exact,Мысхако игристое белое брют,Мысхако,Белое,Светло-соломенный с зеленоватым оттенком,Кубань
myshako-igristoe-beloe-polusladkoe,Myshako_igristoe_polusladkoe_beloe_846a405f2a,Myshako_igristoe_polusladkoe_beloe_846a405f2a.webp,photo_exact,Мысхако игристое белое полусладкое,Мысхако,Белое,Соломенно-желтый с золотистым оттенком,Кубань
vinodelnya-myshako-myshako-kyuve-rozovoe-pino-nuar-bryut-123,vinodelnya_myshako_myshako_kyuve_rozovoe_pino_nuar_igristoe_bryut_rozovoe_123_eace41f3c1,vinodelnya_myshako_myshako_kyuve_rozovoe_pino_nuar_igristoe_bryut_rozovoe_123_eace41f3c1.webp,photo_exact,Мысхако Кюве Розовое,Мысхако,Розовое,Светло-розовый,Кубань
uppa-winery-nebbiolo-krasnoe-suhoe-14,uppa_winery_nebbiolo_krasnoe_suhoe_14_2d7e43d3e7,uppa_winery_nebbiolo_krasnoe_suhoe_14_2d7e43d3e7.webp,photo_exact,Неббиоло,Uppa Winery,Красное,"Чистый, прозрачный красный цвет с кирпично-гранатовыми оттенками.",Крым
nebo-rossii-glera,Screenshot_6_Photoroom_b5b45ec3f4,Screenshot_6_Photoroom_b5b45ec3f4.webp,photo_exact,Небо России Глера,Kalos Limen,Белое,Светло-соломенный,Крым
vinodelnya-zhakov-neoranzh-vostorg-beloe-suhoe-123,vinodelnya_zhakov_neoranzh_vostorg_beloe_suhoe_123_daeaeb297b,vinodelnya_zhakov_neoranzh_vostorg_beloe_suhoe_123_daeaeb297b.webp,photo_exact,Неоранж,Винодельня Жаков,Белое,Светло-соломенный с золотистым оттенком,Крым
novyy-svet-dom-shampanskih-vin-novyy-svet-polusladkoe-roze-shardone-rozovoe-115,novyy_svet_dom_shampanskih_vin_novyy_svet_polusladkoe_roze_shardone_igristoe_polusladkoe_rozovoe_115_79fb7eee7d,novyy_svet_dom_shampanskih_vin_novyy_svet_polusladkoe_roze_shardone_igristoe_polusladkoe_rozovoe_115_79fb7eee7d.webp,photo_exact,Новый Свет полусладкое розе,Новый Свет. Дом шампанских вин,Розовое,Бледно-розовый цвет с лососевыми оттенками и золотистым блеском.,Крым
novyy-svet-dom-shampanskih-vin-novyy-svet-kokur-kokur-belyy-beloe-ekstra-bryut-12,novyy_svet_dom_shampanskih_vin_novyy_svet_kokur_kokur_belyy_igristoe_ekstra_bryut_beloe_12_b5e5ba5f93,novyy_svet_dom_shampanskih_vin_novyy_svet_kokur_kokur_belyy_igristoe_ekstra_bryut_beloe_12_b5e5ba5f93.webp,photo_exact,Новый Свет. Кокур,Новый Свет. Дом шампанских вин,Белое,Светло-соломенный цвет с золотистыми отблесками.,Крым
novyy-svet-dom-shampanskih-vin-novyy-svet-kyuve-ekstra-bryut-shardone-beloe-135,novyy_svet_dom_shampanskih_vin_novyy_svet_kyuve_ekstra_bryut_shardone_igristoe_ekstra_bryut_beloe_135_581e3f0c7a,novyy_svet_dom_shampanskih_vin_novyy_svet_kyuve_ekstra_bryut_shardone_igristoe_ekstra_bryut_beloe_135_581e3f0c7a.webp,photo_exact,Новый Свет. Кюве экстра брют,Новый Свет. Дом шампанских вин,Белое,Золотистый цвет с красивым ровным блеском.,Крым
novyy-svet-dom-shampanskih-vin-novyy-svet-pino-nuar-rozovoe-bryut-13,novyy_svet_dom_shampanskih_vin_novyy_svet_pino_nuar_igristoe_bryut_rozovoe_13_44fddc2b18,novyy_svet_dom_shampanskih_vin_novyy_svet_pino_nuar_igristoe_bryut_rozovoe_13_44fddc2b18.webp,photo_exact,Новый Свет. Пино Нуар,Новый Свет. Дом шампанских вин,Розовое,Золотисто-розовый цвет с нежными лососевыми отблесками.,Крым
vinodelnya-uzunov-nrav-krasnostop-zolotovskiy-krasnoe-suhoe-132,vinodelnya_uzunov_nrav_krasnostop_zolotovskiy_krasnoe_suhoe_132_17879d1190,vinodelnya_uzunov_nrav_krasnostop_zolotovskiy_krasnoe_suhoe_132_17879d1190.webp,photo_exact,Нрав,Винодельня Узунов,Красное,Тёмно-рубиновый,Кубань
vinodelnya-uzunov-nrav-rezerv-krasnostop-zolotovskiy-krasnoe-suhoe-139,vinodelnya_uzunov_nrav_rezerv_krasnostop_zolotovskiy_krasnoe_suhoe_139_ef83afb6fb,vinodelnya_uzunov_nrav_rezerv_krasnostop_zolotovskiy_krasnoe_suhoe_139_ef83afb6fb.webp,photo_exact,Нрав Резерв,Винодельня Узунов,Красное,Гранатово-пурпурный,Кубань
artvin-odesskiy-chernyy-rezerv-krasnoe-suhoe-13,artvin_odesskiy_chernyy_rezerv_krasnoe_suhoe_13_4531c8f1c7,artvin_odesskiy_chernyy_rezerv_krasnoe_suhoe_13_4531c8f1c7.webp,photo_exact,Одесский Черный Резерв,Артвин,Красное,Глубокий рубиновый,Крым
perovskih_odesskiy_chernyi,Odesskij_chernyj_limitirovannaya_52bc844aa1,Odesskij_chernyj_limitirovannaya_52bc844aa1.webp,photo_exact,Одесский черный. Лимитированная серия,Усадьба Перовских,Красное,Вино темно-рубинового цвета с вишневым оттенком. ,Крым
oleg,Screenshot_9_384533e54c,Screenshot_9_384533e54c.webp,photo_exact,Олег,Табия,Белое,Светло-золотистый,Кубань
olymp-winery-olimp-avtorskoe-kaberne-sovinon-krasnoe-suhoe-11,olymp_winery_olimp_avtorskoe_kaberne_sovinon_krasnoe_suhoe_11_9c790bc6e3,olymp_winery_olimp_avtorskoe_kaberne_sovinon_krasnoe_suhoe_11_9c790bc6e3.webp,photo_exact,Олимп Авторское Каберне Совиньон,Olymp Winery,Красное,"Гранатово-рубиновый, прозрачный",Кубань
loco-cimbali-oranzh-muskat-oranzhevoe-suhoe-127,loco_cimbali_oranzh_muskat_oranzhevoe_suhoe_127_dc98a21033,loco_cimbali_oranzh_muskat_oranzhevoe_suhoe_127_dc98a21033.webp,photo_exact,Оранж,Loco Cimbali,Оранжевое,Золотисто-янтарный,Крым
loco-cimbali-oranzh-muskat-belyy-beloe-suhoe-129,loco_cimbali_oranzh_muskat_belyy_beloe_suhoe_129_8e7474bb65,loco_cimbali_oranzh_muskat_belyy_beloe_suhoe_129_8e7474bb65.webp,photo_exact,Оранж,Loco Cimbali,Белое,Вино насыщенного желто-соломенного цвета.,Крым
zmv-koktebel-oranzh-rkatsiteli-beloe-suhoe-125,zmv_koktebel_oranzh_rkatsiteli_beloe_suhoe_125_43fc87e7b1,zmv_koktebel_oranzh_rkatsiteli_beloe_suhoe_125_43fc87e7b1.webp,photo_exact,"Оранж, Ркацители",ЗМВ Коктебель,Белое,Янтарный,Крым
vinodelnya-myshako-oranzhevoe-iz-belogo-gevyurtstraminer-krasnoe-suhoe-142,vinodelnya_myshako_oranzhevoe_iz_belogo_gevyurtstraminer_krasnoe_suhoe_142_44b9fe0380,vinodelnya_myshako_oranzhevoe_iz_belogo_gevyurtstraminer_krasnoe_suhoe_142_44b9fe0380.webp,photo_exact,Оранжевое из Белого,Мысхако,Красное,Золотистый,Кубань
andryus-yutsis-organik-risling-beloe-suhoe-115,andryus_yutsis_organik_risling_beloe_suhoe_115_6eb74add89,andryus_yutsis_organik_risling_beloe_suhoe_115_6eb74add89.webp,photo_exact,Органик Рислинг,Andryus Yutsis,Белое,Соломенно-золотистый,Крым
denisov_pazori_risling,Pazori_Risling_e5de844d95,Pazori_Risling_e5de844d95.webp,photo_exact,Пазори Рислинг,Denisov Winery,Белое,Светло-соломенный с устойчивым муссом и длительным перляжем,Самара
vinodelnya-raevskoe-parfyum-de-terruar-blansh-vione-beloe-suhoe-12,vinodelnya_raevskoe_parfyum_de_terruar_blansh_vione_beloe_suhoe_12_da74965f85,vinodelnya_raevskoe_parfyum_de_terruar_blansh_vione_beloe_suhoe_12_da74965f85.webp,photo_exact,Парфюм Де Терруар. Бланш,Раевское,Белое,Лимонно-соломенный,Кубань
vinodelnya-raevskoe-parfyum-de-terruar-muskat-muskat-zheltyy-beloe-suhoe-123,vinodelnya_raevskoe_parfyum_de_terruar_muskat_muskat_zheltyy_beloe_suhoe_123_b111e93f53,vinodelnya_raevskoe_parfyum_de_terruar_muskat_muskat_zheltyy_beloe_suhoe_123_b111e93f53.webp,photo_exact,Парфюм Де Терруар. Мускат,Раевское,Белое,Бледно-желтый,Кубань
vinodelnya-raevskoe-parfyum-de-terruar-risling-beloe-suhoe-12,vinodelnya_raevskoe_parfyum_de_terruar_risling_beloe_suhoe_12_8823716922,vinodelnya_raevskoe_parfyum_de_terruar_risling_beloe_suhoe_12_8823716922.webp,photo_exact,Парфюм Де Терруар. Рислинг,Раевское,Белое,Бледно-соломенный,Кубань
vinodelnya-raevskoe-parfyum-de-terruar-roze-tempranilo-rozovoe-suhoe-116,vinodelnya_raevskoe_parfyum_de_terruar_roze_tempranilo_rozovoe_suhoe_116_3a3a12f03a,vinodelnya_raevskoe_parfyum_de_terruar_roze_tempranilo_rozovoe_suhoe_116_3a3a12f03a.webp,photo_exact,Парфюм де Терруар. Розе,Раевское,Розовое,"Светло-розовый, с пурпурными отблесками",Кубань
vinodelnya-raevskoe-parfyum-de-terruar-ruzh-tempranilo-krasnoe-suhoe-13,vinodelnya_raevskoe_parfyum_de_terruar_ruzh_tempranilo_krasnoe_suhoe_13_ac22e06bac,vinodelnya_raevskoe_parfyum_de_terruar_ruzh_tempranilo_krasnoe_suhoe_13_ac22e06bac.webp,photo_exact,Парфюм де Терруар. Руж,Раевское,Красное,"Насыщенный рубиновый, с фиолетовыми отблесками",Кубань
vinodelnya-raevskoe-parfyum-de-terruar-sovinon-blan-beloe-suhoe-121,vinodelnya_raevskoe_parfyum_de_terruar_sovinon_blan_beloe_suhoe_121_fb61b21cb1,vinodelnya_raevskoe_parfyum_de_terruar_sovinon_blan_beloe_suhoe_121_fb61b21cb1.webp,photo_exact,Парфюм Де Терруар. Совиньон Блан,Раевское,Белое,Лимонно-соломенный,Кубань
valeriy-zaharin-paterum-bastardo-saperavi-kefesiya-bastardo-magarachskiy-krasnoe-suhoe-12,valeriy_zaharin_paterum_bastardo_saperavi_kefesiya_bastardo_magarachskiy_krasnoe_suhoe_12_f8cd350db5,valeriy_zaharin_paterum_bastardo_saperavi_kefesiya_bastardo_magarachskiy_krasnoe_suhoe_12_f8cd350db5.webp,photo_exact,Патерум. Бастардо – Саперави – Кефесия,Валерий Захарьин,Красное,Темно-рубиновый,Крым
denisov_pereplyas_kurmyshi,Tihoe_Pereplyas_2025_2090756472,Tihoe_Pereplyas_2025_2090756472.webp,photo_exact,Перепляс. Курмыши,Denisov Winery,Розовое,Бледно-персиковый цвет,Самара
skalistyy-bereg-pesn-holmov-merlo-krasnoe-suhoe-145,skalistyy_bereg_pesn_holmov_merlo_krasnoe_suhoe_145_88a221aea6,skalistyy_bereg_pesn_holmov_merlo_krasnoe_suhoe_145_88a221aea6.webp,photo_exact,Песнь холмов,Скалистый берег,Красное,Рубиновый,Кубань
denisov_pet_nat_rubin,PETNAT_Rubin_prozrachnaya_3964ed9fec,PETNAT_Rubin_prozrachnaya_3964ed9fec.webp,photo_exact,Пет-Нат Рубин,Denisov Winery,Розовое,Светло-соломенный с устойчивым муссом и длительным перляжем,Самара
denisov_pet_nat_citron_rkaciteli,PETNAT_Czitron_Rkacziteli_prozrachnaya_2_2a66431961,PETNAT_Czitron_Rkacziteli_prozrachnaya_2_2a66431961.webp,photo_exact,Пет-Нат Цитрон-Ркацители,Denisov Winery,Белое,Светло-соломенный с устойчивым муссом и длительным перляжем,Самара
alma-valley-petit-arvin-beloe-suhoe-13,alma_valley_petit_arvin_beloe_suhoe_13_863e81595b,alma_valley_petit_arvin_beloe_suhoe_13_863e81595b.webp,photo_exact,Петит Арвин,Alma Valley,Белое,Светло-соломенный,Крым
golubitskoe-estate-petnat-white-risling-reynskiy-beloe-suhoe-115,golubitskoe_estate_petnat_white_risling_reynskiy_petnat_suhoy_belyy_115_e6d0ac50f9,golubitskoe_estate_petnat_white_risling_reynskiy_petnat_suhoy_belyy_115_e6d0ac50f9.webp,photo_exact,Петнат White,Golubitskoe Estate,Белое,Бледный соломенный,Кубань
shato-pino-petnat-oranzh-vione-beloe-ekstra-bryut-11,shato_pino_oranzh_vione_igristoe_ekstra_bryut_beloe_11_9a8ccb87e7,shato_pino_oranzh_vione_igristoe_ekstra_bryut_beloe_11_9a8ccb87e7.webp,photo_exact,Петнат Оранж,Шато Пино,Белое,Соломенный,Кубань
shato-pino-petnat-pino-gri-beloe-ekstra-bryut-11,shato_pino_pino_gri_igristoe_ekstra_bryut_beloe_11_470a963704,shato_pino_pino_gri_igristoe_ekstra_bryut_beloe_11_470a963704.webp,photo_exact,Петнат Пино Гри,Шато Пино,Белое,Светло-персиковый,Кубань
shato-pino-petnat-pino-gri-rozovoe-ekstra-bryut-11,shato_pino_pino_gri_igristoe_ekstra_bryut_rozovoe_11_660c923c47,shato_pino_pino_gri_igristoe_ekstra_bryut_rozovoe_11_660c923c47.webp,photo_exact,Петнат Пино Гри,Шато Пино,Розовое,Клубнично-розовый,Кубань
shato-pino-petnat-pino-nuar-rozovoe-ekstra-bryut-11,shato_pino_pino_nuar_igristoe_ekstra_bryut_rozovoe_11_ebf10494b8,shato_pino_pino_nuar_igristoe_ekstra_bryut_rozovoe_11_ebf10494b8.webp,photo_exact,Петнат Пино Нуар,Шато Пино,Розовое,Клубнично-розовый,Кубань
denisov-winery-petnat-risling-beloe-ekstra-bryut-10,denisov_winery_petnat_risling_petnat_ekstra_bryut_belyy_10_8ac6c27fa7,denisov_winery_petnat_risling_petnat_ekstra_bryut_belyy_10_8ac6c27fa7.webp,photo_exact,Петнат Рислинг,Denisov Winery,Белое,Золотистый с зеленоватым оттенком.,Самара
denisov-winery-petnat-rkatsiteli-beloe-ekstra-bryut-107,denisov_winery_petnat_rkatsiteli_petnat_ekstra_bryut_belyy_107_5da935c18a,denisov_winery_petnat_rkatsiteli_petnat_ekstra_bryut_belyy_107_5da935c18a.webp,photo_exact,Петнат Ркацители,Denisov Winery,Белое,Соломенно-золотистый,Самара
denisov-winery-petnat-saperavi-severnyy-rozovoe-ekstra-bryut-105,denisov_winery_petnat_saperavi_severnyy_petnat_ekstra_bryut_rozovyy_105_4689f0cb14,denisov_winery_petnat_saperavi_severnyy_petnat_ekstra_bryut_rozovyy_105_4689f0cb14.webp,photo_exact,Петнат Саперави Северный,Denisov Winery,Розовое,Розовый,Самара
shato-pino-petnat-sovinon-blan-beloe-ekstra-bryut-11,shato_pino_sovinon_blan_igristoe_ekstra_bryut_beloe_11_419d1bcf49,shato_pino_sovinon_blan_igristoe_ekstra_bryut_beloe_11_419d1bcf49.webp,photo_exact,Петнат Совиньон Блан,Шато Пино,Белое,Светло-зеленый,Кубань
denisov-winery-petnat-tsitron-risling-tsitronnyy-magaracha-beloe-ekstra-bryut-102,denisov_winery_petnat_tsitron_risling_tsitronnyy_magaracha_petnat_ekstra_bryut_belyy_102_8f425093ef,denisov_winery_petnat_tsitron_risling_tsitronnyy_magaracha_petnat_ekstra_bryut_belyy_102_8f425093ef.webp,photo_exact,Петнат Цитрон - Рислинг,Denisov Winery,Белое,Светло-соломенный с легкими зелеными оттенками.,Самара
alma-valley-pino-blan-beloe-suhoe-14,alma_valley_pino_blan_beloe_suhoe_14_8798dea7ca,alma_valley_pino_blan_beloe_suhoe_14_8798dea7ca.webp,photo_exact,Пино Блан,Alma Valley,Белое,Бледно-золотистый,Крым
loco-cimbali-pino-blan-beloe-suhoe-13,loco_cimbali_pino_blan_beloe_suhoe_13_8c35d27517,loco_cimbali_pino_blan_beloe_suhoe_13_8c35d27517.webp,photo_exact,Пино Блан,Loco Cimbali,Белое,Светло-лимонный,Крым
winepark-pino-blan-beloe-suhoe-125,winepark_pino_blan_beloe_suhoe_125_b372984207,winepark_pino_blan_beloe_suhoe_125_b372984207.webp,photo_exact,Пино Блан,WINEPARK,Белое,Вино бледно-лимонного цвета с яркими золотыми бликами.,Крым
alma-valley-pino-blan-rezerv-beloe-suhoe-14,alma_valley_pino_blan_rezerv_beloe_suhoe_14_1be9ab6c2a,alma_valley_pino_blan_rezerv_beloe_suhoe_14_1be9ab6c2a.webp,photo_exact,Пино Блан Резерв,Alma Valley,Белое,Золотистый,Крым
esse-pino-gri-beloe-suhoe-12,esse_pino_gri_beloe_suhoe_12_8bf3160446,esse_pino_gri_beloe_suhoe_12_8bf3160446.webp,photo_exact,Пино Гри,ESSE,Белое,Соломенный,Крым
massandra-pino-gri-beloe-sladkoe-16,massandra_pino_gri_beloe_sladkoe_16_d391c28c56,massandra_pino_gri_beloe_sladkoe_16_d391c28c56.webp,photo_exact,Пино Гри,Массандра,Белое,Янтарно-золотистый,Крым
sober-bash-pino-gri-beloe-suhoe-11,sober_bash_pino_gri_beloe_suhoe_11_725e59e401,sober_bash_pino_gri_beloe_suhoe_11_725e59e401.webp,photo_exact,Пино Гри,Собер Баш,Белое,Светло-соломенный цвет с золотистыми отблесками,Кубань
esse-pino-gri-beloe-suhoe-135,esse_pino_gri_beloe_suhoe_135_914856d918,esse_pino_gri_beloe_suhoe_135_914856d918.webp,photo_exact,Пино Гри,ESSE,Белое,Вино бледно-лимонного цвета с ярким золотистым блеском.,Крым
alma-valley-pino-gri-beloe-polusuhoe-15,alma_valley_pino_gri_beloe_polusuhoe_15_4e288bc898,alma_valley_pino_gri_beloe_polusuhoe_15_4e288bc898.webp,photo_exact,Пино Гри,Alma Valley,Белое,Светло-соломенный,Крым
chateau-andre-pino-gri-beloe-suhoe-14,chateau_andre_pino_gri_beloe_suhoe_14_6dc42ba55b,chateau_andre_pino_gri_beloe_suhoe_14_6dc42ba55b.webp,photo_exact,Пино Гри,Chateau Andre,Белое,Светло-соломенный с зелёными отблесками,Кубань
esse-pino-gri-blush-rozovoe-suhoe-115,esse_pino_gri_blush_rozovoe_suhoe_115_6dbb8b61f3,esse_pino_gri_blush_rozovoe_suhoe_115_6dbb8b61f3.webp,photo_exact,Пино Гри Blush,ESSE,Розовое,Бледно-розовый,Крым
esse-pino-gri-blash-rozovoe-suhoe-125,esse_pino_gri_blash_rozovoe_suhoe_125_b69f532199,esse_pino_gri_blash_rozovoe_suhoe_125_b69f532199.webp,photo_exact,Пино Гри Блаш,ESSE,Розовое,Вино бледно-кораллового цвета с золотистыми бликами.,Крым
zmv-koktebel-pino-gri-desertnoe-beloe-sladkoe-16,zmv_koktebel_pino_gri_desertnoe_beloe_sladkoe_16_b61dc2f497,zmv_koktebel_pino_gri_desertnoe_beloe_sladkoe_16_b61dc2f497.webp,photo_exact,Пино гри десертное,ЗМВ Коктебель,Белое,Янтарный,Крым
shato-pino-pino-gri-roze-rozovoe-ekstra-bryut-12,shato_pino_pino_gri_roze_igristoe_ekstra_bryut_rozovoe_12_dc98b15d48,shato_pino_pino_gri_roze_igristoe_ekstra_bryut_rozovoe_12_dc98b15d48.webp,photo_exact,Пино Гри розе,Шато Пино,Розовое,Пудрово-розовый,Кубань
vinodelnya-myshako-pino-gridzhio-beloe-polusuhoe-123,vinodelnya_myshako_pino_gridzhio_beloe_polusuhoe_123_b4efce4e31,vinodelnya_myshako_pino_gridzhio_beloe_polusuhoe_123_b4efce4e31.webp,photo_exact,Пино Гриджио,Мысхако,Белое,Соломенный,Кубань
shato-pino-pino-gridzhio-beloe-suhoe-12,shato_pino_pino_gridzhio_beloe_suhoe_12_4b10c72d3d,shato_pino_pino_gridzhio_beloe_suhoe_12_4b10c72d3d.webp,photo_exact,Пино Гриджио,Шато Пино,Белое,Светло-медовый,Кубань
loco-cimbali-pino-mene-krasnoe-suhoe-115,loco_cimbali_pino_mene_krasnoe_suhoe_115_35912ae0c1,loco_cimbali_pino_mene_krasnoe_suhoe_115_35912ae0c1.webp,photo_exact,Пино Менье,Loco Cimbali,Красное,Рубиновый,Крым
belbek-pino-mene-krasnoe-suhoe-128,belbek_pino_mene_krasnoe_suhoe_128_e2f0538eec,belbek_pino_mene_krasnoe_suhoe_128_e2f0538eec.webp,photo_exact,Пино Менье,Бельбек,Красное,Гранатово-красный,Крым
loco-cimbali-pino-nuar-krasnoe-suhoe-126,loco_cimbali_pino_nuar_krasnoe_suhoe_126_bf544ab5a0,loco_cimbali_pino_nuar_krasnoe_suhoe_126_bf544ab5a0.webp,photo_exact,Пино Нуар,Loco Cimbali,Красное,Бледно-рубиновый,Крым
bakla-vines-pino-nuar-krasnoe-suhoe-125,bakla_vines_pino_nuar_krasnoe_suhoe_125_da1c7fdac6,bakla_vines_pino_nuar_krasnoe_suhoe_125_da1c7fdac6.webp,photo_exact,Пино Нуар,Bakla Vines,Красное,Вишневый с красными бликами,Крым
bogovich-wine-vineyard-pino-nuar-krasnoe-suhoe-125,bogovich_wine_vineyard_pino_nuar_krasnoe_suhoe_125_1146574e01,bogovich_wine_vineyard_pino_nuar_krasnoe_suhoe_125_1146574e01.webp,photo_exact,Пино Нуар,Bogovich Wine & Vineyard,Красное,Кирпично-рубиновый,Крым
andryus-yutsis-pino-nuar-krasnoe-suhoe-12,andryus_yutsis_pino_nuar_krasnoe_suhoe_12_bf6b9d813b,andryus_yutsis_pino_nuar_krasnoe_suhoe_12_bf6b9d813b.webp,photo_exact,Пино Нуар,Andryus Yutsis,Красное,Насыщенно-рубиновый,Крым
belbek-pino-nuar-krasnoe-suhoe-133,belbek_pino_nuar_krasnoe_suhoe_133_a2cb505435,belbek_pino_nuar_krasnoe_suhoe_133_a2cb505435.webp,photo_exact,Пино Нуар,Бельбек,Красное,Сдержанный рубиновый,Крым
chateau-andre-pino-nuar-krasnoe-suhoe-14,chateau_andre_pino_nuar_krasnoe_suhoe_14_2f54e79838,chateau_andre_pino_nuar_krasnoe_suhoe_14_2f54e79838.webp,photo_exact,Пино Нуар,Chateau Andre,Красное,Ярко-красный,Кубань
a-gordienko-m-nikolaev-pino-nuar-krasnoe-suhoe-135,a_gordienko_m_nikolaev_pino_nuar_krasnoe_suhoe_135_660d8a5012,a_gordienko_m_nikolaev_pino_nuar_krasnoe_suhoe_135_660d8a5012.webp,photo_exact,Пино Нуар,А. Гордиенко & М. Николаев,Красное,Рубиново-красный,Кубань
denisov-winery-pino-nuar-rozovoe-suhoe-125,denisov_winery_pino_nuar_rozovoe_suhoe_125_ad6a3633ed,denisov_winery_pino_nuar_rozovoe_suhoe_125_ad6a3633ed.webp,photo_exact,Пино Нуар,Denisov Winery,Розовое,Светло-персиковый с тонкими розоватыми штрихами.,Самара
chateau-cachalot-pino-nuar-krasnoe-suhoe-12,chateau_cachalot_pino_nuar_krasnoe_suhoe_12_baf40bf4e8,chateau_cachalot_pino_nuar_krasnoe_suhoe_12_baf40bf4e8.webp,photo_exact,Пино Нуар,Chateau Cachalot,Красное,Рубиновый,Крым
abrau-dyurso-pino-nuar-krasnoe-suhoe-125,abrau_dyurso_pino_nuar_krasnoe_suhoe_125_529987dabf,abrau_dyurso_pino_nuar_krasnoe_suhoe_125_529987dabf.webp,photo_exact,Пино Нуар,Абрау-Дюрсо,Красное,Рубиново-красный,Кубань
esse-pino-nuar-krasnoe-suhoe-115,esse_pino_nuar_krasnoe_suhoe_115_469fd883e6,esse_pino_nuar_krasnoe_suhoe_115_469fd883e6.webp,photo_exact,Пино Нуар,ESSE,Красное,Рубиновый,Крым
belmas-winery-pino-nuar-krasnoe-suhoe-135,belmas_winery_pino_nuar_krasnoe_suhoe_135_ea70d5c59b,belmas_winery_pino_nuar_krasnoe_suhoe_135_ea70d5c59b.webp,photo_exact,Пино Нуар,Belmas Winery,Красное,Красивый рубиновый цвет с вишнево-красными отблесками и бледным диском.,Крым
stn-winery-pino-nuar-krasnoe-suhoe-12,stn_winery_pino_nuar_krasnoe_suhoe_12_afc27a10d4,stn_winery_pino_nuar_krasnoe_suhoe_12_afc27a10d4.webp,photo_exact,Пино Нуар,STN Winery,Красное,Рубиновый,Крым
domaine-lipko-pino-nuar-krasnoe-suhoe-12,domaine_lipko_pino_nuar_krasnoe_suhoe_12_645408d2e3,domaine_lipko_pino_nuar_krasnoe_suhoe_12_645408d2e3.webp,photo_exact,Пино Нуар,Domaine Lipko,Красное,Рубиново-красный цвет с малиновыми оттенками и красивым блеском.,Крым
alma-valley-pino-nuar-krasnoe-suhoe-13,alma_valley_pino_nuar_krasnoe_suhoe_13_a898042e38,alma_valley_pino_nuar_krasnoe_suhoe_13_a898042e38.webp,photo_exact,Пино Нуар,Alma Valley,Красное,Рубиновый,Крым
abrau-dyurso-pino-nuar-krasnoe-suhoe-12,abrau_dyurso_pino_nuar_krasnoe_suhoe_vyderzhannoe_12_e7055f24aa,abrau_dyurso_pino_nuar_krasnoe_suhoe_vyderzhannoe_12_e7055f24aa.webp,photo_exact,Пино Нуар,Абрау-Дюрсо,Красное,Глубокий рубиновый цвет с гранатовыми оттенками.,Кубань
alma-valley-pino-nuar-beloe-ekstra-bryut-115,alma_valley_pino_nuar_beloe_ekstra_bryut_115_e3cb51cf8f,alma_valley_pino_nuar_beloe_ekstra_bryut_115_e3cb51cf8f.webp,photo_exact,Пино Нуар,Alma Valley,Белое,Светло-соломенный,Крым
shato-pino-pino-nuar-krasnoe-suhoe-135,shato_pino_pino_nuar_krasnoe_suhoe_135_d34aee0942,shato_pino_pino_nuar_krasnoe_suhoe_135_d34aee0942.webp,photo_exact,Пино Нуар,Шато Пино,Красное,Вишневый,Кубань
tempelhof-winery-pino-nuar-krasnoe-suhoe-125,tempelhof_winery_pino_nuar_krasnoe_suhoe_125_9f8f5502f9,tempelhof_winery_pino_nuar_krasnoe_suhoe_125_9f8f5502f9.webp,photo_exact,Пино Нуар,Tempelhof Winery,Красное,"Яркий рубиновый цвет с фиолетовым оттенком, нежным розовым ободком и красивым блеском.",Ставрополье
nikolaev-i-synovya-pino-nuar-krasnoe-suhoe-125,nikolaev_i_synovya_pino_nuar_krasnoe_suhoe_125_01b9ccdcdb,nikolaev_i_synovya_pino_nuar_krasnoe_suhoe_125_01b9ccdcdb.webp,photo_exact,Пино Нуар,Николаев и сыновья,Красное,Чистый рубиновый цвет с гранатовыми оттенками и ровным блеском.,Кубань
vaynkraft-pino-nuar-krasnoe-suhoe-13,vaynkraft_pino_nuar_krasnoe_suhoe_13_3e5b99ea7b,vaynkraft_pino_nuar_krasnoe_suhoe_13_3e5b99ea7b.webp,photo_exact,Пино Нуар,ВайнКрафт,Красное,Сочный красно-рубиновый,Крым
pino-nuar,Pino_Nuar_fca6ba49ed,Pino_Nuar_fca6ba49ed.webp,photo_exact,Пино Нуар,Галицкий и Галицкий,Красное,Тёмно-гранатовый,Кубань
donskoe-vinodelcheskoe-hozyaystvo-elbuzd-pino-nuar-krasnoe-suhoe-13,donskoe_vinodelcheskoe_hozyaystvo_elbuzd_pino_nuar_krasnoe_suhoe_13_fe1f143b4b,donskoe_vinodelcheskoe_hozyaystvo_elbuzd_pino_nuar_krasnoe_suhoe_13_fe1f143b4b.webp,photo_exact,Пино Нуар,"Донское винодельческое хозяйство ""Эльбузд""",Красное,Темно-гранатовый,Долина Дона
vinodelnya-myshako-pino-nuar-karmener-reserve-krasnoe-suhoe-138,vinodelnya_myshako_pino_nuar_karmener_reserve_krasnoe_suhoe_138_142d47602d,vinodelnya_myshako_pino_nuar_karmener_reserve_krasnoe_suhoe_138_142d47602d.webp,photo_exact,Пино Нуар - Карменер Reserve,Мысхако,Красное,Рубново-красный,Кубань
shato-pino-pino-nuar-pino-gri-rozovoe-suhoe-115,shato_pino_pino_nuar_pino_gri_rozovoe_suhoe_115_3537e77fae,shato_pino_pino_nuar_pino_gri_rozovoe_suhoe_115_3537e77fae.webp,photo_exact,Пино Нуар - Пино Гри,Шато Пино,Розовое,Нежно-розовый,Кубань
shato-pino-pino-nuar-saperavi-krasnoe-suhoe-13,shato_pino_pino_nuar_saperavi_krasnoe_suhoe_13_4166359dd7,shato_pino_pino_nuar_saperavi_krasnoe_suhoe_13_4166359dd7.webp,photo_exact,Пино Нуар - Саперави,Шато Пино,Красное,Темно-красный,Кубань
denisov-winery-pino-nuar-shardone-ekstra-bryut-beloe-125,denisov_winery_pino_nuar_shardone_ekstra_bryut_igristoe_ekstra_bryut_beloe_125_43d45643b9,denisov_winery_pino_nuar_shardone_ekstra_bryut_igristoe_ekstra_bryut_beloe_125_43d45643b9.webp,photo_exact,Пино Нуар - Шардоне экстра брют,Denisov Winery,Белое,Бледно-соломенный с золотистыми бликами.,Самара
bogovich-wine-vineyard-pino-nuar-2-krasnoe-suhoe-12,bogovich_wine_vineyard_pino_nuar_2_krasnoe_suhoe_12_ddfd0f7952,bogovich_wine_vineyard_pino_nuar_2_krasnoe_suhoe_12_ddfd0f7952.webp,photo_exact,Пино Нуар 2,Bogovich Wine & Vineyard,Красное,Красно-пурпурный,Крым
zmv-koktebel-pino-nuar-bryut-rozovoe-11,zmv_koktebel_pino_nuar_bryut_rozovoe_11_ef31c55be7,zmv_koktebel_pino_nuar_bryut_rozovoe_11_ef31c55be7.webp,photo_exact,Пино Нуар брют,ЗМВ Коктебель,Розовое,Нежно-розовый,Крым
dubinin-winery-pino-nuar-bryut-roze-rozovoe-ekstra-bryut-125,dubinin_winery_pino_nuar_bryut_roze_igristoe_ekstra_bryut_rozovoe_125_f445b9db8a,dubinin_winery_pino_nuar_bryut_roze_igristoe_ekstra_bryut_rozovoe_125_f445b9db8a.webp,photo_exact,Пино Нуар брют розе,Dubinin Winery,Розовое,Бледно-розовый переходящий в кремовый.,Кубань
pino-nuar-dzhavaga,pino_nuar_dzhavaga_d29d630ce8,pino_nuar_dzhavaga_d29d630ce8.webp,photo_exact,Пино Нуар Джавага,Галицкий и Галицкий,Красное,Рубиновый,Кубань
denisov_pino_noir_klaret,Tihoe_Krasnaya_strelka_Pino_Nuar_1_19fde8fd23,Tihoe_Krasnaya_strelka_Pino_Nuar_1_19fde8fd23.webp,photo_exact,Пино Нуар кларет. Красная стрелка,Denisov Winery,Розовое,Ярко-розовый цвет,Самара
le-k2-pino-nuar-pi-krasnoe-suhoe-133,le_k2_pino_nuar_pi_krasnoe_suhoe_133_12e71c8c98,le_k2_pino_nuar_pi_krasnoe_suhoe_133_12e71c8c98.webp,photo_exact,Пино нуар Пи,Le K2,Красное,Гранатовый,Крым
novyy-svet-dom-shampanskih-vin-pino-nuar-polusuhoe-rozovoe-135,novyy_svet_dom_shampanskih_vin_pino_nuar_polusuhoe_igristoe_polusuhoe_rozovoe_135_9940b7a0c3,novyy_svet_dom_shampanskih_vin_pino_nuar_polusuhoe_igristoe_polusuhoe_rozovoe_135_9940b7a0c3.webp,photo_exact,Пино Нуар полусухое,Новый Свет. Дом шампанских вин,Розовое,Нежный лососевый цвет с коралловыми оттенками и ярким блеском.,Крым
belbek-pino-nuar-rezerv-krasnoe-suhoe-135,belbek_pino_nuar_rezerv_krasnoe_suhoe_135_7e9ad8a8e2,belbek_pino_nuar_rezerv_krasnoe_suhoe_135_7e9ad8a8e2.webp,photo_exact,Пино Нуар Резерв,Бельбек,Красное,Красивый темно-рубиновый,Крым
usadba-perovskih-pino-nuar-rezerv-krasnoe-suhoe-122,usadba_perovskih_pino_nuar_rezerv_krasnoe_suhoe_122_a52f1c4ded,usadba_perovskih_pino_nuar_rezerv_krasnoe_suhoe_122_a52f1c4ded.webp,photo_exact,Пино Нуар Резерв,Усадьба Перовских,Красное,Ярко-рубиновый,Крым
alma-valley-pino-nuar-rezerv-krasnoe-suhoe-14,alma_valley_pino_nuar_rezerv_krasnoe_suhoe_14_c3c0dc1cc6,alma_valley_pino_nuar_rezerv_krasnoe_suhoe_14_c3c0dc1cc6.webp,photo_exact,Пино Нуар Резерв,Alma Valley,Красное,Рубиновый,Крым
chateau-le-grand-vostock-pino-nuar-rezerv-krasnoe-suhoe-14,chateau_le_grand_vostock_pino_nuar_rezerv_krasnoe_suhoe_vyderzhannoe_14_16df8a8740,chateau_le_grand_vostock_pino_nuar_rezerv_krasnoe_suhoe_vyderzhannoe_14_16df8a8740.webp,photo_exact,Пино Нуар Резерв,Château Le Grand Vostock,Красное,Вино бледно-рубинового цвета с гранатовым отливом.,Кубань
golubitskoe-estate-pino-nuar-rezerv-krasnoe-suhoe-132,golubitskoe_estate_pino_nuar_rezerv_krasnoe_suhoe_132_d93b15131f,golubitskoe_estate_pino_nuar_rezerv_krasnoe_suhoe_132_d93b15131f.webp,photo_exact,Пино Нуар Резерв,Golubitskoe Estate,Красное,Глубокий рубиново-красный,Кубань
shato-pino-pino-nuar-roze-rozovoe-ekstra-bryut-115,shato_pino_pino_nuar_roze_igristoe_ekstra_bryut_rozovoe_115_6ab9eefe2b,shato_pino_pino_nuar_roze_igristoe_ekstra_bryut_rozovoe_115_6ab9eefe2b.webp,photo_exact,Пино Нуар розе,Шато Пино,Розовое,Нежно-розовый,Кубань
domaine-de-la-vivandiere-pino-nuar-roze-rozovoe-suhoe-122,domaine_de_la_vivandiere_pino_nuar_roze_rozovoe_suhoe_122_48ffea282d,domaine_de_la_vivandiere_pino_nuar_roze_rozovoe_suhoe_122_48ffea282d.webp,photo_exact,Пино Нуар розе,Domaine de la Vivandiere,Розовое,Розовый с оранжевым оттенком и малиновыми бликами.,Крым
vinabani-pino-nuar-roze-rozovoe-suhoe-12,vinabani_pino_nuar_roze_rozovoe_suhoe_12_d4132258d7,vinabani_pino_nuar_roze_rozovoe_suhoe_12_d4132258d7.webp,photo_exact,Пино Нуар розе,VinaBani,Розовое,Рубиновый,Долина Дона
chateau-andre-pino-nuar-roze-rozovoe-suhoe-13,chateau_andre_pino_nuar_roze_rozovoe_suhoe_13_d662df99bd,chateau_andre_pino_nuar_roze_rozovoe_suhoe_13_d662df99bd.webp,photo_exact,Пино Нуар розе,Chateau Andre,Розовое,Светло-розовый,Кубань
belbek-pino-nuar-roze-rozovoe-suhoe-115,belbek_pino_nuar_roze_rozovoe_suhoe_115_19d98fb390,belbek_pino_nuar_roze_rozovoe_suhoe_115_19d98fb390.webp,photo_exact,Пино Нуар розе,Бельбек,Розовое,Бледно-розовый,Крым
imenie-sikory-pino-nuar-sikory-krasnoe-suhoe-14,imenie_sikory_pino_nuar_sikory_krasnoe_suhoe_14_4a36d13ce1,imenie_sikory_pino_nuar_sikory_krasnoe_suhoe_14_4a36d13ce1.webp,photo_exact,Пино Нуар Сикоры,Имение Сикоры,Красное,Вино бледно-рубинового цвета.,Кубань
valeriy-zaharin-pino-nuar-valeriy-zaharin-krasnoe-polusladkoe-105,valeriy_zaharin_pino_nuar_valeriy_zaharin_krasnoe_polusladkoe_105_5ffb538f5f,valeriy_zaharin_pino_nuar_valeriy_zaharin_krasnoe_polusladkoe_105_5ffb538f5f.webp,photo_exact,Пино Нуар. Валерий Захарьин,Валерий Захарьин,Красное,Глубокий красно-рубиновый,Крым
pino-nuar-premium,Screenshot_29_c14fcdaf9d,Screenshot_29_c14fcdaf9d.webp,photo_exact,Пино Нуар. Премиум,Литавщук. Litavshchuk vineyards & winery,Красное,Рубиновый,Кубань
imenie-sikory-pino-nuar-semeynyy-rezerv-krasnoe-suhoe-14,imenie_sikory_pino_nuar_semeynyy_rezerv_krasnoe_suhoe_14_e1d961aa68,imenie_sikory_pino_nuar_semeynyy_rezerv_krasnoe_suhoe_14_e1d961aa68.webp,photo_exact,Пино Нуар. Семейный резерв,Имение Сикоры,Красное,Рубиновый,Кубань
vinodelnya-bratev-melnikovyh-pino-dva-brata-pino-gri-rozovoe-suhoe-13,vinodelnya_bratev_melnikovyh_pino_dva_brata_pino_gri_rozovoe_suhoe_13_29922b3bc8,vinodelnya_bratev_melnikovyh_pino_dva_brata_pino_gri_rozovoe_suhoe_13_29922b3bc8.webp,photo_exact,Пино. Два Брата,Винодельня Братьев Мельниковых,Розовое,Насыщенный розовый,Крым
cloudy-winery-plohaya-devochka-pryanyy-traminer-traminer-beloe-suhoe-12,cloudy_winery_plohaya_devochka_pryanyy_traminer_traminer_beloe_suhoe_12_3160b1b322,cloudy_winery_plohaya_devochka_pryanyy_traminer_traminer_beloe_suhoe_12_3160b1b322.webp,photo_exact,Плохая девочка. Пряный Traminer,Cloudy Winery,Белое,Светло-соломенный,Кубань
cloudy-winery-plohaya-devochka-pryanyy-blend-byanka-beloe-suhoe-125,cloudy_winery_plohaya_devochka_pryanyy_blend_byanka_beloe_suhoe_125_ee12b511d9,cloudy_winery_plohaya_devochka_pryanyy_blend_byanka_beloe_suhoe_125_ee12b511d9.webp,photo_exact,Плохая девочка. Пряный Бленд,Cloudy Winery,Белое,Светло-соломенный,Кубань
cloudy-winery-plohaya-devochka-sochnyy-pino-noir-pino-nuar-krasnoe-suhoe-12,cloudy_winery_plohaya_devochka_sochnyy_pino_noir_pino_nuar_krasnoe_suhoe_12_60e37c5c3b,cloudy_winery_plohaya_devochka_sochnyy_pino_noir_pino_nuar_krasnoe_suhoe_12_60e37c5c3b.webp,photo_exact,Плохая девочка. Сочный Pino Noir,Cloudy Winery,Красное,Рубиново-красный,Кубань
pobeda,Screenshot_7_15aa119884,Screenshot_7_15aa119884.webp,photo_exact,Победа,Табия,Красное,Темно-рубиновый,Кубань
v2r-podnyat-parusa-kaberne-sovinon-krasnoe-suhoe-125,v2r_podnyat_parusa_kaberne_sovinon_krasnoe_suhoe_125_b672f31d66,v2r_podnyat_parusa_kaberne_sovinon_krasnoe_suhoe_125_b672f31d66.webp,photo_exact,Поднять паруса!,В2Р,Красное,Интенсивный рубиновый,Кубань
pozdnij-sbor-beloe,Screenshot_21_049bbb796f,Screenshot_21_049bbb796f.webp,photo_exact,"Поздний сбор, Белое",Литавщук. Litavshchuk vineyards & winery,Белое,Светло-золотистый,Кубань
pozdnij-sbor-krasnoe,Screenshot_22_1b291bec0e,Screenshot_22_1b291bec0e.webp,photo_exact,"Поздний сбор, Красное",Литавщук. Litavshchuk vineyards & winery,Красное,Гранатово-красный,Кубань
vinodelnya-pokrovskaya-pokrovskoe-krasnoe-kaberne-sovinon-suhoe-14,vinodelnya_pokrovskaya_pokrovskoe_krasnoe_kaberne_sovinon_krasnoe_suhoe_14_cb8d56d0d7,vinodelnya_pokrovskaya_pokrovskoe_krasnoe_kaberne_sovinon_krasnoe_suhoe_14_cb8d56d0d7.webp,photo_exact,Покровское красное,Винодельня Покровская,Красное,Вишнево-рубиновый,Нижняя Волга
vinodelnya-pokrovskaya-pokrovskoe-sladkoe-krasnoe-kaberne-sovinon-13,vinodelnya_pokrovskaya_pokrovskoe_sladkoe_krasnoe_kaberne_sovinon_krasnoe_sladkoe_13_962487e868,vinodelnya_pokrovskaya_pokrovskoe_sladkoe_krasnoe_kaberne_sovinon_krasnoe_sladkoe_13_962487e868.webp,photo_exact,Покровское сладкое красное,Винодельня Покровская,Красное,Насыщенный красно-рубиновый,Нижняя Волга
perovskih_polusladkoe_beloe,Beloe_Polusladkoe_2024_6ac89014e4,Beloe_Polusladkoe_2024_6ac89014e4.webp,photo_exact,Полусладкое Белое ,Усадьба Перовских,Белое,Вино золотистого цвета с зеленоватым отблеском. ,Крым
polusladkoe-beloe-zolotaya-balka,Polusladkoe_beloe_323cec4f4f,Polusladkoe_beloe_323cec4f4f.webp,photo_exact,Полусладкое Белое Золотая Балка,Золотая Балка,Белое,Светло-соломенный,Крым
perovskih_polusladkoe_krasnoe,Krasnoe_polusladkoe_2024_f21c3df4d0,Krasnoe_polusladkoe_2024_f21c3df4d0.webp,photo_exact,Полусладкое Красное,Усадьба Перовских,Красное,Вино с глубоким гранатовым оттенком. ,Крым
polusladkoe-krasnoe-zb-vajn-frizzante,Frizante_krasnoe_polusladkoe_67706f9516,Frizante_krasnoe_polusladkoe_67706f9516.webp,photo_exact,Полусладкое красное ЗБ вайн Фриззанте,Золотая Балка,Красное,рубиновый,Крым
polusladkoe-krasnoe-zolotaya-balka,Polusladkoe_krasnoe_09d1ac765c,Polusladkoe_krasnoe_09d1ac765c.webp,photo_exact,Полусладкое Красное Золотая Балка,Золотая Балка,Красное,рубиновый,Крым
perovskih_polusladkoe_rosovoe,Rozovoe_Polusladkoe_44f6f05597,Rozovoe_Polusladkoe_44f6f05597.webp,photo_exact,Полусладкое розовое,Усадьба Перовских,Розовое,"Вино розового цвета, с оттенками цветущего персика.",Крым
polusladkoe-rozovoe-zolotaya-balka,Polusladkoe_rozovoe_1_48c22903f2,Polusladkoe_rozovoe_1_48c22903f2.webp,photo_exact,Полусладкое Розовое Золотая Балка,Золотая Балка,Розовое,Нежно-розовый,Крым
polusuhoe-beloe-zolotaya-balka,Polusuhoe_beloe_2e5a2512bf,Polusuhoe_beloe_2e5a2512bf.webp,photo_exact,Полусухое Белое Золотая Балка,Золотая Балка,Белое,Светло-соломенный,Крым
perovskih_polusuhoe_krasnoe,Krasnoe_polusuhoe_2024_a4eadaac17,Krasnoe_polusuhoe_2024_a4eadaac17.webp,photo_exact,Полусухое Красное,Усадьба Перовских,Красное,"Вино красное полусухое, рубинового цвета.",Крым
polusuhoe-rozovoe-zb-vajn-frizzante,ZB_Frizzante_Rose_Semidry_7ffea30caf,ZB_Frizzante_Rose_Semidry_7ffea30caf.webp,photo_exact,Полусухое розовое ЗБ вайн Фриззанте,Золотая Балка,Розовое,Нежно-розовый,Крым
dacha-serdyuka-porechnoe-kaberne-sovinon-krasnoe-suhoe-13,dacha_serdyuka_porechnoe_kaberne_sovinon_krasnoe_suhoe_13_da7ab3daa7,dacha_serdyuka_porechnoe_kaberne_sovinon_krasnoe_suhoe_13_da7ab3daa7.webp,photo_exact,Поречное,Дача Сердюка,Красное,Темно-рубиновый с гранатовым подтоном,Долина Дона
zmv-koktebel-portveyn-beloe-kreplyonoe-aligote-sladkoe-17,zmv_koktebel_portveyn_beloe_kreplyonoe_aligote_sladkoe_17_f0222852d9,zmv_koktebel_portveyn_beloe_kreplyonoe_aligote_sladkoe_17_f0222852d9.webp,photo_exact,Портвейн - белое креплёное,ЗМВ Коктебель,Белое,Золотисто-янтарный,Крым
zmv-koktebel-portveyn-krasnoe-kreplyonoe-kaberne-sovinon-sladkoe-17,zmv_koktebel_portveyn_krasnoe_kreplyonoe_kaberne_sovinon_sladkoe_17_ffc534359d,zmv_koktebel_portveyn_krasnoe_kreplyonoe_kaberne_sovinon_sladkoe_17_ffc534359d.webp,photo_exact,Портвейн - красное креплёное,ЗМВ Коктебель,Красное,Тёмно-рубиновый,Крым
massandra-portveyn-belyy-alushta-belye-sorta-vinograda-beloe-sladkoe-17,massandra_portveyn_belyy_alushta_belye_sorta_vinograda_beloe_sladkoe_17_ab89a72383,massandra_portveyn_belyy_alushta_belye_sorta_vinograda_beloe_sladkoe_17_ab89a72383.webp,photo_exact,Портвейн белый Алушта,Массандра,Белое,"Золотистый, янтарный",Крым
massandra-portveyn-belyy-gurzuf-kokur-belyy-beloe-sladkoe-135,massandra_portveyn_belyy_gurzuf_kokur_belyy_beloe_sladkoe_135_d34b047b41,massandra_portveyn_belyy_gurzuf_kokur_belyy_beloe_sladkoe_135_d34b047b41.webp,photo_exact,Портвейн Белый Гурзуф,Массандра,Белое,Вино золотисто-янтарного цвета с медовыми переливами.,Крым
massandra-portveyn-belyy-krymskiy-kokur-beloe-sladkoe-18,massandra_portveyn_belyy_krymskiy_kokur_beloe_sladkoe_18_4a04230d4f,massandra_portveyn_belyy_krymskiy_kokur_beloe_sladkoe_18_4a04230d4f.webp,photo_exact,Портвейн белый крымский,Массандра,Белое,Янтарно-золотистый,Крым
massandra-portveyn-krasnyy-alushta-krasnye-sorta-vinograda-krasnoe-sladkoe-17,massandra_portveyn_krasnyy_alushta_krasnye_sorta_vinograda_krasnoe_sladkoe_17_15423ac1a3,massandra_portveyn_krasnyy_alushta_krasnye_sorta_vinograda_krasnoe_sladkoe_17_15423ac1a3.webp,photo_exact,Портвейн красный Алушта,Массандра,Красное,Тёмно-рубиновый с коричневатым оттенком,Крым
massandra-portveyn-krasnyy-livadiya-kaberne-sovinon-krasnoe-sladkoe-185,massandra_portveyn_krasnyy_livadiya_kaberne_sovinon_krasnoe_sladkoe_185_02e4e0776e,massandra_portveyn_krasnyy_livadiya_kaberne_sovinon_krasnoe_sladkoe_185_02e4e0776e.webp,photo_exact,Портвейн красный Ливадия,Массандра,Красное,Тёмно-рубиновый с коричневатым оттенком,Крым
portvejn-krymskij,Solnechnaya_dolina_portvejn_krymskij_e3f225c04e,Solnechnaya_dolina_portvejn_krymskij_e3f225c04e.webp,photo_exact,Портвейн Крымский,Солнечная долина,Белое,Золотистый,Крым
portvejn-surozh,Massandra_Portvejn_belyj_Surozh_5476f24b50,Massandra_Portvejn_belyj_Surozh_5476f24b50.webp,photo_exact,Портвейн Сурож,Массандра,Белое,Золотистый,Крым
solnechnaya-dolina-porto-solnechnoy-doliny-kokur-belyy-beloe-sladkoe-175,solnechnaya_dolina_porto_solnechnoy_doliny_kokur_belyy_beloe_likernoe_vyderzhannoe_175_6cac460b4e,solnechnaya_dolina_porto_solnechnoy_doliny_kokur_belyy_beloe_likernoe_vyderzhannoe_175_6cac460b4e.webp,photo_exact,Порто Солнечной Долины,Солнечная долина,Белое,Глубокий золотой цвет с янтарными отблесками и красивой прозрачностью.,Крым
potenczial-2026,Potenczial_672c03625e,Potenczial_672c03625e.webp,photo_exact,"Потенциал 2026, 2014",WINEMAFIA,Красное,Рубиновый,Кубань
vinodelnya-vedernikov-pravoberezhnoe-beloe-aligote-suhoe-13,vinodelnya_vedernikov_pravoberezhnoe_beloe_aligote_suhoe_13_bc8750c1c8,vinodelnya_vedernikov_pravoberezhnoe_beloe_aligote_suhoe_13_bc8750c1c8.webp,photo_exact,Правобережное белое,Ведерниковъ,Белое,Светло-соломенное с зелёными бликами,Долина Дона
vinodelnya-vedernikov-pravoberezhnoe-krasnoe-kaberne-sovinon-suhoe-145,vinodelnya_vedernikov_pravoberezhnoe_krasnoe_kaberne_sovinon_suhoe_145_75edc6fd6c,vinodelnya_vedernikov_pravoberezhnoe_krasnoe_kaberne_sovinon_suhoe_145_75edc6fd6c.webp,photo_exact,Правобережное красное,Ведерниковъ,Красное,Гранатовый,Долина Дона
shato-ay-danil-presto-rezerv-kaberne-sovinon-krasnoe-suhoe-135,shato_ay_danil_presto_rezerv_kaberne_sovinon_krasnoe_suhoe_vyderzhannoe_135_2099ac281e,shato_ay_danil_presto_rezerv_kaberne_sovinon_krasnoe_suhoe_vyderzhannoe_135_2099ac281e.webp,photo_exact,Престо Резерв,Шато Ай-Даниль,Красное,Вино рубинового цвета с блеском.,Крым
privat,Solnechnaya_dolina_Privat_e29e2f450a,Solnechnaya_dolina_Privat_e29e2f450a.webp,photo_exact,Приват,Солнечная долина,Красное,Рубиновый,Крым
solnechnaya-dolina-privat-kaberne-sovinon-krasnoe-sladkoe-155,solnechnaya_dolina_privat_kaberne_sovinon_krasnoe_likernoe_vyderzhannoe_155_b18918825f,solnechnaya_dolina_privat_kaberne_sovinon_krasnoe_likernoe_vyderzhannoe_155_b18918825f.webp,photo_exact,Приват,Солнечная долина,Красное,Глубокий рубиновый цвет с фиолетовыми оттенками.,Крым
vinodelnya-batrak-prikumskoe-sonnenschein-shardone-beloe-suhoe-12,vinodelnya_batrak_prikumskoe_sonnenschein_shardone_beloe_suhoe_12_ee92c4745e,vinodelnya_batrak_prikumskoe_sonnenschein_shardone_beloe_suhoe_12_ee92c4745e.webp,photo_exact,Прикумское Sonnenschein,Винодельня Батрак,Белое,Насыщенно-золотой,Ставрополье
vinodelnya-batrak-prikumskoe-vitale-kraft-kaberne-sovinon-krasnoe-suhoe-135,vinodelnya_batrak_prikumskoe_vitale_kraft_kaberne_sovinon_krasnoe_suhoe_135_42da615ec6,vinodelnya_batrak_prikumskoe_vitale_kraft_kaberne_sovinon_krasnoe_suhoe_135_42da615ec6.webp,photo_exact,Прикумское Vitale Kraft,Винодельня Батрак,Красное,Темно-рубиновый с красноватыми бликами,Ставрополье
vinodelnya-myshako-primitivo-blaufrankish-reserve-krasnoe-suhoe-142,vinodelnya_myshako_primitivo_blaufrankish_reserve_krasnoe_suhoe_142_c96e36183b,vinodelnya_myshako_primitivo_blaufrankish_reserve_krasnoe_suhoe_142_c96e36183b.webp,photo_exact,Примитиво - Блауфранкиш Reserve,Мысхако,Красное,Рубново-красный,Кубань
esse-prirodno-polusladkoe-beloe-risling-125,esse_prirodno_polusladkoe_beloe_risling_beloe_polusladkoe_125_727390d43b,esse_prirodno_polusladkoe_beloe_risling_beloe_polusladkoe_125_727390d43b.webp,photo_exact,Природно Полусладкое белое,ESSE,Белое,Золотисто-соломенный,Крым
esse-prirodno-polusladkoe-krasnoe-merlo-13,esse_prirodno_polusladkoe_krasnoe_merlo_krasnoe_polusladkoe_13_df0166b111,esse_prirodno_polusladkoe_krasnoe_merlo_krasnoe_polusladkoe_13_df0166b111.webp,photo_exact,Природно Полусладкое красное,ESSE,Красное,Насыщенный рубиновый,Крым
villa-di-alma-pti-verdo-krasnoe-suhoe-125,villa_di_alma_pti_verdo_krasnoe_suhoe_125_3c660417ac,villa_di_alma_pti_verdo_krasnoe_suhoe_125_3c660417ac.webp,photo_exact,Пти Вердо,Villa di Alma,Красное,Глубокий рубиновый цвет с чернильным оттенком.,Крым
domaine-lipko-pti-verdo-krasnoe-suhoe-14,domaine_lipko_pti_verdo_krasnoe_suhoe_14_155eed96cb,domaine_lipko_pti_verdo_krasnoe_suhoe_14_155eed96cb.webp,photo_exact,Пти Вердо,Domaine Lipko,Красное,Глубокий гранатовый цвет с фиолетовыми оттенками и красивым блеском.,Крым
sober-bash-puhlyakovskiy-beloe-suhoe-12,sober_bash_puhlyakovskiy_beloe_suhoe_12_c809d55527,sober_bash_puhlyakovskiy_beloe_suhoe_12_c809d55527.webp,photo_exact,Пухляковский,Собер Баш,Белое,Светло-соломенный,Кубань
vinodelnya-uzunov-rash-risling-beloe-suhoe-127,vinodelnya_uzunov_rash_risling_beloe_suhoe_127_f5a419791f,vinodelnya_uzunov_rash_risling_beloe_suhoe_127_f5a419791f.webp,photo_exact,РАШ,Винодельня Узунов,Белое,Вино бледно-лимонного цвета с красивым блеском.,Кубань
vinodelnya-uzunov-rash-rezerv-risling-reynskiy-beloe-suhoe-127,rash_rezerv_Photoroom_a165caa038,rash_rezerv_Photoroom_a165caa038.webp,photo_exact,РАШ Резерв,Винодельня Узунов,Белое,Соломенный,Кубань
rebo,Rebo_2023_b68e39eaee,Rebo_2023_b68e39eaee.webp,photo_exact,Ребо,Cellar Master,Красное,Насыщенный гранатовый,Крым
rebo-rezerv,Rebo_reserve_2023_2f54a334ff,Rebo_reserve_2023_2f54a334ff.webp,photo_exact,Ребо резерв,Cellar Master,Красное,Плотный гранатовый,Крым
relikta-relikta-antey-magarachskiy-muskat-belyy-rozovoe-polusuhoe-11,relikta_relikta_antey_magarachskiy_muskat_belyy_rozovoe_polusuhoe_11_22ccbaad9f,relikta_relikta_antey_magarachskiy_muskat_belyy_rozovoe_polusuhoe_11_22ccbaad9f.webp,photo_exact,"Реликта Антей Магарачский, Мускат Белый",Реликта,Розовое,Нежно-розовый,Кубань
relikta-relikta-varvary-antey-magarachskiy-krasnoe-suhoe-13-15,relikta_relikta_varvary_antey_magarachskiy_krasnoe_suhoe_13_15_a41ff30b81,relikta_relikta_varvary_antey_magarachskiy_krasnoe_suhoe_13_15_a41ff30b81.webp,photo_exact,Реликта Варвары,Реликта,Красное,Рубиновый,Кубань
relikta-relikta-dekabrskiy-krasnoe-polusladkoe-125,relikta_relikta_dekabrskiy_krasnoe_polusladkoe_125_e678cd28ce,relikta_relikta_dekabrskiy_krasnoe_polusladkoe_125_e678cd28ce.webp,photo_exact,Реликта Декабрьский,Реликта,Красное,Рубиновый,Кубань
relikta-relikta-kaberne-sovinon-krasnoe-suhoe-135,relikta_relikta_kaberne_sovinon_krasnoe_suhoe_135_f165601db7,relikta_relikta_kaberne_sovinon_krasnoe_suhoe_135_f165601db7.webp,photo_exact,Реликта Каберне Совиньон,Реликта,Красное,Рубиновый,Кубань
relikta-relikta-merlo-krasnoe-suhoe-135,relikta_relikta_merlo_krasnoe_suhoe_135_e4e0277049,relikta_relikta_merlo_krasnoe_suhoe_135_e4e0277049.webp,photo_exact,Реликта Мерло,Реликта,Красное,Рубиновый,Кубань
relikta-relikta-merlo-kaberne-sovinon-krasnoe-suhoe-135,relikta_relikta_merlo_kaberne_sovinon_krasnoe_suhoe_135_4d7da23f88,relikta_relikta_merlo_kaberne_sovinon_krasnoe_suhoe_135_4d7da23f88.webp,photo_exact,"Реликта Мерло, Каберне Совиньон",Реликта,Красное,Рубиновый,Кубань
relikta-relikta-muskat-beloe-polusuhoe-12,relikta_relikta_muskat_beloe_polusuhoe_12_6fed0ab5da,relikta_relikta_muskat_beloe_polusuhoe_12_6fed0ab5da.webp,photo_exact,Реликта Мускат,Реликта,Белое,Янтарный,Кубань
relikta-relikta-muskat-belyy-beloe-suhoe-12,relikta_relikta_muskat_belyy_beloe_suhoe_12_5b2b11ec48,relikta_relikta_muskat_belyy_beloe_suhoe_12_5b2b11ec48.webp,photo_exact,Реликта Мускат Белый,Реликта,Белое,Янтарный,Кубань
relikta-relikta-pervenets-pervenets-magaracha-beloe-suhoe-12,relikta_relikta_pervenets_pervenets_magaracha_beloe_suhoe_12_b4fce6d9a2,relikta_relikta_pervenets_pervenets_magaracha_beloe_suhoe_12_b4fce6d9a2.webp,photo_exact,Реликта Первенец,Реликта,Белое,Соломенный,Кубань
relikta-relikta-pervenets-muskat-pervenets-magaracha-beloe-polusladkoe-125,relikta_relikta_pervenets_muskat_pervenets_magaracha_beloe_polusladkoe_125_7ef7de5851,relikta_relikta_pervenets_muskat_pervenets_magaracha_beloe_polusladkoe_125_7ef7de5851.webp,photo_exact,Реликта Первенец Мускат,Реликта,Белое,Светло-соломенный,Кубань
relikta-relikta-petnat-antey-magarachskiy-rozovoe-ekstra-bryut-11,relikta_relikta_petnat_antey_magarachskiy_rozovoe_ekstra_bryut_11_00d21fcaf1,relikta_relikta_petnat_antey_magarachskiy_rozovoe_ekstra_bryut_11_00d21fcaf1.webp,photo_exact,Реликта Петнат,Реликта,Розовое,Розовый,Кубань
relikta-relikta-risling-beloe-suhoe-12,relikta_relikta_risling_beloe_suhoe_12_c4cc8d0ab4,relikta_relikta_risling_beloe_suhoe_12_c4cc8d0ab4.webp,photo_exact,Реликта Рислинг,Реликта,Белое,Янтарный,Кубань
relikta-relikta-sira-krasnoe-suhoe-13,relikta_relikta_sira_krasnoe_suhoe_13_7239045ae9,relikta_relikta_sira_krasnoe_suhoe_13_7239045ae9.webp,photo_exact,Реликта Сира,Реликта,Красное,Рубиновый,Кубань
relikta-relikta-sira-kaberne-fran-krasnoe-suhoe-13,relikta_relikta_sira_kaberne_fran_krasnoe_suhoe_13_f915b3e0fa,relikta_relikta_sira_kaberne_fran_krasnoe_suhoe_13_f915b3e0fa.webp,photo_exact,"Реликта Сира, Каберне Фран",Реликта,Красное,Рубиновый,Кубань
relikta-relikta-traminer-beloe-suhoe-11,relikta_relikta_traminer_beloe_suhoe_11_e7c7c353c6,relikta_relikta_traminer_beloe_suhoe_11_e7c7c353c6.webp,photo_exact,Реликта Траминер,Реликта,Белое,Янтарный,Кубань
relikta-relikta-shardone-beloe-suhoe-12,relikta_relikta_shardone_beloe_suhoe_12_b5447e74d6,relikta_relikta_shardone_beloe_suhoe_12_b5447e74d6.webp,photo_exact,Реликта Шардоне,Реликта,Белое,Соломенный,Кубань
relikta-relikta-ekstra-bryut-shardone-beloe-105,relikta_relikta_ekstra_bryut_shardone_beloe_105_186ff56ab3,relikta_relikta_ekstra_bryut_shardone_beloe_105_186ff56ab3.webp,photo_exact,Реликта Экстра Брют,Реликта,Белое,Янтарный,Кубань
rem-akchurin-rem-akchurin-pino-nuar-roze-rozovoe-suhoe-14,rem_akchurin_rem_akchurin_pino_nuar_roze_rozovoe_suhoe_14_10383931e1,rem_akchurin_rem_akchurin_pino_nuar_roze_rozovoe_suhoe_14_10383931e1.webp,photo_exact,Рем Акчурин Пино Нуар Розе,Rem Akchurin,Розовое,Нежно-розовый с лёгким лососевым оттенком,Крым
vinodelnya-raevskoe-renessans-beloe-shardone-suhoe-126,vinodelnya_raevskoe_renessans_beloe_shardone_beloe_suhoe_126_a8170bcee9,vinodelnya_raevskoe_renessans_beloe_shardone_beloe_suhoe_126_a8170bcee9.webp,photo_exact,Ренессанс белое,Раевское,Белое,Соломенно-золотистый,Кубань
vinodelnya-raevskoe-renessans-belyy-blend-risling-beloe-suhoe-121,vinodelnya_raevskoe_renessans_belyy_blend_risling_beloe_suhoe_121_d72a834899,vinodelnya_raevskoe_renessans_belyy_blend_risling_beloe_suhoe_121_d72a834899.webp,photo_exact,Ренессанс Белый бленд,Раевское,Белое,Золотистый,Кубань
vinodelnya-raevskoe-renessans-blaufrankish-krasnoe-suhoe-128,vinodelnya_raevskoe_renessans_blaufrankish_krasnoe_suhoe_128_5debb8fc14,vinodelnya_raevskoe_renessans_blaufrankish_krasnoe_suhoe_128_5debb8fc14.webp,photo_exact,Ренессанс Блауфранкиш,Раевское,Красное,Чистый прозрачный рубиновый цвет с вишнево-пурпурными оттенками.,Кубань
vinodelnya-raevskoe-renessans-vione-beloe-suhoe-122,vinodelnya_raevskoe_renessans_vione_beloe_suhoe_122_8d857ddfa3,vinodelnya_raevskoe_renessans_vione_beloe_suhoe_122_8d857ddfa3.webp,photo_exact,Ренессанс Вионье,Раевское,Белое,Светло-золотистый с соломенно-зеленоватыми штрихами,Кубань
vinodelnya-raevskoe-renessans-karmener-krasnoe-suhoe-12,vinodelnya_raevskoe_renessans_karmener_krasnoe_suhoe_12_690f3e8e78,vinodelnya_raevskoe_renessans_karmener_krasnoe_suhoe_12_690f3e8e78.webp,photo_exact,Ренессанс Карменер,Раевское,Красное,Глубокий насыщенный темно-рубиновый цвет с фиолетовыми отблесками.,Кубань
vinodelnya-raevskoe-renessans-krasnoe-kaberne-sovinon-suhoe-13,vinodelnya_raevskoe_renessans_krasnoe_kaberne_sovinon_krasnoe_suhoe_13_72587cf80e,vinodelnya_raevskoe_renessans_krasnoe_kaberne_sovinon_krasnoe_suhoe_13_72587cf80e.webp,photo_exact,Ренессанс красное,Раевское,Красное,Гранатово-рубиновый,Кубань
vinodelnya-raevskoe-renessans-pino-nuar-krasnoe-suhoe-125,vinodelnya_raevskoe_renessans_pino_nuar_krasnoe_suhoe_125_dfbc856fa3,vinodelnya_raevskoe_renessans_pino_nuar_krasnoe_suhoe_125_dfbc856fa3.webp,photo_exact,Ренессанс Пино Нуар,Раевское,Красное,Темно-рубиновый,Кубань
vinodelnya-raevskoe-renessans-pti-verdo-krasnoe-suhoe-145,vinodelnya_raevskoe_renessans_pti_verdo_krasnoe_suhoe_145_f62eb404c2,vinodelnya_raevskoe_renessans_pti_verdo_krasnoe_suhoe_145_f62eb404c2.webp,photo_exact,Ренессанс Пти Вердо,Раевское,Красное,"Чистый, прозрачный рубиновый цвет с фиолетовым оттенком.",Кубань
vinodelnya-raevskoe-renessans-rozovoe-tempranilo-suhoe-12,vinodelnya_raevskoe_renessans_rozovoe_tempranilo_rozovoe_suhoe_12_a7e60be17a,vinodelnya_raevskoe_renessans_rozovoe_tempranilo_rozovoe_suhoe_12_a7e60be17a.webp,photo_exact,Ренессанс Розовое,Раевское,Розовое,Розовый,Кубань
vinodelnya-raevskoe-renessans-tempranilo-krasnoe-suhoe-135,vinodelnya_raevskoe_renessans_tempranilo_krasnoe_suhoe_135_eab54b6b7c,vinodelnya_raevskoe_renessans_tempranilo_krasnoe_suhoe_135_eab54b6b7c.webp,photo_exact,Ренессанс Темпранильо,Раевское,Красное,Красно-рубиновый,Кубань
vinodelnya-raevskoe-renessans-shardone-beloe-suhoe-128,vinodelnya_raevskoe_renessans_shardone_beloe_suhoe_128_47261bcba1,vinodelnya_raevskoe_renessans_shardone_beloe_suhoe_128_47261bcba1.webp,photo_exact,Ренессанс Шардоне,Раевское,Белое,Золотисто-соломенный,Кубань
vinodelnya-raevskoe-renessans-shardone-beloe-suhoe-127,vinodelnya_raevskoe_renessans_shardone_beloe_suhoe_127_39a51d919c,vinodelnya_raevskoe_renessans_shardone_beloe_suhoe_127_39a51d919c.webp,photo_exact,Ренессанс Шардоне,Раевское,Белое,Вино бледно-лимонного цвета с бойкими золотыми бликами.,Кубань
vinodelnya-krinitsa-rivazh-kaberne-sovinon-krasnoe-suhoe-13,vinodelnya_krinitsa_rivazh_kaberne_sovinon_krasnoe_suhoe_13_4a7f72881d,vinodelnya_krinitsa_rivazh_kaberne_sovinon_krasnoe_suhoe_13_4a7f72881d.webp,photo_exact,Риваж,Криница,Красное,Интенсивный гранатовый,Кубань
alma-valley-rislaner-beloe-polusladkoe-125,alma_valley_rislaner_beloe_polusladkoe_125_01d472fe7c,alma_valley_rislaner_beloe_polusladkoe_125_01d472fe7c.webp,photo_exact,Рисланер,Alma Valley,Белое,Золотистый,Крым
winepark-risling-beloe-suhoe-125,winepark_risling_beloe_suhoe_125_166136f9df,winepark_risling_beloe_suhoe_125_166136f9df.webp,photo_exact,Рислинг,WINEPARK,Белое,Вино бледно-лимонного цвета.,Крым
andryus-yutsis-risling-beloe-suhoe-12,andryus_yutsis_risling_beloe_suhoe_12_a00be531c0,andryus_yutsis_risling_beloe_suhoe_12_a00be531c0.webp,photo_exact,Рислинг,Andryus Yutsis,Белое,Светло-соломенный,Крым
bakla-vines-risling-beloe-polusuhoe-125,bakla_vines_risling_beloe_polusuhoe_125_1b541a1b1c,bakla_vines_risling_beloe_polusuhoe_125_1b541a1b1c.webp,photo_exact,Рислинг,Bakla Vines,Белое,Блестящий светло-соломенный,Крым
esse-risling-beloe-suhoe-115,esse_risling_beloe_suhoe_115_56a1b754fc,esse_risling_beloe_suhoe_115_56a1b754fc.webp,photo_exact,Рислинг,ESSE,Белое,Светло-зеленый,Крым
chateau-andre-risling-beloe-suhoe-13,chateau_andre_risling_beloe_suhoe_13_cacac269cf,chateau_andre_risling_beloe_suhoe_13_cacac269cf.webp,photo_exact,Рислинг,Chateau Andre,Белое,Золотисто-соломенный с изящным блеском,Кубань
belbek-risling-risling-reynskiy-beloe-suhoe-12,belbek_risling_risling_reynskiy_beloe_suhoe_12_8eaeddd994,belbek_risling_risling_reynskiy_beloe_suhoe_12_8eaeddd994.webp,photo_exact,Рислинг,Бельбек,Белое,Светло-лимонный,Крым
vinodelnya-myshako-risling-beloe-suhoe-123,vinodelnya_myshako_risling_beloe_suhoe_123_6680d29abd,vinodelnya_myshako_risling_beloe_suhoe_123_6680d29abd.webp,photo_exact,Рислинг,Мысхако,Белое,Соломенный,Кубань
gunko-winery-risling-beloe-suhoe-135,gunko_winery_risling_beloe_suhoe_135_6242067443,gunko_winery_risling_beloe_suhoe_135_6242067443.webp,photo_exact,Рислинг,Gunko Winery,Белое,Прозрачный соломенный,Кубань
chateau-cachalot-risling-beloe-suhoe-115,chateau_cachalot_risling_beloe_suhoe_115_f258cd3856,chateau_cachalot_risling_beloe_suhoe_115_f258cd3856.webp,photo_exact,Рислинг,Chateau Cachalot,Белое,Золотистый с зелёными оттенками,Крым
golubitskoe-estate-risling-beloe-suhoe-125,golubitskoe_estate_risling_beloe_suhoe_125_f232e3bdcb,golubitskoe_estate_risling_beloe_suhoe_125_f232e3bdcb.webp,photo_exact,Рислинг,Golubitskoe Estate,Белое,Соломенный с переливающимися зеленоватыми искрами.,Кубань
domaine-de-la-vivandiere-risling-beloe-suhoe-122,domaine_de_la_vivandiere_risling_beloe_suhoe_122_68ba0c1792,domaine_de_la_vivandiere_risling_beloe_suhoe_122_68ba0c1792.webp,photo_exact,Рислинг,Domaine de la Vivandiere,Белое,Нежный светло-соломенный с зеленоватым оттенком,Крым
villa-sofiya-risling-beloe-suhoe-12,villa_sofiya_risling_beloe_suhoe_12_2455b065a9,villa_sofiya_risling_beloe_suhoe_12_2455b065a9.webp,photo_exact,Рислинг,Вилла София,Белое,Бледно-лимонный,Нижняя Волга
domaine-lipko-risling-beloe-polusuhoe-124,domaine_lipko_risling_beloe_polusuhoe_124_221fa1bd0b,domaine_lipko_risling_beloe_polusuhoe_124_221fa1bd0b.webp,photo_exact,Рислинг,Domaine Lipko,Белое,Соломенный,Крым
dubinin-winery-risling-beloe-suhoe-12,dubinin_winery_risling_beloe_suhoe_12_7ac8ef3e5f,dubinin_winery_risling_beloe_suhoe_12_7ac8ef3e5f.webp,photo_exact,Рислинг,Dubinin Winery,Белое,Светло-соломенный,Кубань
loco-cimbali-risling-beloe-suhoe-125,loco_cimbali_risling_beloe_suhoe_125_b5c98f4d21,loco_cimbali_risling_beloe_suhoe_125_b5c98f4d21.webp,photo_exact,Рислинг,Loco Cimbali,Белое,Светло-соломенный,Крым
denisov-winery-risling-beloe-suhoe-115,denisov_winery_risling_beloe_suhoe_115_3963e7c359,denisov_winery_risling_beloe_suhoe_115_3963e7c359.webp,photo_exact,Рислинг,Denisov Winery,Белое,Соломенно-золотистый,Самара
vinodelnya-krinitsa-risling-beloe-suhoe-13,vinodelnya_krinitsa_risling_beloe_suhoe_13_8b7fd60fb9,vinodelnya_krinitsa_risling_beloe_suhoe_13_8b7fd60fb9.webp,photo_exact,Рислинг,Криница,Белое,Яркий желто-соломенный,Кубань
vinodelnya-marko-risling-beloe-suhoe-12,vinodelnya_marko_risling_beloe_suhoe_12_99d6ef8f95,vinodelnya_marko_risling_beloe_suhoe_12_99d6ef8f95.webp,photo_exact,Рислинг,Винодельня Марко,Белое,Золотой с желтыми бликами,Ставрополье
abrau-dyurso-risling-beloe-suhoe-12,abrau_dyurso_risling_beloe_suhoe_12_dea6af4677,abrau_dyurso_risling_beloe_suhoe_12_dea6af4677.webp,photo_exact,Рислинг,Абрау-Дюрсо,Белое,Светло-соломенный,Кубань
rem-akchurin-risling-beloe-suhoe-125,rem_akchurin_risling_beloe_suhoe_125_e4d4908cd9,rem_akchurin_risling_beloe_suhoe_125_e4d4908cd9.webp,photo_exact,Рислинг,Rem Akchurin,Белое,Соломенный,Крым
vinodelnya-berdyaeva-risling-beloe-polusuhoe-108,vinodelnya_berdyaeva_risling_beloe_polusuhoe_108_e446508842,vinodelnya_berdyaeva_risling_beloe_polusuhoe_108_e446508842.webp,photo_exact,Рислинг,Винодельня Бердяева,Белое,Соломенный,Кубань
vinodelnya-berdyaeva-risling-risling-reynskiy-beloe-suhoe-121,vinodelnya_berdyaeva_risling_risling_reynskiy_beloe_suhoe_121_d8df12dffc,vinodelnya_berdyaeva_risling_risling_reynskiy_beloe_suhoe_121_d8df12dffc.webp,photo_exact,Рислинг,Винодельня Бердяева,Белое,Золотисто-соломенный,Кубань
v2r-risling-risling-reynskiy-beloe-suhoe-122,v2r_risling_risling_reynskiy_beloe_suhoe_122_01d92911d4,v2r_risling_risling_reynskiy_beloe_suhoe_122_01d92911d4.webp,photo_exact,Рислинг,В2Р,Белое,Нежный соломенный,Кубань
belmas-winery-risling-beloe-suhoe-135,belmas_winery_risling_beloe_suhoe_135_50cbb379a8,belmas_winery_risling_beloe_suhoe_135_50cbb379a8.webp,photo_exact,Рислинг,Belmas Winery,Белое,Соломенный цвет с легким зеленоватым оттенком.,Крым
loco-cimbali-risling-risling-reynskiy-beloe-suhoe-13,loco_cimbali_risling_risling_reynskiy_beloe_suhoe_13_18fbb74a2c,loco_cimbali_risling_risling_reynskiy_beloe_suhoe_13_18fbb74a2c.webp,photo_exact,Рислинг,Loco Cimbali,Белое,Соломенно-золотистый цвет с яркими отблесками.,Крым
vaynkraft-risling-beloe-suhoe-123,vaynkraft_risling_beloe_suhoe_123_a80dc48cd5,vaynkraft_risling_beloe_suhoe_123_a80dc48cd5.webp,photo_exact,Рислинг,ВайнКрафт,Белое,Соломенный,Крым
rem-akchurin-risling-beloe-polusuhoe-12,rem_akchurin_risling_beloe_polusuhoe_12_f5a8d1b1ef,rem_akchurin_risling_beloe_polusuhoe_12_f5a8d1b1ef.webp,photo_exact,Рислинг,Rem Akchurin,Белое,Вино бледно-лимонного цвета с зеленоватыми отблесками.,Крым
risling-1,Screenshot_11_a9d7c8f8df,Screenshot_11_a9d7c8f8df.webp,photo_exact,Рислинг,Табия,Белое,Светло-золотистый,Кубань
abrau-dyurso-risling-beloe-suhoe-13,abrau_dyurso_risling_beloe_suhoe_vyderzhannoe_13_3d81416050,abrau_dyurso_risling_beloe_suhoe_vyderzhannoe_13_3d81416050.webp,photo_exact,Рислинг,Абрау-Дюрсо,Белое,Вино бледно-лимонного цвета с золотистыми бликами.,Кубань
alma-valley-risling-beloe-polusuhoe-125,alma_valley_risling_beloe_polusuhoe_125_88fc981d53,alma_valley_risling_beloe_polusuhoe_125_88fc981d53.webp,photo_exact,Рислинг,Alma Valley,Белое,Светло-золотистый,Крым
donskoe-vinodelcheskoe-hozyaystvo-elbuzd-risling-beloe-suhoe-12,donskoe_vinodelcheskoe_hozyaystvo_elbuzd_risling_beloe_suhoe_12_c5359f598b,donskoe_vinodelcheskoe_hozyaystvo_elbuzd_risling_beloe_suhoe_12_c5359f598b.webp,photo_exact,Рислинг,"Донское винодельческое хозяйство ""Эльбузд""",Белое,Соломенно-желтый с золотистым блеском,Долина Дона
risling,Risling_5a37344384,Risling_5a37344384.webp,photo_exact,Рислинг,Галицкий и Галицкий,Белое,Серебристо-соломенный,Кубань
tempelhof-winery-risling-risling-reynskiy-beloe-suhoe-115,tempelhof_winery_risling_risling_reynskiy_beloe_suhoe_115_825c5cd60a,tempelhof_winery_risling_risling_reynskiy_beloe_suhoe_115_825c5cd60a.webp,photo_exact,Рислинг,Tempelhof Winery,Белое,Вино бледно-соломенного цвета.,Ставрополье
villa-sofiya-risling-beloe-suhoe-131,villa_sofiya_risling_beloe_suhoe_131_ce864e36d8,villa_sofiya_risling_beloe_suhoe_131_ce864e36d8.webp,photo_exact,Рислинг,Вилла София,Белое,Вино бледного желто-зеленоватого цвета.,Нижняя Волга
twopeters_risling,product_3_5598a285a2,product_3_5598a285a2.webp,photo_exact,Рислинг,Два Петра,Красное,Соломенный,Крым
sober-bash-risling-risling-reynskiy-beloe-suhoe-12,sober_bash_risling_risling_reynskiy_beloe_suhoe_12_1781eda577,sober_bash_risling_risling_reynskiy_beloe_suhoe_12_1781eda577.webp,photo_exact,Рислинг,Собер Баш,Белое,Соломенный,Кубань
vinodelnya-myshako-risling-mode-kabinett-beloe-polusuhoe-126,vinodelnya_myshako_risling_mode_kabinett_beloe_polusuhoe_126_13ef87d688,vinodelnya_myshako_risling_mode_kabinett_beloe_polusuhoe_126_13ef87d688.webp,photo_exact,Рислинг Mode Kabinett,Мысхако,Белое,Светло-соломенный с зеленоватым оттенком,Кубань
vinodelnya-myshako-risling-kyuve-bryut-beloe-126,vinodelnya_myshako_risling_kyuve_bryut_igristoe_bryut_beloe_126_bf3f490c36,vinodelnya_myshako_risling_kyuve_bryut_igristoe_bryut_beloe_126_bf3f490c36.webp,photo_exact,Рислинг Кюве брют,Мысхако,Белое,Светло-соломенный с зеленоватым оттенком,Кубань
golubitskoe-estate-risling-oranzh-risling-reynskiy-oranzhevoe-suhoe-13,golubitskoe_estate_risling_oranzh_risling_reynskiy_oranzhevoe_suhoe_13_f1f3796561,golubitskoe_estate_risling_oranzh_risling_reynskiy_oranzhevoe_suhoe_13_f1f3796561.webp,photo_exact,Рислинг Оранж,Golubitskoe Estate,Оранжевое,Золотисто-янтарный,Кубань
jd_winery_risling_orange,20260617_070147_Photoroom_2bf16b8d06,20260617_070147_Photoroom_2bf16b8d06.webp,photo_exact,Рислинг Оранж тихое,JD winery,Белое,золотистый,Кубань
gunko-winery-risling-rezerv-beloe-suhoe-135,gunko_winery_risling_rezerv_beloe_suhoe_135_e2e2bb75a2,gunko_winery_risling_rezerv_beloe_suhoe_135_e2e2bb75a2.webp,photo_exact,Рислинг резерв,Gunko Winery,Белое,Бледно-золотистый с лёгкими зеленоватыми отблесками,Кубань
nesterov-winery-risling-reynskiy-beloe-suhoe-12,nesterov_winery_risling_reynskiy_beloe_suhoe_12_8a5db2ad0b,nesterov_winery_risling_reynskiy_beloe_suhoe_12_8a5db2ad0b.webp,photo_exact,Рислинг Рейнский,Nesterov Winery,Белое,Золотисто-соломенный,Кубань
imenie-sikory-risling-sikory-beloe-suhoe-13,imenie_sikory_risling_sikory_beloe_suhoe_13_08744b4e75,imenie_sikory_risling_sikory_beloe_suhoe_13_08744b4e75.webp,photo_exact,Рислинг Сикоры,Имение Сикоры,Белое,Соломенный с зеленым оттенком,Кубань
jd_winery_risling,DJ_7074_done_c1541429c5,DJ_7074_done_c1541429c5.webp,photo_exact,Рислинг тихое,JD winery,Белое,светло соломенный с зеленым отливом,Кубань
risling-2024,Risling_2024_068199ad02,Risling_2024_068199ad02.webp,slug_exact,"Рислинг, 2024 ",Винодельня Братьев Мельниковых,Белое,Бледно-лимонный ,Крым
vinodelnya-myshako-risling-blanc-out-beloe-suhoe-145,vinodelnya_myshako_risling_blanc_out_beloe_suhoe_145_266fb7c61e,vinodelnya_myshako_risling_blanc_out_beloe_suhoe_145_266fb7c61e.webp,photo_exact,Рислинг. Blanc Out,Мысхако,Белое,Золотисто-соломенный,Кубань
valeriy-zaharin-risling-valeriy-zaharin-risling-reynskiy-beloe-polusladkoe-125,valeriy_zaharin_risling_valeriy_zaharin_risling_reynskiy_beloe_polusladkoe_125_e821394cf1,valeriy_zaharin_risling_valeriy_zaharin_risling_reynskiy_beloe_polusladkoe_125_e821394cf1.webp,photo_exact,Рислинг. Валерий Захарьин,Валерий Захарьин,Белое,Соломенно-золотистый,Крым
imenie-sikory-risling-pozdniy-sbor-beloe-sladkoe-13,imenie_sikory_risling_pozdniy_sbor_beloe_sladkoe_13_e60898ab3b,imenie_sikory_risling_pozdniy_sbor_beloe_sladkoe_13_e60898ab3b.webp,photo_exact,Рислинг. Поздний сбор,Имение Сикоры,Белое,Золотистый,Кубань
belbek-risling-pozdniy-sbor-risling-reynskiy-beloe-sladkoe-117,belbek_risling_pozdniy_sbor_risling_reynskiy_beloe_sladkoe_117_02352777b6,belbek_risling_pozdniy_sbor_risling_reynskiy_beloe_sladkoe_117_02352777b6.webp,photo_exact,Рислинг. Поздний Сбор,Бельбек,Белое,Насыщенный золотистый,Крым
vinodelnya-pokrovskaya-risling-pokrovskoe-risling-reynskiy-beloe-suhoe-13,vinodelnya_pokrovskaya_risling_pokrovskoe_risling_reynskiy_beloe_suhoe_13_3f7429ad83,vinodelnya_pokrovskaya_risling_pokrovskoe_risling_reynskiy_beloe_suhoe_13_3f7429ad83.webp,photo_exact,Рислинг. Покровское,Винодельня Покровская,Белое,Золотистый с легкими зеленоватыми отблесками,Нижняя Волга
imenie-sikory-risling-semeynyy-rezerv-beloe-suhoe-13,imenie_sikory_risling_semeynyy_rezerv_beloe_suhoe_13_3ef1716553,imenie_sikory_risling_semeynyy_rezerv_beloe_suhoe_13_3ef1716553.webp,photo_exact,Рислинг. Семейный резерв,Имение Сикоры,Белое,Соломенный с зеленым оттенком,Кубань
imenie-sikory-risling-semeynyy-rezerv-risling-reynskiy-beloe-suhoe-13,imenie_sikory_risling_semeynyy_rezerv_risling_reynskiy_beloe_suhoe_vyderzhannoe_13_045b648555,imenie_sikory_risling_semeynyy_rezerv_risling_reynskiy_beloe_suhoe_vyderzhannoe_13_045b648555.webp,photo_exact,Рислинг. Семейный Резерв,Имение Сикоры,Белое,Ярко-золотистый цвет с солнечным блеском.,Кубань
sober-bash-rkatsiteli-beloe-suhoe-14,sober_bash_rkatsiteli_beloe_suhoe_14_5c76e13a55,sober_bash_rkatsiteli_beloe_suhoe_14_5c76e13a55.webp,photo_exact,Ркацители,Собер Баш,Белое,Соломенный,Кубань
zmv-koktebel-rkatsiteli-beloe-sladkoe-135,zmv_koktebel_rkatsiteli_beloe_likernoe_vyderzhannoe_135_7a0a924213,zmv_koktebel_rkatsiteli_beloe_likernoe_vyderzhannoe_135_7a0a924213.webp,photo_exact,Ркацители,ЗМВ Коктебель,Белое,Красивый янтарно-золотистый цвет с сияющим блеском.,Крым
esse-rkatsiteli-beloe-suhoe-125,esse_rkatsiteli_beloe_suhoe_125_4f094ac315,esse_rkatsiteli_beloe_suhoe_125_4f094ac315.webp,photo_exact,Ркацители,ESSE,Белое,Светло-золотистый,Крым
vinodelnya-marchenko-rkatsiteli-beloe-suhoe-135,vinodelnya_marchenko_rkatsiteli_beloe_suhoe_135_17aa4b13da,vinodelnya_marchenko_rkatsiteli_beloe_suhoe_135_17aa4b13da.webp,photo_exact,Ркацители,Винодельня Марченко,Белое,"Золотистый, с легким янтарным оттенком",Кубань
loco-cimbali-rkatsiteli-oranzhevoe-suhoe-13,loco_cimbali_rkatsiteli_oranzhevoe_suhoe_13_ebaa76e9a4,loco_cimbali_rkatsiteli_oranzhevoe_suhoe_13_ebaa76e9a4.webp,photo_exact,Ркацители,Loco Cimbali,Оранжевое,Золотистый,Крым
mons-albus-rkatsiteli-beloe-suhoe-124,mons_albus_rkatsiteli_beloe_suhoe_124_ebd0180edd,mons_albus_rkatsiteli_beloe_suhoe_124_ebd0180edd.webp,photo_exact,Ркацители,Mons Albus,Белое,Cветло-соломенный,Крым
vinodelnya-vedernikov-rkatsiteli-beloe-suhoe-13,vinodelnya_vedernikov_rkatsiteli_beloe_suhoe_13_f4d5d4e613,vinodelnya_vedernikov_rkatsiteli_beloe_suhoe_13_f4d5d4e613.webp,photo_exact,Ркацители,Ведерниковъ,Белое,Соломенно-желтый,Долина Дона
belbek-rkatsiteli-beloe-suhoe-13,belbek_rkatsiteli_beloe_suhoe_13_72dc1f9029,belbek_rkatsiteli_beloe_suhoe_13_72dc1f9029.webp,photo_exact,Ркацители,Бельбек,Белое,Светло-золотистый с соломенными штрихами,Крым
denisov-winery-rkatsiteli-beloe-suhoe-112,denisov_winery_rkatsiteli_beloe_suhoe_112_ed8e9acfcd,denisov_winery_rkatsiteli_beloe_suhoe_112_ed8e9acfcd.webp,photo_exact,Ркацители,Denisov Winery,Белое,Светло-соломенный,Самара
levokumskoe-rkatsiteli-beloe-suhoe-10,levokumskoe_rkatsiteli_beloe_suhoe_10_67ac316dd2,levokumskoe_rkatsiteli_beloe_suhoe_10_67ac316dd2.webp,photo_exact,Ркацители,Левокумское,Белое,Ярко-соломенный,Ставрополье
usadba-perovskih-rkatsiteli-beloe-suhoe-13,usadba_perovskih_rkatsiteli_beloe_suhoe_13_209409e8e2,usadba_perovskih_rkatsiteli_beloe_suhoe_13_209409e8e2.webp,photo_exact,Ркацители,Усадьба Перовских,Белое,Светло-соломенный,Крым
vinodelnya-pokrovskaya-rkatsiteli-shardone-pokrovskoe-beloe-suhoe-13,vinodelnya_pokrovskaya_rkatsiteli_shardone_pokrovskoe_beloe_suhoe_13_79b247780d,vinodelnya_pokrovskaya_rkatsiteli_shardone_pokrovskoe_beloe_suhoe_13_79b247780d.webp,photo_exact,Ркацители - Шардоне. Покровское,Винодельня Покровская,Белое,Блестящий золотисто-соломенный,Нижняя Волга
oxana-istratova-wine-rkatsiteli-2023-oranzhevoe-suhoe-113,oxana_istratova_wine_rkatsiteli_2023_oranzhevoe_suhoe_113_ed2c3cbe36,oxana_istratova_wine_rkatsiteli_2023_oranzhevoe_suhoe_113_ed2c3cbe36.webp,photo_exact,Ркацители 2023,Oxana Istratova Wine,Оранжевое,Янтарный,Крым
sober-bash-rkatsiteli-amfora-beloe-suhoe-135,sober_bash_rkatsiteli_amfora_beloe_suhoe_135_7ad32c6fab,sober_bash_rkatsiteli_amfora_beloe_suhoe_135_7ad32c6fab.webp,photo_exact,Ркацители Амфора,Собер Баш,Белое,Соломенный,Кубань
belbek-rkatsiteli-barrik-beloe-suhoe-13,belbek_rkatsiteli_barrik_beloe_suhoe_13_42076e5365,belbek_rkatsiteli_barrik_beloe_suhoe_13_42076e5365.webp,photo_exact,Ркацители Баррик,Бельбек,Белое,Светло-соломенный,Крым
zmv-koktebel-rkatsiteli-desertnoe-beloe-sladkoe-16,zmv_koktebel_rkatsiteli_desertnoe_beloe_sladkoe_16_8d34f665f3,zmv_koktebel_rkatsiteli_desertnoe_beloe_sladkoe_16_8d34f665f3.webp,photo_exact,Ркацители десертное,ЗМВ Коктебель,Белое,Янтарный,Крым
vaynkraft-rkatsiteli-oranzh-oranzhevoe-suhoe-12,vaynkraft_rkatsiteli_oranzh_oranzhevoe_suhoe_12_65fe9c2119,vaynkraft_rkatsiteli_oranzh_oranzhevoe_suhoe_12_65fe9c2119.webp,photo_exact,Ркацители Оранж,ВайнКрафт,Оранжевое,Темно-золотистый с едва различимыми персиково-соломенными бликами.,Крым
esse-rkatsiteli-oranzh-beloe-suhoe-12,esse_rkatsiteli_oranzh_beloe_suhoe_12_1c6512e2ab,esse_rkatsiteli_oranzh_beloe_suhoe_12_1c6512e2ab.webp,photo_exact,Ркацители Оранж,ESSE,Белое,Золотисто-медовый,Крым
bogovich-wine-vineyard-rkatsiteli-oranzh-beloe-suhoe-125,bogovich_wine_vineyard_rkatsiteli_oranzh_beloe_suhoe_125_451f042270,bogovich_wine_vineyard_rkatsiteli_oranzh_beloe_suhoe_125_451f042270.webp,photo_exact,Ркацители Оранж,Bogovich Wine & Vineyard,Белое,Светлый золотисто-янтарный,Крым
perovskih_rkaciteli_orange,Rkacziteli_oranzh_2024_ddce7657ea,Rkacziteli_oranzh_2024_ddce7657ea.webp,photo_exact,Ркацители Оранж,Усадьба Перовских,Белое,Вино насыщенного золотистого цвета с янтарными оттенками.,Крым
esse-rkatsiteli-syur-li-beloe-suhoe-125,esse_rkatsiteli_syur_li_beloe_suhoe_125_2f0b000796,esse_rkatsiteli_syur_li_beloe_suhoe_125_2f0b000796.webp,photo_exact,Ркацители Сюр Ли,ESSE,Белое,Светло-золотистый,Крым
vinodelnya-zhakov-rkatsiteli-eskeyp-krasnoe-suhoe-119,vinodelnya_zhakov_rkatsiteli_eskeyp_krasnoe_suhoe_119_0b92b05d72,vinodelnya_zhakov_rkatsiteli_eskeyp_krasnoe_suhoe_119_0b92b05d72.webp,photo_exact,Ркацители Эскейп,Винодельня Жаков,Красное,Золотистый,Крым
roze-2,Screenshot_17_6d600742f0,Screenshot_17_6d600742f0.webp,photo_exact,Розе,Табия,Розовое,Нежно-розовый,Кубань
v2r-roze-kaberne-sovinon-rozovoe-polusuhoe-13,v2r_roze_kaberne_sovinon_rozovoe_polusuhoe_13_b9c301f7a6,v2r_roze_kaberne_sovinon_rozovoe_polusuhoe_13_b9c301f7a6.webp,photo_exact,Розе,В2Р,Розовое,С нежным светло-коралловым оттенком,Кубань
perovskih_rose,Extra_Brut_Rose_b02ec16ad0,Extra_Brut_Rose_b02ec16ad0.webp,photo_exact,Розе,Усадьба Перовских,Розовое,"Кораллово-розовый цвет с блеском, элегантный перляж. ",Крым
gunko-winery-roze-kaberne-fran-rozovoe-suhoe-135,gunko_winery_roze_kaberne_fran_rozovoe_suhoe_135_59dd0bac47,gunko_winery_roze_kaberne_fran_rozovoe_suhoe_135_59dd0bac47.webp,photo_exact,Розе,Gunko Winery,Розовое,Светло-розовый,Кубань
chateau-de-talu-roze-kaberne-sovinon-rozovoe-suhoe-14,chateau_de_talu_roze_kaberne_sovinon_rozovoe_suhoe_14_034e61a253,chateau_de_talu_roze_kaberne_sovinon_rozovoe_suhoe_14_034e61a253.webp,photo_exact,Розе,Chateau de Talu,Розовое,Cветло-розовый,Кубань
esse-roze-kaberne-sovinon-rozovoe-suhoe-135,esse_roze_kaberne_sovinon_rozovoe_suhoe_135_f6a387d48c,esse_roze_kaberne_sovinon_rozovoe_suhoe_135_f6a387d48c.webp,photo_exact,Розе,ESSE,Розовое,Вино бледно-розового цвета с коралловыми бликами.,Крым
roze-1,roze_0cd69a079f,roze_0cd69a079f.webp,photo_exact,Розе,Галицкий и Галицкий,Розовое,Светло-розовый с лососевым оттенком и блеском,Кубань
roze,Roze_Semiray_4b0a8686a0,Roze_Semiray_4b0a8686a0.webp,photo_exact,Розе,Chateau Semiray,Розовое,Розовый,Кубань
dubinin-winery-roze-kaberne-fran-rozovoe-suhoe-13,dubinin_winery_roze_kaberne_fran_rozovoe_suhoe_13_d7bb0abe34,dubinin_winery_roze_kaberne_fran_rozovoe_suhoe_13_d7bb0abe34.webp,photo_exact,Розе,Dubinin Winery,Розовое,Светло-розовый,Кубань
roze-malbek,Levkadiya_rozovoe_1_fdd3f9f4fd,Levkadiya_rozovoe_1_fdd3f9f4fd.webp,photo_exact,Розе Мальбек,Долина Лефкадия,Розовое,Лососево-розовый,Кубань
domaine-lipko-roze-sira-rozovoe-suhoe-135,domaine_lipko_roze_sira_rozovoe_suhoe_135_32069a0e89,domaine_lipko_roze_sira_rozovoe_suhoe_135_32069a0e89.webp,photo_exact,Розе Сира,Domaine Lipko,Розовое,Светло-розовый,Крым
belbek-roze-sira-rozovoe-suhoe-125,belbek_roze_sira_rozovoe_suhoe_125_2131a8be30,belbek_roze_sira_rozovoe_suhoe_125_2131a8be30.webp,photo_exact,Розе Сира,Бельбек,Розовое,Розово-персиковый,Крым
vinodelnya-uzunov-roze-ekstra-bryut-kaberne-sovinon-rozovoe-127,vinodelnya_uzunov_roze_ekstra_bryut_kaberne_sovinon_igristoe_ekstra_bryut_rozovoe_127_e1e68b12cc,vinodelnya_uzunov_roze_ekstra_bryut_kaberne_sovinon_igristoe_ekstra_bryut_rozovoe_127_e1e68b12cc.webp,photo_exact,Розе экстра брют,Винодельня Узунов,Розовое,Бледно-розовый,Кубань
zmv-koktebel-roze-merlo-rozovoe-suhoe-12,zmv_koktebel_roze_merlo_rozovoe_suhoe_12_d19cc5e53f,zmv_koktebel_roze_merlo_rozovoe_suhoe_12_d19cc5e53f.webp,photo_exact,"Розе, Мерло",ЗМВ Коктебель,Розовое,Нежно-розовый,Крым
roze-premium,Screenshot_24_c38ca52fac,Screenshot_24_c38ca52fac.webp,photo_exact,Розе. Премиум,Литавщук. Litavshchuk vineyards & winery,Розовое,Нежно-розовый,Кубань
vinodelnya-zhakov-rozeo-saperavi-rozovoe-suhoe-115,vinodelnya_zhakov_rozeo_saperavi_rozovoe_suhoe_115_6728000363,vinodelnya_zhakov_rozeo_saperavi_rozovoe_suhoe_115_6728000363.webp,photo_exact,Розео,Винодельня Жаков,Розовое,Насыщенный розовый,Крым
rozovaya-pantera,Roz_Pantera_becb2c2b2a,Roz_Pantera_becb2c2b2a.webp,photo_exact,Розовая Пантера полусладкое розовое,АРАТТИ,Розовое,"Розовый, с оттенком клубники",Кубань
vinodelnya-pokrovskaya-rozovoe-marinovskiy-suhoe-135,vinodelnya_pokrovskaya_rozovoe_marinovskiy_rozovoe_suhoe_135_90ac7e81ce,vinodelnya_pokrovskaya_rozovoe_marinovskiy_rozovoe_suhoe_135_90ac7e81ce.webp,photo_exact,Розовое,Винодельня Покровская,Розовое,Розовый с малиновым оттенком,Нижняя Волга
dva-serdtsa-rozovoe-kaberne-sovinon-suhoe-13,dva_serdtsa_rozovoe_kaberne_sovinon_rozovoe_suhoe_13_43d6654ff9,dva_serdtsa_rozovoe_kaberne_sovinon_rozovoe_suhoe_13_43d6654ff9.webp,photo_exact,Розовое,Два Сердца,Розовое,Нежно-розовый,Крым
rozovoe-zoloto,Screenshot_16_a237793391,Screenshot_16_a237793391.webp,photo_exact,Розовое золото,Табия,Розовое,Нежно-розовый,Кубань
rozovoe-polusladkoe,Rozovoe_Polusladkoe_44f6f05597,Rozovoe_Polusladkoe_44f6f05597.webp,slug_exact,Розовое полусладкое,Фанагория,Розовое,Лососевый,Кубань
novyy-svet-dom-shampanskih-vin-rossiyskoe-shampanskoe-vyderzhannoe-bryut-beloe-novyy-svet-shardone-125,novyy_svet_dom_shampanskih_vin_rossiyskoe_shampanskoe_vyderzhannoe_bryut_beloe_novyy_svet_shardone_125_360e04943f,novyy_svet_dom_shampanskih_vin_rossiyskoe_shampanskoe_vyderzhannoe_bryut_beloe_novyy_svet_shardone_125_360e04943f.webp,photo_exact,Российское шампанское выдержанное брют белое «Новый Свет»,Новый Свет. Дом шампанских вин,Белое,Светло-соломенный с живым блеском,Крым
novyy-svet-dom-shampanskih-vin-rossiyskoe-shampanskoe-vyderzhannoe-bryut-rozovoe-novyy-svet-kaberne-kaberne-sovinon-11,novyy_svet_dom_shampanskih_vin_rossiyskoe_shampanskoe_vyderzhannoe_bryut_rozovoe_novyy_svet_kaberne_kaberne_sovinon_11_7a22643210,novyy_svet_dom_shampanskih_vin_rossiyskoe_shampanskoe_vyderzhannoe_bryut_rozovoe_novyy_svet_kaberne_kaberne_sovinon_11_7a22643210.webp,photo_exact,Российское шампанское выдержанное брют розовое «Новый Свет. Каберне»,Новый Свет. Дом шампанских вин,Розовое,Нежно-розовый с лёгким коралловым оттенком,Крым
novyy-svet-dom-shampanskih-vin-rossiyskoe-shampanskoe-vyderzhannoe-polusladkoe-rozovoe-novyy-svet-shardone-125,novyy_svet_dom_shampanskih_vin_rossiyskoe_shampanskoe_vyderzhannoe_polusladkoe_rozovoe_novyy_svet_shardone_125_a0a982c0c9,novyy_svet_dom_shampanskih_vin_rossiyskoe_shampanskoe_vyderzhannoe_polusladkoe_rozovoe_novyy_svet_shardone_125_a0a982c0c9.webp,photo_exact,Российское шампанское выдержанное полусладкое розовое «Новый Свет»,Новый Свет. Дом шампанских вин,Розовое,"Розовый, сверкающий",Крым
novyy-svet-dom-shampanskih-vin-rossiyskoe-shampanskoe-vyderzhannoe-ekstra-bryut-beloe-novyy-svet-aligote-13,novyy_svet_dom_shampanskih_vin_rossiyskoe_shampanskoe_vyderzhannoe_ekstra_bryut_beloe_novyy_svet_aligote_13_8866e4a13c,novyy_svet_dom_shampanskih_vin_rossiyskoe_shampanskoe_vyderzhannoe_ekstra_bryut_beloe_novyy_svet_aligote_13_8866e4a13c.webp,photo_exact,Российское шампанское выдержанное экстра брют белое «Новый Свет. Алиготе»,Новый Свет. Дом шампанских вин,Белое,Светло-соломенный с зеленоватыми оттенками,Крым
novyy-svet-dom-shampanskih-vin-rossiyskoe-shampanskoe-vyderzhannoe-ekstra-bryut-beloe-novyy-svet-kokur-11,novyy_svet_dom_shampanskih_vin_rossiyskoe_shampanskoe_vyderzhannoe_ekstra_bryut_beloe_novyy_svet_kokur_11_e405aff9a0,novyy_svet_dom_shampanskih_vin_rossiyskoe_shampanskoe_vyderzhannoe_ekstra_bryut_beloe_novyy_svet_kokur_11_e405aff9a0.webp,photo_exact,Российское шампанское выдержанное экстра брют белое «Новый Свет. Кокур»,Новый Свет. Дом шампанских вин,Белое,Светло-соломенный с лимонным оттенком,Крым
novyy-svet-dom-shampanskih-vin-rossiyskoe-shampanskoe-kollektsionnoe-bryut-beloe-novyy-svet-zolotoy-risling-suhoe-13,novyy_svet_dom_shampanskih_vin_rossiyskoe_shampanskoe_kollektsionnoe_bryut_beloe_novyy_svet_zolotoy_risling_suhoe_13_f6818826f9,novyy_svet_dom_shampanskih_vin_rossiyskoe_shampanskoe_kollektsionnoe_bryut_beloe_novyy_svet_zolotoy_risling_suhoe_13_f6818826f9.webp,photo_exact,Российское шампанское коллекционное брют белое «Новый Свет. Золотой Рислинг»,Новый Свет. Дом шампанских вин,Белое,"Светло-соломенный, прозрачный",Крым
novyy-svet-dom-shampanskih-vin-rossiyskoe-shampanskoe-kollektsionnoe-bryut-beloe-novyy-svet-kyuve-de-prestizh-pino-gri-millezim-rozovoe-125,novyy_svet_dom_shampanskih_vin_rossiyskoe_shampanskoe_kollektsionnoe_bryut_beloe_novyy_svet_kyuve_de_prestizh_pino_gri_millezim_rozovoe_125_04f220ac39,novyy_svet_dom_shampanskih_vin_rossiyskoe_shampanskoe_kollektsionnoe_bryut_beloe_novyy_svet_kyuve_de_prestizh_pino_gri_millezim_rozovoe_125_04f220ac39.webp,photo_exact,Российское шампанское коллекционное брют белое «Новый Свет. Кюве Де Престиж Пино Гри Миллезим»,Новый Свет. Дом шампанских вин,Розовое,Бледно-соломенный с золотистым отливом,Крым
novyy-svet-dom-shampanskih-vin-rossiyskoe-shampanskoe-kollektsionnoe-bryut-beloe-novyy-svet-paradizio-shardone-125,novyy_svet_dom_shampanskih_vin_rossiyskoe_shampanskoe_kollektsionnoe_bryut_beloe_novyy_svet_paradizio_shardone_125_de1ec3a166,novyy_svet_dom_shampanskih_vin_rossiyskoe_shampanskoe_kollektsionnoe_bryut_beloe_novyy_svet_paradizio_shardone_125_de1ec3a166.webp,photo_exact,Российское шампанское коллекционное брют белое «Новый Свет. Парадизио»,Новый Свет. Дом шампанских вин,Белое,Бледно-соломенный с богатым золотистым блеском,Крым
novyy-svet-dom-shampanskih-vin-rossiyskoe-shampanskoe-kollektsionnoe-bryut-beloe-novyy-svet-yubileynoe-risling-13,novyy_svet_dom_shampanskih_vin_rossiyskoe_shampanskoe_kollektsionnoe_bryut_beloe_novyy_svet_yubileynoe_risling_13_fcd393bb9f,novyy_svet_dom_shampanskih_vin_rossiyskoe_shampanskoe_kollektsionnoe_bryut_beloe_novyy_svet_yubileynoe_risling_13_fcd393bb9f.webp,photo_exact,Российское шампанское коллекционное брют белое «Новый Свет. Юбилейное»,Новый Свет. Дом шампанских вин,Белое,Светло-соломенный с живым блеском,Крым
novyy-svet-dom-shampanskih-vin-rossiyskoe-shampanskoe-kollektsionnoe-bryut-rozovoe-novyy-svet-pino-nuar-135,novyy_svet_dom_shampanskih_vin_rossiyskoe_shampanskoe_kollektsionnoe_bryut_rozovoe_novyy_svet_pino_nuar_135_4227a19509,novyy_svet_dom_shampanskih_vin_rossiyskoe_shampanskoe_kollektsionnoe_bryut_rozovoe_novyy_svet_pino_nuar_135_4227a19509.webp,photo_exact,Российское шампанское коллекционное брют розовое «Новый Свет. Пино Нуар»,Новый Свет. Дом шампанских вин,Розовое,"Нежно-розовый, лососевый с коралловым отражением",Крым
novyy-svet-dom-shampanskih-vin-rossiyskoe-shampanskoe-kollektsionnoe-polusuhoe-beloe-novyy-svet-shardone-13,novyy_svet_dom_shampanskih_vin_rossiyskoe_shampanskoe_kollektsionnoe_polusuhoe_beloe_novyy_svet_shardone_13_564818e214,novyy_svet_dom_shampanskih_vin_rossiyskoe_shampanskoe_kollektsionnoe_polusuhoe_beloe_novyy_svet_shardone_13_564818e214.webp,photo_exact,Российское шампанское коллекционное полусухое белое «Новый Свет»,Новый Свет. Дом шампанских вин,Белое,Светло-соломенный с зеленоватыми отблесками,Крым
novyy-svet-dom-shampanskih-vin-rossiyskoe-shampanskoe-kollektsionnoe-polusuhoe-beloe-novyy-svet-risling-125,novyy_svet_dom_shampanskih_vin_rossiyskoe_shampanskoe_kollektsionnoe_polusuhoe_beloe_novyy_svet_risling_125_7748979b97,novyy_svet_dom_shampanskih_vin_rossiyskoe_shampanskoe_kollektsionnoe_polusuhoe_beloe_novyy_svet_risling_125_7748979b97.webp,photo_exact,Российское шампанское коллекционное полусухое белое «Новый Свет»,Новый Свет. Дом шампанских вин,Белое,Светло-соломенный с зеленоватыми отблесками,Крым
novyy-svet-dom-shampanskih-vin-rossiyskoe-shampanskoe-kollektsionnoe-polusuhoe-rozovoe-novyy-svet-pino-nuar-125,novyy_svet_dom_shampanskih_vin_rossiyskoe_shampanskoe_kollektsionnoe_polusuhoe_rozovoe_novyy_svet_pino_nuar_125_815a1c3374,novyy_svet_dom_shampanskih_vin_rossiyskoe_shampanskoe_kollektsionnoe_polusuhoe_rozovoe_novyy_svet_pino_nuar_125_815a1c3374.webp,photo_exact,Российское шампанское коллекционное полусухое розовое «Новый Свет. Пино Нуар»,Новый Свет. Дом шампанских вин,Розовое,"Нежно-розовый, лососевый",Крым
novyy-svet-dom-shampanskih-vin-rossiyskoe-shampanskoe-kollektsionnoe-ekstra-bryut-beloe-novyy-svet-blan-de-nuar-pino-nuar-13,novyy_svet_dom_shampanskih_vin_rossiyskoe_shampanskoe_kollektsionnoe_ekstra_bryut_beloe_novyy_svet_blan_de_nuar_pino_nuar_13_c8e5d77c41,novyy_svet_dom_shampanskih_vin_rossiyskoe_shampanskoe_kollektsionnoe_ekstra_bryut_beloe_novyy_svet_blan_de_nuar_pino_nuar_13_c8e5d77c41.webp,photo_exact,Российское шампанское коллекционное экстра брют белое «Новый Свет. Блан де Нуар»,Новый Свет. Дом шампанских вин,Белое,"Светло-соломенный, с тонким перляжем",Крым
novyy-svet-dom-shampanskih-vin-rossiyskoe-shampanskoe-kollektsionnoe-ekstra-bryut-beloe-novyy-svet-kyuve-de-prestizh-shardone-125,novyy_svet_dom_shampanskih_vin_rossiyskoe_shampanskoe_kollektsionnoe_ekstra_bryut_beloe_novyy_svet_kyuve_de_prestizh_shardone_125_622aabc99e,novyy_svet_dom_shampanskih_vin_rossiyskoe_shampanskoe_kollektsionnoe_ekstra_bryut_beloe_novyy_svet_kyuve_de_prestizh_shardone_125_622aabc99e.webp,photo_exact,Российское шампанское коллекционное экстра брют белое «Новый Свет. Кюве Де Престиж Шардоне»,Новый Свет. Дом шампанских вин,Белое,Светло-соломенный с золотистыми бликами,Крым
novyy-svet-dom-shampanskih-vin-rossiyskoe-shampanskoe-kollektsionnoe-ekstra-bryut-beloe-novyy-svet-kyuve-risling-125,novyy_svet_dom_shampanskih_vin_rossiyskoe_shampanskoe_kollektsionnoe_ekstra_bryut_beloe_novyy_svet_kyuve_risling_125_1bca593096,novyy_svet_dom_shampanskih_vin_rossiyskoe_shampanskoe_kollektsionnoe_ekstra_bryut_beloe_novyy_svet_kyuve_risling_125_1bca593096.webp,photo_exact,Российское шампанское коллекционное экстра брют белое «Новый Свет. Кюве»,Новый Свет. Дом шампанских вин,Белое,Светло-соломенный с устойчивым муссом и длительным перляжем,Крым
novyy-svet-dom-shampanskih-vin-rossiyskoe-shampanskoe-kollektsionnoe-ekstra-bryut-beloe-novyy-svet-risling-kyuve-de-prestizh-125,novyy_svet_dom_shampanskih_vin_rossiyskoe_shampanskoe_kollektsionnoe_ekstra_bryut_beloe_novyy_svet_risling_kyuve_de_prestizh_125_ba5ae8b9d4,novyy_svet_dom_shampanskih_vin_rossiyskoe_shampanskoe_kollektsionnoe_ekstra_bryut_beloe_novyy_svet_risling_kyuve_de_prestizh_125_ba5ae8b9d4.webp,photo_exact,Российское шампанское коллекционное экстра брют белое «Новый Свет. Рислинг Кюве Де Престиж»,Новый Свет. Дом шампанских вин,Белое,Светло-соломенный с зеленоватым оттенком,Крым
novyy-svet-dom-shampanskih-vin-rossiyskoe-shampanskoe-kollektsionnoe-ekstra-bryut-beloe-novyy-svet-shardone-125,novyy_svet_dom_shampanskih_vin_rossiyskoe_shampanskoe_kollektsionnoe_ekstra_bryut_beloe_novyy_svet_shardone_125_18bd3fb00b,novyy_svet_dom_shampanskih_vin_rossiyskoe_shampanskoe_kollektsionnoe_ekstra_bryut_beloe_novyy_svet_shardone_125_18bd3fb00b.webp,photo_exact,Российское шампанское коллекционное экстра брют белое «Новый Свет»,Новый Свет. Дом шампанских вин,Белое,Светло-соломенный с живым блеском,Крым
vinodelnya-marchenko-rubin-rubin-azos-krasnoe-suhoe-14,vinodelnya_marchenko_rubin_rubin_azos_krasnoe_suhoe_14_d37b2bc288,vinodelnya_marchenko_rubin_rubin_azos_krasnoe_suhoe_14_d37b2bc288.webp,photo_exact,Рубин,Винодельня Марченко,Красное,Темно-гранатовый с фиолетовыми отблесками,Кубань
sober-bash-rubin-rubin-rubin-azos-krasnoe-suhoe-14,sober_bash_rubin_rubin_rubin_azos_krasnoe_suhoe_14_e6ce9172ae,sober_bash_rubin_rubin_rubin_azos_krasnoe_suhoe_14_e6ce9172ae.webp,photo_exact,Рубин & Рубин,Собер Баш,Красное,Рубиновый,Кубань
nesterov-winery-rubin-golodrigi-krasnoe-suhoe-11,nesterov_winery_rubin_golodrigi_krasnoe_suhoe_11_a0c7b4022b,nesterov_winery_rubin_golodrigi_krasnoe_suhoe_11_a0c7b4022b.webp,photo_exact,Рубин Голодриги,Nesterov Winery,Красное,Темно-рубиновый,Кубань
rubin-golodrigi,Screenshot_18_1109114bb0,Screenshot_18_1109114bb0.webp,photo_exact,Рубин Голодриги ,Табия,Красное,Темно-гранатовый,Кубань
denisov_rubin_klaret_krasnaya_strelka,Vino_krasnoe_Kr_Strelka_3_7c02276274,Vino_krasnoe_Kr_Strelka_3_7c02276274.webp,photo_exact,Рубин кларет . Красная стрелка,Denisov Winery,Розовое,Ярко-рубиновый  цвет,Самара
rubin-premium,Screenshot_30_32461c6908,Screenshot_30_32461c6908.webp,photo_exact,Рубин. Премиум,Литавщук. Litavshchuk vineyards & winery,Красное,Рубиново-красный,Кубань
esse-rubinovyy-rubinovyy-magaracha-krasnoe-suhoe-12,esse_rubinovyy_rubinovyy_magaracha_krasnoe_suhoe_12_0570a9069b,esse_rubinovyy_rubinovyy_magaracha_krasnoe_suhoe_12_0570a9069b.webp,photo_exact,Рубиновый,ESSE,Красное,Насыщенный рубиновый,Крым
chateau-de-talu-ruzh-kaberne-sovinon-krasnoe-suhoe-14,chateau_de_talu_ruzh_kaberne_sovinon_krasnoe_suhoe_14_4bdd4b0a4f,chateau_de_talu_ruzh_kaberne_sovinon_krasnoe_suhoe_14_4bdd4b0a4f.webp,photo_exact,Руж,Chateau de Talu,Красное,"Темно-рубиновый, с фиолетовыми бликами.",Кубань
zmv-koktebel-ruzh-rubinovyy-magaracha-krasnoe-suhoe-135,zmv_koktebel_ruzh_rubinovyy_magaracha_krasnoe_suhoe_135_2dfb2547d6,zmv_koktebel_ruzh_rubinovyy_magaracha_krasnoe_suhoe_135_2dfb2547d6.webp,photo_exact,"Руж, Рубиновый Магарача",ЗМВ Коктебель,Красное,Тёмно-рубиновый,Крым
abrau-dyurso-russkoe-igristoe-koshernoe-bryut-shardone-beloe-13,abrau_dyurso_russkoe_igristoe_koshernoe_bryut_shardone_beloe_13_8b9ee7f9fe,abrau_dyurso_russkoe_igristoe_koshernoe_bryut_shardone_beloe_13_8b9ee7f9fe.webp,photo_exact,Русское Игристое кошерное брют,Абрау-Дюрсо,Белое,Бледно-золотистый,Кубань
abrau-dyurso-russkoe-igristoe-koshernoe-polusladkoe-shardone-beloe-12,abrau_dyurso_russkoe_igristoe_koshernoe_polusladkoe_shardone_beloe_12_cce09fd580,abrau_dyurso_russkoe_igristoe_koshernoe_polusladkoe_shardone_beloe_12_cce09fd580.webp,photo_exact,Русское Игристое кошерное полусладкое,Абрау-Дюрсо,Белое,Соломенно-золотистый,Кубань
abrau-dyurso-russkoe-igristoe-polusladkoe-shardone-beloe-12,abrau_dyurso_russkoe_igristoe_polusladkoe_shardone_beloe_12_a8752d67f6,abrau_dyurso_russkoe_igristoe_polusladkoe_shardone_beloe_12_a8752d67f6.webp,photo_exact,Русское Игристое полусладкое,Абрау-Дюрсо,Белое,Светло-соломенный,Кубань
abrau-dyurso-russkoe-igristoe-polusladkoe-krasnoe-kaberne-sovinon-12,abrau_dyurso_russkoe_igristoe_polusladkoe_krasnoe_kaberne_sovinon_12_d7c8d1c042,abrau_dyurso_russkoe_igristoe_polusladkoe_krasnoe_kaberne_sovinon_12_d7c8d1c042.webp,photo_exact,Русское Игристое полусладкое красное,Абрау-Дюрсо,Красное,Насыщенный рубиновый,Кубань
abrau-dyurso-russkoe-igristoe-polusuhoe-shardone-beloe-12,abrau_dyurso_russkoe_igristoe_polusuhoe_shardone_beloe_12_1dd99a0a33,abrau_dyurso_russkoe_igristoe_polusuhoe_shardone_beloe_12_1dd99a0a33.webp,photo_exact,Русское Игристое полусухое,Абрау-Дюрсо,Белое,Золотистый,Кубань
abrau-dyurso-russkoe-igristoe-polusuhoe-rozovoe-pino-nuar-12,abrau_dyurso_russkoe_igristoe_polusuhoe_rozovoe_pino_nuar_12_dafb6d988e,abrau_dyurso_russkoe_igristoe_polusuhoe_rozovoe_pino_nuar_12_dafb6d988e.webp,photo_exact,Русское Игристое полусухое розовое,Абрау-Дюрсо,Розовое,Розовый,Кубань
rustok-glera-ru-140,Screenshot_3_0b340e79eb,Screenshot_3_0b340e79eb.webp,photo_exact,Русток Глера Ru 140,Мысхако,Белое,Светло-золотистый,Кубань
vinodelnya-pokrovskaya-ryzhest-rkatsiteli-beloe-suhoe-11,vinodelnya_pokrovskaya_ryzhest_rkatsiteli_beloe_suhoe_11_4e400e23f8,vinodelnya_pokrovskaya_ryzhest_rkatsiteli_beloe_suhoe_11_4e400e23f8.webp,photo_exact,Рыжесть,Винодельня Покровская,Белое,Золотисто-янтарный с рыжеватыми оттенками,Нижняя Волга
ferrum-winery-sabernet-sauvignon-kaberne-sovinon-krasnoe-suhoe-14,ferrum_winery_sabernet_sauvignon_kaberne_sovinon_krasnoe_suhoe_14_462b926187,ferrum_winery_sabernet_sauvignon_kaberne_sovinon_krasnoe_suhoe_14_462b926187.webp,photo_exact,Сabernet Sauvignon,Ferrum Winery,Красное,Красно-гранатовый,Ставрополье
ferrum-winery-sabernet-sauvignon-cabernet-franc-kaberne-sovinon-krasnoe-suhoe-12,ferrum_winery_sabernet_sauvignon_cabernet_franc_kaberne_sovinon_krasnoe_suhoe_12_89900c9039,ferrum_winery_sabernet_sauvignon_cabernet_franc_kaberne_sovinon_krasnoe_suhoe_12_89900c9039.webp,photo_exact,Сabernet Sauvignon - Cabernet Franc,Ferrum Winery,Красное,Рубиново-красный,Ставрополье
cellar-master-sandzhoveze-krasnoe-suhoe-125,cellar_master_sandzhoveze_krasnoe_suhoe_125_3851d0eaae,cellar_master_sandzhoveze_krasnoe_suhoe_125_3851d0eaae.webp,photo_exact,Санджовезе,Cellar Master,Красное,Глубокий рубиново-красный,Крым
belbek-sandzhoveze-krasnoe-suhoe-14,belbek_sandzhoveze_krasnoe_suhoe_14_a0ba68a6c3,belbek_sandzhoveze_krasnoe_suhoe_14_a0ba68a6c3.webp,photo_exact,Санджовезе,Бельбек,Красное,Яркий гранатовый,Крым
sand-zh-oveze-rezerv,Rebo_reserve_2023_2f54a334ff,Rebo_reserve_2023_2f54a334ff.webp,photo_exact,Санджовезе резерв,Cellar Master,Красное,"Рубиновый, насыщенный",Крым
valeriy-zaharin-sandzhoveze-burlyuk-krasnoe-suhoe-13,valeriy_zaharin_sandzhoveze_burlyuk_krasnoe_suhoe_13_b9ac510815,valeriy_zaharin_sandzhoveze_burlyuk_krasnoe_suhoe_13_b9ac510815.webp,photo_exact,Санджовезе. Бурлюк,Валерий Захарьин,Красное,Глубокий рубиновый с гранатовыми бликами,Крым
twopeters_saperavi,product_6cccd75be9,product_6cccd75be9.webp,photo_exact,Саперави,Два Петра,Красное,Рубиновое с фиолетовым оттенком,Крым
belbek-saperavi-krasnoe-suhoe-137,belbek_saperavi_krasnoe_suhoe_137_469b436cb9,belbek_saperavi_krasnoe_suhoe_137_469b436cb9.webp,photo_exact,Саперави,Бельбек,Красное,Темный гранатовый,Крым
vinodelnya-zhakov-saperavi-krasnoe-suhoe-126,vinodelnya_zhakov_saperavi_krasnoe_suhoe_126_0231863a40,vinodelnya_zhakov_saperavi_krasnoe_suhoe_126_0231863a40.webp,photo_exact,Саперави,Винодельня Жаков,Красное,Насыщенный рубиновый с фиолетовыми оттенками,Крым
vinabani-saperavi-krasnoe-suhoe-135,vinabani_saperavi_krasnoe_suhoe_135_10f0e33613,vinabani_saperavi_krasnoe_suhoe_135_10f0e33613.webp,photo_exact,Саперави,VinaBani,Красное,Темно-рубиновый,Долина Дона
vinodelnya-78-saperavi-krasnoe-suhoe-135,vinodelnya_78_saperavi_krasnoe_suhoe_135_1ea4d62431,vinodelnya_78_saperavi_krasnoe_suhoe_135_1ea4d62431.webp,photo_exact,Саперави,Винодельня 78,Красное,Фиолетовый,Крым
dacha-serdyuka-saperavi-saperavi-severnyy-krasnoe-suhoe-14,dacha_serdyuka_saperavi_saperavi_severnyy_krasnoe_suhoe_14_f1b30ba078,dacha_serdyuka_saperavi_saperavi_severnyy_krasnoe_suhoe_14_f1b30ba078.webp,photo_exact,Саперави,Дача Сердюка,Красное,Темно-фиолетовый,Долина Дона
nesterov-winery-saperavi-krasnoe-suhoe-135,nesterov_winery_saperavi_krasnoe_suhoe_135_ff5b3ee0a9,nesterov_winery_saperavi_krasnoe_suhoe_135_ff5b3ee0a9.webp,photo_exact,Саперави,Nesterov Winery,Красное,Темно-рубиновый,Кубань
dva-serdtsa-saperavi-krasnoe-suhoe-135,dva_serdtsa_saperavi_krasnoe_suhoe_135_58815e0ac2,dva_serdtsa_saperavi_krasnoe_suhoe_135_58815e0ac2.webp,photo_exact,Саперави,Два Сердца,Красное,Темно-рубиновый,Крым
esse-saperavi-krasnoe-suhoe-13,esse_saperavi_krasnoe_suhoe_13_52697406ad,esse_saperavi_krasnoe_suhoe_13_52697406ad.webp,photo_exact,Саперави,ESSE,Красное,Рубиново-красный,Крым
sober-bash-saperavi-krasnoe-suhoe-13,sober_bash_saperavi_krasnoe_suhoe_13_07a0953b2b,sober_bash_saperavi_krasnoe_suhoe_13_07a0953b2b.webp,photo_exact,Саперави,Собер Баш,Красное,Рубиновый,Кубань
valeriy-zaharin-saperavi-kaberne-sovinon-bakkal-su-krasnoe-suhoe-12,valeriy_zaharin_saperavi_kaberne_sovinon_bakkal_su_krasnoe_suhoe_12_27f454f43f,valeriy_zaharin_saperavi_kaberne_sovinon_bakkal_su_krasnoe_suhoe_12_27f454f43f.webp,photo_exact,Саперави - Каберне Совиньон. Баккал Су,Валерий Захарьин,Красное,Темно-вишневый,Крым
oxana-istratova-wine-saperavi-2023-krasnoe-suhoe-13,oxana_istratova_wine_saperavi_2023_krasnoe_suhoe_13_9e21363ec3,oxana_istratova_wine_saperavi_2023_krasnoe_suhoe_13_9e21363ec3.webp,photo_exact,Саперави 2023,Oxana Istratova Wine,Красное,Малиновый с пурпурным оттенком,Крым
vinodelnya-zhakov-saperavi-escape-krasnoe-suhoe-127,vinodelnya_zhakov_saperavi_escape_krasnoe_suhoe_127_49559b52aa,vinodelnya_zhakov_saperavi_escape_krasnoe_suhoe_127_49559b52aa.webp,photo_exact,Саперави Escape,Винодельня Жаков,Красное,Глубокий рубиновый с фиолетовыми отблесками,Крым
gunko-winery-saperavi-gunko-winery-krasnoe-suhoe-135,gunko_winery_saperavi_gunko_winery_krasnoe_suhoe_135_530300631c,gunko_winery_saperavi_gunko_winery_krasnoe_suhoe_135_530300631c.webp,photo_exact,Саперави Gunko Winery,Gunko Winery,Красное,Темно-рубиновый,Кубань
esse-saperavi-heaven-krasnoe-suhoe-13,esse_saperavi_heaven_krasnoe_suhoe_13_759445e79f,esse_saperavi_heaven_krasnoe_suhoe_13_759445e79f.webp,photo_exact,Саперави Heaven,ESSE,Красное,Малиново-фиолетовый,Крым
sober-bash-saperavi-amfora-krasnoe-suhoe-14,sober_bash_saperavi_amfora_krasnoe_suhoe_14_dcfa6b09f6,sober_bash_saperavi_amfora_krasnoe_suhoe_14_dcfa6b09f6.webp,photo_exact,Саперави Амфора,Собер Баш,Красное,Гранатовый,Кубань
vinodelnya-zhakov-saperavi-vyderzhannoe-krasnoe-suhoe-115,vinodelnya_zhakov_saperavi_vyderzhannoe_krasnoe_suhoe_115_f5a569eab1,vinodelnya_zhakov_saperavi_vyderzhannoe_krasnoe_suhoe_115_f5a569eab1.webp,photo_exact,Саперави выдержанное,Винодельня Жаков,Красное,Рубиновый,Крым
kuban-vino-saperavi-de-tamane-krasnoe-suhoe-125,kuban_vino_saperavi_de_tamane_krasnoe_suhoe_125_66c688690c,kuban_vino_saperavi_de_tamane_krasnoe_suhoe_125_66c688690c.webp,photo_exact,Саперави де Тамань,Кубань-Вино,Красное,Цвет вина варьируется от рубинового до темно-гранатового.,Кубань
belbek-saperavi-rezerv-krasnoe-suhoe-14,belbek_saperavi_rezerv_krasnoe_suhoe_14_c9a3cc2e46,belbek_saperavi_rezerv_krasnoe_suhoe_14_c9a3cc2e46.webp,photo_exact,Саперави Резерв,Бельбек,Красное,Темный гранатово-красный,Крым
dubinin-winery-saperavi-fresh-krasnoe-suhoe-135,dubinin_winery_saperavi_fresh_krasnoe_suhoe_135_ed1dd0f8f4,dubinin_winery_saperavi_fresh_krasnoe_suhoe_135_ed1dd0f8f4.webp,photo_exact,Саперави фреш,Dubinin Winery,Красное,Светло-рубиновый,Кубань
saperavi-premium,Saperavi_1fe8cca7fc,Saperavi_1fe8cca7fc.webp,photo_exact,Саперави. Премиум,Литавщук. Litavshchuk vineyards & winery,Красное,Гранатовый,Кубань
sary-pandas-vyderzhannoe,Solnechnaya_Dolina_Sary_Pandas_vyderzhannoe_c056d7120c,Solnechnaya_Dolina_Sary_Pandas_vyderzhannoe_c056d7120c.webp,photo_exact,Сары Пандас выдержанное,Солнечная долина,Белое,Янтарный,Крым
valeriy-zaharin-sary-pandas-valeriy-zaharin-beloe-suhoe-125,valeriy_zaharin_sary_pandas_valeriy_zaharin_beloe_suhoe_125_5e1d79e615,valeriy_zaharin_sary_pandas_valeriy_zaharin_beloe_suhoe_125_5e1d79e615.webp,photo_exact,Сары Пандас. Валерий Захарьин,Валерий Захарьин,Белое,Золотистый,Крым
satera-satera-esse-krasnyy-blend-15-kaberne-sovinon-krasnoe-suhoe-13,satera_satera_esse_krasnyy_blend_15_kaberne_sovinon_krasnoe_suhoe_13_b43fbe47fd,satera_satera_esse_krasnyy_blend_15_kaberne_sovinon_krasnoe_suhoe_13_b43fbe47fd.webp,photo_exact,Сатера Эссе Красный Бленд 15,Сатера,Красное,"Тёмно-рубиновый, насыщенный",Крым
vinodelnya-marchenko-svezhiy-veter-mtsvane-mtsvane-kahetinskiy-beloe-suhoe-135,vinodelnya_marchenko_svezhiy_veter_mtsvane_mtsvane_kahetinskiy_beloe_suhoe_135_b72dd767de,vinodelnya_marchenko_svezhiy_veter_mtsvane_mtsvane_kahetinskiy_beloe_suhoe_135_b72dd767de.webp,photo_exact,Свежий ветер. Мцване,Винодельня Марченко,Белое,Чистый соломенный с зеленоватыми отблесками,Кубань
imenie-sikory-semeynoe-nasledie-kaberne-sovinon-krasnoe-suhoe-14,imenie_sikory_semeynoe_nasledie_kaberne_sovinon_krasnoe_suhoe_vyderzhannoe_14_acacce2336,imenie_sikory_semeynoe_nasledie_kaberne_sovinon_krasnoe_suhoe_vyderzhannoe_14_acacce2336.webp,photo_exact,Семейное Наследие,Имение Сикоры,Красное,Вино глубокого рубинового цвета с блеском.,Кубань
alma-valley-semilon-beloe-suhoe-135,alma_valley_semilon_beloe_suhoe_135_12953499e0,alma_valley_semilon_beloe_suhoe_135_12953499e0.webp,photo_exact,Семильон,Alma Valley,Белое,Светло-золотистый цвет с зеленоватым оттенком,Крым
vinodelnya-myshako-semilon-aligote-reserve-beloe-suhoe-126,vinodelnya_myshako_semilon_aligote_reserve_beloe_suhoe_126_f332895d20,vinodelnya_myshako_semilon_aligote_reserve_beloe_suhoe_126_f332895d20.webp,photo_exact,Семильон - Алиготе Reserve,Мысхако,Белое,Золотистый,Кубань
perovskih_semilion_reserv,Semilon_rezerv_376b6f0b84,Semilon_rezerv_376b6f0b84.webp,photo_exact,Семильон Резерв,Усадьба Перовских,Белое,Вино золотистого цвета с зеленоватым отблеском. ,Крым
belbek-semilon-rezerv-beloe-suhoe-127,belbek_semilon_rezerv_beloe_suhoe_127_64909a173d,belbek_semilon_rezerv_beloe_suhoe_127_64909a173d.webp,photo_exact,Семильон Резерв,Бельбек,Белое,Насыщенный золотисто-соломенный,Крым
domaine-de-la-vivandiere-senso-roze-rozovoe-suhoe-126,domaine_de_la_vivandiere_senso_roze_rozovoe_suhoe_126_1beb87273d,domaine_de_la_vivandiere_senso_roze_rozovoe_suhoe_126_1beb87273d.webp,photo_exact,Сенсо розе,Domaine de la Vivandiere,Розовое,Светло-малиновый с серебристыми бликами.,Крым
dacha-serdyuka-sibirkovyy-beloe-suhoe-135,dacha_serdyuka_sibirkovyy_beloe_suhoe_135_c7ad6452b8,dacha_serdyuka_sibirkovyy_beloe_suhoe_135_c7ad6452b8.webp,photo_exact,Сибирьковый,Дача Сердюка,Белое,Светло-соломенный с серебристыми бликами,Долина Дона
vinodelnya-vedernikov-sibirkovyy-beloe-suhoe-11,vinodelnya_vedernikov_sibirkovyy_beloe_suhoe_11_1b751f8d90,vinodelnya_vedernikov_sibirkovyy_beloe_suhoe_11_1b751f8d90.webp,photo_exact,Сибирьковый,Ведерниковъ,Белое,Светло-соломенный,Долина Дона
blagolyubov-sibirkovyy-beloe-suhoe-115,blagolyubov_sibirkovyy_beloe_suhoe_115_9194769ec7,blagolyubov_sibirkovyy_beloe_suhoe_115_9194769ec7.webp,photo_exact,Сибирьковый,Благолюбов,Белое,Блестящий светло-соломенный,Долина Дона
domaine-de-la-vivandiere-sibirkovyy-sur-lies-beloe-suhoe-121,domaine_de_la_vivandiere_sibirkovyy_sur_lies_beloe_suhoe_121_536caa1f6a,domaine_de_la_vivandiere_sibirkovyy_sur_lies_beloe_suhoe_121_536caa1f6a.webp,photo_exact,Сибирьковый sur lies,Domaine de la Vivandiere,Белое,Насыщенный горчичный с золотистым отблеском.,Крым
dacha-serdyuka-sibirkovyy-oranzh-beloe-suhoe-135,dacha_serdyuka_sibirkovyy_oranzh_beloe_suhoe_135_5f7489325e,dacha_serdyuka_sibirkovyy_oranzh_beloe_suhoe_135_5f7489325e.webp,photo_exact,Сибирьковый Оранж,Дача Сердюка,Белое,Янтарно-золотой,Долина Дона
domaine-de-la-vivandiere-sibirkovyy-fresh-beloe-suhoe-125,domaine_de_la_vivandiere_sibirkovyy_fresh_beloe_suhoe_125_39e6be90f5,domaine_de_la_vivandiere_sibirkovyy_fresh_beloe_suhoe_125_39e6be90f5.webp,photo_exact,Сибирьковый фреш,Domaine de la Vivandiere,Белое,Соломенный с зеленоватым оттенком.,Крым
vinodelnya-vedernikov-sibirkovyy-ekstra-bryut-beloe-117,vinodelnya_vedernikov_sibirkovyy_ekstra_bryut_beloe_117_5f7d82bd4f,vinodelnya_vedernikov_sibirkovyy_ekstra_bryut_beloe_117_5f7d82bd4f.webp,photo_exact,Сибирьковый экстра брют,Ведерниковъ,Белое,Светло-соломенный,Долина Дона
vinodelnya-vedernikov-sibirkovyy-aligote-beloe-bryut-117,vinodelnya_vedernikov_sibirkovyy_aligote_beloe_bryut_117_e6cc15c360,vinodelnya_vedernikov_sibirkovyy_aligote_beloe_bryut_117_e6cc15c360.webp,photo_exact,Сибирьковый-Алиготе,Ведерниковъ,Белое,Светло-соломенный,Долина Дона
viktor-stashko-sira-krasnoe-suhoe-14,viktor_stashko_sira_krasnoe_suhoe_14_65be06bbd0,viktor_stashko_sira_krasnoe_suhoe_14_65be06bbd0.webp,photo_exact,Сира,Виктор Сташко,Красное,Вино красивого бледно-рубинового цвета с блеском.,Крым
bakla-vines-sira-krasnoe-suhoe-135,bakla_vines_sira_krasnoe_suhoe_135_1d09e35f1b,bakla_vines_sira_krasnoe_suhoe_135_1d09e35f1b.webp,photo_exact,Сира,Bakla Vines,Красное,Темно-бордовый с фиолетовыми отблесками,Крым
sira,sira_c4aea6abdf,sira_c4aea6abdf.webp,photo_exact,Сира,Mantra Estate,Красное,Светло-рубиновый,Кубань
chateau-cachalot-sira-krasnoe-suhoe-12,chateau_cachalot_sira_krasnoe_suhoe_12_dce15be016,chateau_cachalot_sira_krasnoe_suhoe_12_dce15be016.webp,photo_exact,Сира,Chateau Cachalot,Красное,Сочный тёмно-вишнёвный,Крым
gavras-sira-krasnoe-suhoe-135,gavras_sira_krasnoe_suhoe_135_2d49e01dbe,gavras_sira_krasnoe_suhoe_135_2d49e01dbe.webp,photo_exact,Сира,GAVRAS,Красное,Темно-рубиновый,Крым
vinodelnya-myshako-sira-marselan-kyuve-krasnoe-suhoe-136,vinodelnya_myshako_sira_marselan_kyuve_krasnoe_suhoe_136_3d66d5fcee,vinodelnya_myshako_sira_marselan_kyuve_krasnoe_suhoe_136_3d66d5fcee.webp,photo_exact,Сира – Марселан. Кюве,Мысхако,Красное,Насыщенный красный,Кубань
a-gordienko-m-nikolaev-sira-nuvo-krasnoe-suhoe-115,a_gordienko_m_nikolaev_sira_nuvo_krasnoe_suhoe_115_3eff431cec,a_gordienko_m_nikolaev_sira_nuvo_krasnoe_suhoe_115_3eff431cec.webp,photo_exact,Сира Нуво,А. Гордиенко & М. Николаев,Красное,Вишнево-рубиновый,Кубань
belbek-sira-rezerv-krasnoe-suhoe-132,belbek_sira_rezerv_krasnoe_suhoe_132_ad3192b478,belbek_sira_rezerv_krasnoe_suhoe_132_ad3192b478.webp,photo_exact,Сира Резерв,Бельбек,Красное,Темно-рубиновый,Крым
mantra-estate-sira-roze-rozovoe-suhoe-12,mantra_estate_sira_roze_rozovoe_suhoe_12_21663d62d5,mantra_estate_sira_roze_rozovoe_suhoe_12_21663d62d5.webp,slug_exact,Сира розе,Mantra Estate,Розовое,Вино благородного бледно-лососевого цвета.,Кубань
valeriy-zaharin-sira-valeriy-zaharin-krasnoe-polusladkoe-125,valeriy_zaharin_sira_valeriy_zaharin_krasnoe_polusladkoe_125_7c99c350d3,valeriy_zaharin_sira_valeriy_zaharin_krasnoe_polusladkoe_125_7c99c350d3.webp,photo_exact,Сира. Валерий Захарьин,Валерий Захарьин,Красное,Глубокий рубиново-красный,Крым
vinodelnya-krinitsa-sirakyuz-krasnoe-suhoe-13,vinodelnya_krinitsa_sirakyuz_krasnoe_suhoe_13_6baebf9c06,vinodelnya_krinitsa_sirakyuz_krasnoe_suhoe_13_6baebf9c06.webp,photo_exact,Сиракюз,Криница,Красное,Нежный лососевый,Кубань
skalistyj-bereg-shepot-czvetov,Skalistyj_bereg_shepot_czvetov_belyj_e9d550f01e,Skalistyj_bereg_shepot_czvetov_belyj_e9d550f01e.webp,photo_exact,Скалистый берег Шепот цветов,Скалистый берег,Белое,Светло-соломенный,Кубань
skalistyy-bereg-skalistyy-bereg-kaberne-sovinon-krasnoe-suhoe-15,skalistyy_bereg_skalistyy_bereg_kaberne_sovinon_krasnoe_suhoe_15_cea238d7d4,skalistyy_bereg_skalistyy_bereg_kaberne_sovinon_krasnoe_suhoe_15_cea238d7d4.webp,photo_exact,Скалистый берег. Каберне Совиньон,Скалистый берег,Красное,Рубиновый,Кубань
skalistyy-bereg-skalistyy-bereg-kaberne-fran-krasnoe-suhoe-15,skalistyy_bereg_skalistyy_bereg_kaberne_fran_krasnoe_suhoe_15_c77f61a917,skalistyy_bereg_skalistyy_bereg_kaberne_fran_krasnoe_suhoe_15_c77f61a917.webp,photo_exact,Скалистый берег. Каберне Фран,Скалистый берег,Красное,Глубокий рубиновый,Кубань
skalistyy-bereg-skalistyy-bereg-krasnaya-kniga-glava-1-kaberne-sovinon-krasnoe-suhoe-147,skalistyy_bereg_skalistyy_bereg_krasnaya_kniga_glava_1_kaberne_sovinon_krasnoe_suhoe_147_39262cfce3,skalistyy_bereg_skalistyy_bereg_krasnaya_kniga_glava_1_kaberne_sovinon_krasnoe_suhoe_147_39262cfce3.webp,photo_exact,Скалистый берег. Красная книга. Глава 1,Скалистый берег,Красное,Гранатовый,Кубань
skalistyy-bereg-skalistyy-bereg-krasnaya-kniga-glava-2-merlo-krasnoe-suhoe-15,skalistyy_bereg_skalistyy_bereg_krasnaya_kniga_glava_2_merlo_krasnoe_suhoe_15_02f408f3ee,skalistyy_bereg_skalistyy_bereg_krasnaya_kniga_glava_2_merlo_krasnoe_suhoe_15_02f408f3ee.webp,photo_exact,Скалистый берег. Красная книга. Глава 2,Скалистый берег,Красное,Ярко-гранатовый,Кубань
skalistyy-bereg-skalistyy-bereg-krasnostop-zolotovskiy-krasnoe-suhoe-133,skalistyy_bereg_skalistyy_bereg_krasnostop_zolotovskiy_krasnoe_suhoe_133_b9963f6e31,skalistyy_bereg_skalistyy_bereg_krasnostop_zolotovskiy_krasnoe_suhoe_133_b9963f6e31.webp,photo_exact,Скалистый берег. Красностоп Золотовский,Скалистый берег,Красное,Темно-гранатовый,Кубань
skalistyy-bereg-skalistyy-bereg-pino-nuar-krasnoe-suhoe-13,skalistyy_bereg_skalistyy_bereg_pino_nuar_krasnoe_suhoe_13_de628e1d94,skalistyy_bereg_skalistyy_bereg_pino_nuar_krasnoe_suhoe_13_de628e1d94.webp,photo_exact,Скалистый берег. Пино Нуар,Скалистый берег,Красное,Рубиновый,Кубань
skalistyy-bereg-skalistyy-bereg-risling-beloe-suhoe-113,skalistyy_bereg_skalistyy_bereg_risling_beloe_suhoe_113_ced8bab54b,skalistyy_bereg_skalistyy_bereg_risling_beloe_suhoe_113_ced8bab54b.webp,photo_exact,Скалистый берег. Рислинг,Скалистый берег,Белое,Соломенный,Кубань
skalistyy-bereg-skalistyy-bereg-sovinon-blan-beloe-suhoe-12,skalistyy_bereg_skalistyy_bereg_sovinon_blan_beloe_suhoe_12_1f7736e007,skalistyy_bereg_skalistyy_bereg_sovinon_blan_beloe_suhoe_12_1f7736e007.webp,photo_exact,Скалистый берег. Совиньон Блан,Скалистый берег,Белое,Светло-соломенный с оливковым оттенком,Кубань
skalistyy-bereg-skalistyy-bereg-shardone-beloe-suhoe-135,skalistyy_bereg_skalistyy_bereg_shardone_beloe_suhoe_135_bd7a802212,skalistyy_bereg_skalistyy_bereg_shardone_beloe_suhoe_135_bd7a802212.webp,photo_exact,Скалистый берег. Шардоне,Скалистый берег,Белое,Светло-соломенный с золотистым оттенком,Кубань
shato-ay-danil-skarlatto-da-sole-saperavi-krasnoe-polusladkoe-13,shato_ay_danil_skarlatto_da_sole_saperavi_krasnoe_polusladkoe_13_78a066b92d,shato_ay_danil_skarlatto_da_sole_saperavi_krasnoe_polusladkoe_13_78a066b92d.webp,photo_exact,Скарлатто да Соле,Шато Ай-Даниль,Красное,"Красивый, глубокий вишневый цвет с фиолетовыми отблесками.",Крым
skalistyy-bereg-skb-blan-de-nuar-pino-nuar-beloe-ekstra-bryut-118,skalistyy_bereg_skb_blan_de_nuar_pino_nuar_beloe_ekstra_bryut_118_7f63c74351,skalistyy_bereg_skb_blan_de_nuar_pino_nuar_beloe_ekstra_bryut_118_7f63c74351.webp,photo_exact,СКБ. Блан де Нуар,Скалистый берег,Белое,Светло-соломенный,Кубань
skalistyy-bereg-skb-roze-pino-nuar-beloe-ekstra-bryut-122,skalistyy_bereg_skb_roze_pino_nuar_beloe_ekstra_bryut_122_aa1fe454b7,skalistyy_bereg_skb_roze_pino_nuar_beloe_ekstra_bryut_122_aa1fe454b7.webp,photo_exact,СКБ. Розе,Скалистый берег,Белое,Розовое золото,Кубань
twopeters_sauvignon,product_4_ceb84c1474,product_4_ceb84c1474.webp,photo_exact,Совиньон,Два Петра,Красное,Соломенный,Крым
vinodelnya-uzunov-sovinon-blan-beloe-suhoe-125,sov_blan_Photoroom_fe910ce83a,sov_blan_Photoroom_fe910ce83a.webp,photo_exact,Совиньон Блан,Винодельня Узунов,Белое,Светло-соломенный,Кубань
golubitskoe-estate-sovinon-blan-beloe-suhoe-11,golubitskoe_estate_sovinon_blan_beloe_suhoe_11_7236a859ce,golubitskoe_estate_sovinon_blan_beloe_suhoe_11_7236a859ce.webp,photo_exact,Совиньон Блан,Golubitskoe Estate,Белое,Светло-соломенный,Кубань
alma-valley-sovinon-blan-beloe-suhoe-14,alma_valley_sovinon_blan_beloe_suhoe_14_a30a0144ff,alma_valley_sovinon_blan_beloe_suhoe_14_a30a0144ff.webp,photo_exact,Совиньон Блан,Alma Valley,Белое,Бледно-золотистый,Крым
belbek-sovinon-blan-beloe-suhoe-12,belbek_sovinon_blan_beloe_suhoe_12_f6ebdcced9,belbek_sovinon_blan_beloe_suhoe_12_f6ebdcced9.webp,photo_exact,Совиньон Блан,Бельбек,Белое,Зеленовато-соломенный,Крым
chateau-andre-sovinon-blan-beloe-suhoe-13,chateau_andre_sovinon_blan_beloe_suhoe_13_fb031c925c,chateau_andre_sovinon_blan_beloe_suhoe_13_fb031c925c.webp,photo_exact,Совиньон Блан,Chateau Andre,Белое,Светло-соломенный с золотистыми бликами.,Кубань
villa-sofiya-sovinon-blan-beloe-suhoe-14,villa_sofiya_sovinon_blan_beloe_suhoe_14_bbafb2e342,villa_sofiya_sovinon_blan_beloe_suhoe_14_bbafb2e342.webp,photo_exact,Совиньон Блан,Вилла София,Белое,Соломенный с зеленоватыми отблесками,Нижняя Волга
esse-sovinon-blan-beloe-suhoe-12,esse_sovinon_blan_beloe_suhoe_12_399b808abd,esse_sovinon_blan_beloe_suhoe_12_399b808abd.webp,photo_exact,Совиньон Блан,ESSE,Белое,Светло-соломенный,Крым
denisov-winery-sovinon-blan-beloe-suhoe-115,denisov_winery_sovinon_blan_beloe_suhoe_115_7ed31606ab,denisov_winery_sovinon_blan_beloe_suhoe_115_7ed31606ab.webp,photo_exact,Совиньон Блан,Denisov Winery,Белое,Светло-соломенный с зеленоватыми бликами.,Самара
mantra-estate-sauvignon-blanc-sovinon-blan-beloe-suhoe-133,mantra_estate_sauvignon_blanc_sovinon_blan_beloe_suhoe_133_6e18218bcb,mantra_estate_sauvignon_blanc_sovinon_blan_beloe_suhoe_133_6e18218bcb.webp,photo_exact,Совиньон Блан,Mantra Estate,Белое,Cветло-соломенный,Кубань
v2r-sovinon-blan-beloe-suhoe-13,v2r_sovinon_blan_beloe_suhoe_13_89a35badfd,v2r_sovinon_blan_beloe_suhoe_13_89a35badfd.webp,photo_exact,Совиньон Блан,В2Р,Белое,Светло-соломенный,Кубань
blagolyubov-sovinon-blan-beloe-suhoe-125,blagolyubov_sovinon_blan_beloe_suhoe_125_c0d0a71248,blagolyubov_sovinon_blan_beloe_suhoe_125_c0d0a71248.webp,photo_exact,Совиньон Блан,Благолюбов,Белое,Зеленовато-соломенный,Долина Дона
villa-sofiya-sovinon-blan-beloe-suhoe-123,villa_sofiya_sovinon_blan_beloe_suhoe_123_1e42c3ad84,villa_sofiya_sovinon_blan_beloe_suhoe_123_1e42c3ad84.webp,photo_exact,Совиньон Блан,Вилла София,Белое,Вино нежного лимонно-зеленого цвета.,Нижняя Волга
levokumskoe-sovinon-blan-beloe-suhoe-10,levokumskoe_sovinon_blan_beloe_suhoe_10_e7db3ad179,levokumskoe_sovinon_blan_beloe_suhoe_10_e7db3ad179.webp,photo_exact,Совиньон Блан,Левокумское,Белое,Ярко-соломенный,Ставрополье
dubinin-winery-sovinon-blan-beloe-suhoe-12,dubinin_winery_sovinon_blan_beloe_suhoe_12_18c78bf838,dubinin_winery_sovinon_blan_beloe_suhoe_12_18c78bf838.webp,photo_exact,Совиньон Блан,Dubinin Winery,Белое,Соломенно-золотистый,Кубань
donskoe-vinodelcheskoe-hozyaystvo-elbuzd-sovinon-blan-beloe-suhoe-12,donskoe_vinodelcheskoe_hozyaystvo_elbuzd_sovinon_blan_beloe_suhoe_12_1e0d005870,donskoe_vinodelcheskoe_hozyaystvo_elbuzd_sovinon_blan_beloe_suhoe_12_1e0d005870.webp,photo_exact,Совиньон Блан,"Донское винодельческое хозяйство ""Эльбузд""",Белое,Светло-соломенный с золотистым,Долина Дона
vaynkraft-sovinon-blan-beloe-suhoe-13,vaynkraft_sovinon_blan_beloe_suhoe_13_869a6fba08,vaynkraft_sovinon_blan_beloe_suhoe_13_869a6fba08.webp,photo_exact,Совиньон Блан,ВайнКрафт,Белое,Соломенный с зеленоватыми бликами.,Крым
domaine-lipko-sovinon-blan-beloe-suhoe-118,domaine_lipko_sovinon_blan_beloe_suhoe_118_239115924a,domaine_lipko_sovinon_blan_beloe_suhoe_118_239115924a.webp,photo_exact,Совиньон Блан,Domaine Lipko,Белое,Вино бледно-лимонного цвета с зеленоватыми бликами.,Крым
vinodelnya-myshako-sovinon-blan-beloe-suhoe-122,vinodelnya_myshako_sovinon_blan_beloe_suhoe_122_6cfa0eec2c,vinodelnya_myshako_sovinon_blan_beloe_suhoe_122_6cfa0eec2c.webp,photo_exact,Совиньон Блан,Мысхако,Белое,Соломенный,Кубань
orlov_sauvignon_blan,SOVINON_BLAN_Photoroom_2b8f44157c,SOVINON_BLAN_Photoroom_2b8f44157c.webp,photo_exact,Совиньон Блан,Винодельня Орлова,Белое,Светло-соломенный цвет,Кубань
sovinon-blan-krasnaya-gorka,sov_blan_bfbeb62ecc,sov_blan_bfbeb62ecc.webp,photo_exact,Совиньон Блан,Галицкий и Галицкий,Белое,Светло-соломенный,Кубань
shato-pino-sovinon-blan-semilon-beloe-suhoe-115,shato_pino_sovinon_blan_semilon_beloe_suhoe_115_907eca8d40,shato_pino_sovinon_blan_semilon_beloe_suhoe_115_907eca8d40.webp,photo_exact,Совиньон Блан - Семильон,Шато Пино,Белое,Светло-желтый,Кубань
vinodelnya-myshako-sovinon-blan-vione-kyuve-beloe-suhoe-125,vinodelnya_myshako_sovinon_blan_vione_kyuve_beloe_suhoe_125_f4446c2fcb,vinodelnya_myshako_sovinon_blan_vione_kyuve_beloe_suhoe_125_f4446c2fcb.webp,photo_exact,Совиньон Блан – Вионье. Кюве,Мысхако,Белое,Светло-соломенный,Кубань
ferrum-winery-sovinon-blan-blush-beloe-suhoe-104,ferrum_winery_sovinon_blan_blush_beloe_suhoe_104_f62ecc27db,ferrum_winery_sovinon_blan_blush_beloe_suhoe_104_f62ecc27db.webp,photo_exact,Совиньон Блан Blush,Ferrum Winery,Белое,Янтарно-желтый с пудровыми бликами.,Ставрополье
gunko-winery-sovinon-blan-gunko-winery-beloe-suhoe-135,gunko_winery_sovinon_blan_gunko_winery_beloe_suhoe_135_018fec8f4b,gunko_winery_sovinon_blan_gunko_winery_beloe_suhoe_135_018fec8f4b.webp,photo_exact,Совиньон Блан Gunko Winery,Gunko Winery,Белое,Соломенно-желтый с тонкими зеленоватыми бликами,Кубань
vinodelnya-myshako-sovinon-blan-mode-cold-style-beloe-suhoe-122,vinodelnya_myshako_sovinon_blan_mode_cold_style_beloe_suhoe_122_dedad7f0ba,vinodelnya_myshako_sovinon_blan_mode_cold_style_beloe_suhoe_122_dedad7f0ba.webp,photo_exact,Совиньон Блан Mode Cold Style,Мысхако,Белое,Светло-соломенный с зеленоватым оттенком,Кубань
vinodelnya-myshako-sovinon-blan-mode-petnat-beloe-bryut-12,vinodelnya_myshako_sovinon_blan_mode_petnat_petnat_bryut_belyy_12_80b3ff02e8,vinodelnya_myshako_sovinon_blan_mode_petnat_petnat_bryut_belyy_12_80b3ff02e8.webp,photo_exact,Совиньон Блан Mode Петнат,Мысхако,Белое,Золотистый с зеленоватым оттенком,Кубань
vinodelnya-myshako-sovinon-blan-kyuve-beloe-suhoe-134,vinodelnya_myshako_sovinon_blan_kyuve_beloe_suhoe_134_2227c5fdb9,vinodelnya_myshako_sovinon_blan_kyuve_beloe_suhoe_134_2227c5fdb9.webp,photo_exact,Совиньон Блан Кюве,Мысхако,Белое,Светло-соломенный,Кубань
alma-valley-sovinon-blan-rezerv-beloe-suhoe-14,alma_valley_sovinon_blan_rezerv_beloe_suhoe_14_67049e90d5,alma_valley_sovinon_blan_rezerv_beloe_suhoe_14_67049e90d5.webp,photo_exact,Совиньон Блан Резерв,Alma Valley,Белое,От соломенного до светло-золотистого,Крым
uppa-winery-sovinon-blan-rezerva-beloe-suhoe-12,uppa_winery_sovinon_blan_rezerva_beloe_suhoe_12_76ba88a2a6,uppa_winery_sovinon_blan_rezerva_beloe_suhoe_12_76ba88a2a6.webp,photo_exact,Совиньон Блан Резерва,Uppa Winery,Белое,Яркий золотисто-соломенный цвет с красивым блеском.,Крым
imenie-sikory-sovinon-blan-sikory-beloe-suhoe-13,imenie_sikory_sovinon_blan_sikory_beloe_suhoe_13_534c3bb3a0,imenie_sikory_sovinon_blan_sikory_beloe_suhoe_13_534c3bb3a0.webp,photo_exact,Совиньон Блан Сикоры,Имение Сикоры,Белое,Светло-соломенный цвет с легкими золотистыми отблесками.,Кубань
esse-sovinon-blan-fyume-beloe-suhoe-128,esse_sovinon_blan_fyume_beloe_suhoe_128_a32349f7e3,esse_sovinon_blan_fyume_beloe_suhoe_128_a32349f7e3.webp,photo_exact,Совиньон Блан Фюме,ESSE,Белое,Светло-соломенный,Крым
vinodelnya-myshako-sovinon-blan-blanc-out-beloe-suhoe-138,vinodelnya_myshako_sovinon_blan_blanc_out_beloe_suhoe_138_c0104a89b6,vinodelnya_myshako_sovinon_blan_blanc_out_beloe_suhoe_138_c0104a89b6.webp,photo_exact,Совиньон Блан. Blanc Out,Мысхако,Белое,Светло-соломенный,Кубань
vinodelnya-myshako-sovinon-blan-avtorskaya-tehnologiya-mono-beloe-suhoe-128,vinodelnya_myshako_sovinon_blan_avtorskaya_tehnologiya_mono_beloe_suhoe_128_1cb66bac07,vinodelnya_myshako_sovinon_blan_avtorskaya_tehnologiya_mono_beloe_suhoe_128_1cb66bac07.webp,photo_exact,Совиньон Блан. Авторская технология. Моно,Мысхако,Белое,Светло-соломенный с зеленоватым оттенком,Кубань
valeriy-zaharin-sovinon-blan-valeriy-zaharin-beloe-polusladkoe-105,valeriy_zaharin_sovinon_blan_valeriy_zaharin_beloe_polusladkoe_105_8aec03d544,valeriy_zaharin_sovinon_blan_valeriy_zaharin_beloe_polusladkoe_105_8aec03d544.webp,photo_exact,Совиньон Блан. Валерий Захарьин,Валерий Захарьин,Белое,Светло-соломенный с золотистыми отблесками,Крым
vinodelnya-pokrovskaya-sovinon-blan-pokrovskoe-beloe-suhoe-12,vinodelnya_pokrovskaya_sovinon_blan_pokrovskoe_beloe_suhoe_12_7798c623a3,vinodelnya_pokrovskaya_sovinon_blan_pokrovskoe_beloe_suhoe_12_7798c623a3.webp,photo_exact,Совиньон Блан. Покровское,Винодельня Покровская,Белое,Соломенно-золотистый,Нижняя Волга
imenie-sikory-sovinon-blan-semeynyy-rezerv-beloe-suhoe-13,imenie_sikory_sovinon_blan_semeynyy_rezerv_beloe_suhoe_13_8902a3f131,imenie_sikory_sovinon_blan_semeynyy_rezerv_beloe_suhoe_13_8902a3f131.webp,photo_exact,Совиньон Блан. Семейный резерв,Имение Сикоры,Белое,Светло-золотистый,Кубань
vinodelnya-uzunov-sovinon-kukuoba-sovinon-blan-beloe-ekstra-bryut-12,vinodelnya_uzunov_sovinon_kukuoba_sovinon_blan_beloe_ekstra_bryut_12_afc1102ff2,vinodelnya_uzunov_sovinon_kukuoba_sovinon_blan_beloe_ekstra_bryut_12_afc1102ff2.webp,photo_exact,Совиньон Кукуоба,Винодельня Узунов,Белое,Светло-соломенный,Кубань
vinodelnya-myshako-sovinon-semilon-kyuve-sovinon-blan-beloe-suhoe-132,vinodelnya_myshako_sovinon_semilon_kyuve_sovinon_blan_beloe_suhoe_132_46f2609e02,vinodelnya_myshako_sovinon_semilon_kyuve_sovinon_blan_beloe_suhoe_132_46f2609e02.webp,photo_exact,Совиньон Семильон Кюве,Мысхако,Белое,Светло-соломенный,Кубань
valeriy-zaharin-sovinon-valeriy-zaharin-beloe-polusladkoe-125,valeriy_zaharin_sovinon_valeriy_zaharin_beloe_polusladkoe_125_8494e4a11e,valeriy_zaharin_sovinon_valeriy_zaharin_beloe_polusladkoe_125_8494e4a11e.webp,photo_exact,Совиньон. Валерий Захарьин,Валерий Захарьин,Белое,Золотисто-соломенный,Крым
usadba-divnomorskoe-solist-marselan-rozovoe-suhoe-115,usadba_divnomorskoe_solist_marselan_rozovoe_suhoe_115_a73776de13,usadba_divnomorskoe_solist_marselan_rozovoe_suhoe_115_a73776de13.webp,photo_exact,Солист,Усадьба Дивноморское,Розовое,Вино нежного бледно-розового цвета.,Кубань
solnechnaya-dolina-meganom-kokur-beloe-bryut,Solnechnaya_Dolina_meganom_kokur_0084a50e59,Solnechnaya_Dolina_meganom_kokur_0084a50e59.webp,photo_exact,Солнечная Долина Меганом Кокур белое брют,Солнечная долина,Белое,Светло-золотистый,Крым
usadba-divnomorskoe-solnechnyy-veter-shardone-beloe-suhoe-125,usadba_divnomorskoe_solnechnyy_veter_shardone_beloe_suhoe_125_28a7d7de96,usadba_divnomorskoe_solnechnyy_veter_shardone_beloe_suhoe_125_28a7d7de96.webp,photo_exact,Солнечный Ветер,Усадьба Дивноморское,Белое,Вино бледно-лимонного цвета.,Кубань
alma-valley-solntse-vozduh-vinograd-sira-shiraz-rozovoe-polusladkoe-12,alma_valley_solntse_vozduh_vinograd_sira_shiraz_rozovoe_polusladkoe_12_ace425804f,alma_valley_solntse_vozduh_vinograd_sira_shiraz_rozovoe_polusladkoe_12_ace425804f.webp,photo_exact,"Солнце, воздух, виноград",Alma Valley,Розовое,Светло-розовый,Крым
alma-valley-solntse-vozduh-vinograd-sira-shiraz-krasnoe-polusuhoe-135,alma_valley_solntse_vozduh_vinograd_sira_shiraz_krasnoe_polusuhoe_135_7cd3395fb2,alma_valley_solntse_vozduh_vinograd_sira_shiraz_krasnoe_polusuhoe_135_7cd3395fb2.webp,photo_exact,"Солнце, воздух, виноград",Alma Valley,Красное,"Рубиновый, с фиолетовым оттенком",Крым
alma-valley-solntse-vozduh-vinograd-merlo-krasnoe-polusladkoe-14,alma_valley_solntse_vozduh_vinograd_merlo_krasnoe_polusladkoe_14_6111b648a4,alma_valley_solntse_vozduh_vinograd_merlo_krasnoe_polusladkoe_14_6111b648a4.webp,photo_exact,"Солнце, воздух, виноград",Alma Valley,Красное,Тёмно-рубиновый,Крым
alma-valley-solntse-vozduh-vinograd-shardone-beloe-polusuhoe-13,alma_valley_solntse_vozduh_vinograd_shardone_beloe_polusuhoe_13_532db72561,alma_valley_solntse_vozduh_vinograd_shardone_beloe_polusuhoe_13_532db72561.webp,photo_exact,"Солнце, воздух, виноград",Alma Valley,Белое,Светло-соломенный,Крым
alma-valley-solntse-vozduh-vinograd-kokur-beloe-polusladkoe-13,alma_valley_solntse_vozduh_vinograd_kokur_beloe_polusladkoe_13_e1b2a15be1,alma_valley_solntse_vozduh_vinograd_kokur_beloe_polusladkoe_13_e1b2a15be1.webp,photo_exact,"Солнце, воздух, виноград",Alma Valley,Белое,Золотистый,Крым
nesterov-winery-solyaris-beloe-suhoe-14,nesterov_winery_solyaris_beloe_suhoe_14_634dc705f3,nesterov_winery_solyaris_beloe_suhoe_14_634dc705f3.webp,photo_exact,Солярис,Nesterov Winery,Белое,Cветло-соломенный,Кубань
soyuz-vino-soyuz-vino-evropak-shiraz-krasnoe-polusladkoe-11,soyuz_vino_soyuz_vino_evropak_shiraz_krasnoe_polusladkoe_11_80fd7e408c,soyuz_vino_soyuz_vino_evropak_shiraz_krasnoe_polusladkoe_11_80fd7e408c.webp,photo_exact,Союз-Вино ЕвроПак Шираз,Союз-Вино,Красное,У вина насыщенный красный цвет с фиолетовым отливом.,Кубань
soyuz-vino-soyuz-vino-izabella-krasnoe-polusladkoe-11,soyuz_vino_soyuz_vino_izabella_krasnoe_polusladkoe_11_1abeea2193,soyuz_vino_soyuz_vino_izabella_krasnoe_polusladkoe_11_1abeea2193.webp,photo_exact,Союз-Вино Изабелла,Союз-Вино,Красное,У вина глубокий красно-рубиновый цвет с пурпурными отблесками.,Кубань
soyuz-vino-soyuz-vino-izabella-beg-in-boks-krasnoe-polusladkoe-11,soyuz_vino_soyuz_vino_izabella_beg_in_boks_krasnoe_polusladkoe_11_57877fa333,soyuz_vino_soyuz_vino_izabella_beg_in_boks_krasnoe_polusladkoe_11_57877fa333.webp,photo_exact,Союз-Вино Изабелла Бэг-ин-бокс,Союз-Вино,Красное,У вина глубокий красно-рубиновый цвет с пурпурными отблесками.,Кубань
soyuz-vino-soyuz-vino-kaberne-sovinon-krasnoe-suhoe-12,soyuz_vino_soyuz_vino_kaberne_sovinon_krasnoe_suhoe_12_323dad351f,soyuz_vino_soyuz_vino_kaberne_sovinon_krasnoe_suhoe_12_323dad351f.webp,photo_exact,Союз-Вино Каберне Совиньон,Союз-Вино,Красное,Вино насыщенного рубинового цвета.,Кубань
soyuz-vino-soyuz-vino-kaberne-sovinon-beg-in-boks-krasnoe-suhoe-11,soyuz_vino_soyuz_vino_kaberne_sovinon_beg_in_boks_krasnoe_suhoe_11_a2b1e169b2,soyuz_vino_soyuz_vino_kaberne_sovinon_beg_in_boks_krasnoe_suhoe_11_a2b1e169b2.webp,photo_exact,Союз-Вино Каберне Совиньон Бэг-ин-бокс,Союз-Вино,Красное,Насыщенный рубиновый цвет.,Кубань
soyuz-vino-soyuz-vino-muskat-beloe-polusladkoe-11,soyuz_vino_soyuz_vino_muskat_beloe_polusladkoe_11_31c63dac6f,soyuz_vino_soyuz_vino_muskat_beloe_polusladkoe_11_31c63dac6f.webp,photo_exact,Союз-Вино Мускат,Союз-Вино,Белое,Вино отличается светло-золотистым цветом.,Кубань
soyuz-vino-soyuz-vino-muskat-beg-in-boks-beloe-polusladkoe-11,soyuz_vino_soyuz_vino_muskat_beg_in_boks_beloe_polusladkoe_11_c04d62fb2c,soyuz_vino_soyuz_vino_muskat_beg_in_boks_beloe_polusladkoe_11_c04d62fb2c.webp,photo_exact,Союз-Вино Мускат Бэг-ин-бокс,Союз-Вино,Белое,Вино отличается светло-золотистым цветом.,Кубань
soyuz-vino-soyuz-vino-shardone-beloe-polusladkoe-beg-in-boks-12,soyuz_vino_soyuz_vino_shardone_beloe_polusladkoe_beg_in_boks_12_f0024228a1,soyuz_vino_soyuz_vino_shardone_beloe_polusladkoe_beg_in_boks_12_f0024228a1.webp,photo_exact,Союз-Вино Шардоне Белое Полусладкое Бэг-ин-бокс,Союз-Вино,Белое,Цвет привлекает светлым соломенно-золотистым оттенком.,Кубань
soyuz-vino-soyuz-vino-shardone-suhoe-beloe-11,soyuz_vino_soyuz_vino_shardone_suhoe_beloe_11_ea78298986,soyuz_vino_soyuz_vino_shardone_suhoe_beloe_11_ea78298986.webp,photo_exact,Союз-Вино Шардоне Сухое,Союз-Вино,Белое,У вина светло-золотистый цвет.,Кубань
blagolyubov-stanichnoe-stanichnyy-beloe-suhoe-12,blagolyubov_stanichnoe_stanichnyy_beloe_suhoe_12_eef92e6059,blagolyubov_stanichnoe_stanichnyy_beloe_suhoe_12_eef92e6059.webp,photo_exact,Станичное,Благолюбов,Белое,Светло-золотистый,Долина Дона
usadba-mezyb-staraya-doroga-na-dzhanhot-kaberne-sovinon-krasnoe-suhoe-144,usadba_mezyb_staraya_doroga_na_dzhanhot_kaberne_sovinon_krasnoe_suhoe_vyderzhannoe_144_6130c0ed6d,usadba_mezyb_staraya_doroga_na_dzhanhot_kaberne_sovinon_krasnoe_suhoe_vyderzhannoe_144_6130c0ed6d.webp,photo_exact,Старая Дорога на Джанхот,Усадьба Мезыбь,Красное,Красивый рубиновый цвет с гранатовыми оттенками и легкими рыжими отблесками.,Кубань
usadba-mezyb-staraya-doroga-na-dzhanhot-kaberne-sovinon-kaberne-fran-krasnoe-suhoe-144,usadba_mezyb_staraya_doroga_na_dzhanhot_kaberne_sovinon_kaberne_fran_krasnoe_suhoe_144_2792094341,usadba_mezyb_staraya_doroga_na_dzhanhot_kaberne_sovinon_kaberne_fran_krasnoe_suhoe_144_2792094341.webp,photo_exact,"Старая дорога на Джанхот. Каберне Совиньон, Каберне Фран",Усадьба Мезыбь,Красное,Тёмно-бодовый,Кубань
suhoe-beloe-zb-vajn-frizzante,Frizante_beloe_suhoe_1efeefdc54,Frizante_beloe_suhoe_1efeefdc54.webp,photo_exact,Сухое белое ЗБ вайн Фриззанте,Золотая Балка,Белое,Светло-соломенный,Крым
vinodelnya-zhakov-tavkveri-escape-krasnoe-suhoe-117,vinodelnya_zhakov_tavkveri_escape_krasnoe_suhoe_117_b6800294d6,vinodelnya_zhakov_tavkveri_escape_krasnoe_suhoe_117_b6800294d6.webp,photo_exact,Тавквери Escape,Винодельня Жаков,Красное,Глубоко-рубиновый с фиолетовыми отблесками,Крым
valeriy-zaharin-tangovoe-manto-pino-nuar-krasnoe-suhoe-13,valeriy_zaharin_tangovoe_manto_pino_nuar_krasnoe_suhoe_13_a0df9308e1,valeriy_zaharin_tangovoe_manto_pino_nuar_krasnoe_suhoe_13_a0df9308e1.webp,photo_exact,Танговое Манто. Пино Нуар,Валерий Захарьин,Красное,Яркий рубиновый,Крым
valeriy-zaharin-tangovoe-manto-sovinon-sovinon-blan-beloe-suhoe-125,valeriy_zaharin_tangovoe_manto_sovinon_sovinon_blan_beloe_suhoe_125_e437fbd64f,valeriy_zaharin_tangovoe_manto_sovinon_sovinon_blan_beloe_suhoe_125_e437fbd64f.webp,photo_exact,Танговое Манто. Совиньон,Валерий Захарьин,Белое,Светлый соломенный,Крым
twopeters_tandem,product_6_df359266e6,product_6_df359266e6.webp,photo_exact,Тандем,Два Петра,Красное,Насыщеный рубиновый,Крым
alma-valley-tba-sovinon-sovinon-blan-beloe-sladkoe-75,alma_valley_tba_sovinon_sovinon_blan_beloe_sladkoe_75_571c20333f,alma_valley_tba_sovinon_sovinon_blan_beloe_sladkoe_75_571c20333f.webp,photo_exact,ТБА Совиньон,Alma Valley,Белое,Золотой,Крым
temelion-blanc-de-blancs,Temelion_Blan_de_blan_1_bce05cbf71,Temelion_Blan_de_blan_1_bce05cbf71.webp,photo_exact,Темелион Blanc de Blancs,Долина Лефкадия,Белое,Светло-соломенный,Кубань
avtorskij-gid-artura-sarkisyana,Temelion_Bryut_1_a8d14c7360,Temelion_Bryut_1_a8d14c7360.webp,photo_exact,Темелион брют,Долина Лефкадия,Белое,Светло-золотистый,Кубань
temelion-bryut-roze,Temelion_Bryut_roze_1_a6d6d4234d,Temelion_Bryut_roze_1_a6d6d4234d.webp,photo_exact,Темелион брют розе,Долина Лефкадия,Розовое,Светло-лососевый,Кубань
le-k2-temnaya-roza-sira-rozovoe-suhoe-13,le_k2_temnaya_roza_sira_rozovoe_suhoe_13_80e154d18a,le_k2_temnaya_roza_sira_rozovoe_suhoe_13_80e154d18a.webp,photo_exact,Темная роза,Le K2,Розовое,Розовый,Крым
vinodelnya-myshako-tempranilo-rozovoe-suhoe-134,vinodelnya_myshako_tempranilo_rozovoe_suhoe_134_090941fd8c,vinodelnya_myshako_tempranilo_rozovoe_suhoe_134_090941fd8c.webp,photo_exact,Темпранильо,Мысхако,Розовое,Розовый,Кубань
alma-valley-tempranilo-krasnoe-suhoe-13,alma_valley_tempranilo_krasnoe_suhoe_13_9f66826c6d,alma_valley_tempranilo_krasnoe_suhoe_13_9f66826c6d.webp,photo_exact,Темпранильо,Alma Valley,Красное,Насыщенный рубиновый цвет,Крым
alma-valley-tempranilo-rezerv-krasnoe-suhoe-14,alma_valley_tempranilo_rezerv_krasnoe_suhoe_14_36d4dbc6c0,alma_valley_tempranilo_rezerv_krasnoe_suhoe_14_36d4dbc6c0.webp,photo_exact,Темпранильо Резерв,Alma Valley,Красное,Рубиновый,Крым
soyuz-vino-terra-pia-kaldera-blend-risling-reynskiy-beloe-suhoe-11,soyuz_vino_terra_pia_kaldera_blend_risling_reynskiy_beloe_suhoe_11_0a3230fc09,soyuz_vino_terra_pia_kaldera_blend_risling_reynskiy_beloe_suhoe_11_0a3230fc09.webp,photo_exact,Терра Пиа Кальдера Бленд,Союз-Вино,Белое,Цвет колеблется от светло-соломенного до соломенного с зеленоватым оттенком.,Кубань
soyuz-vino-terra-pia-lava-blend-merlo-krasnoe-suhoe-12,soyuz_vino_terra_pia_lava_blend_merlo_krasnoe_suhoe_12_8c211b3368,soyuz_vino_terra_pia_lava_blend_merlo_krasnoe_suhoe_12_8c211b3368.webp,photo_exact,Терра Пиа Лава Бленд,Союз-Вино,Красное,Имеет насыщенный рубиновый цвет.,Кубань
shato-ay-danil-tokkata-saperavi-krasnoe-suhoe-14,shato_ay_danil_tokkata_saperavi_krasnoe_suhoe_14_195c22982f,shato_ay_danil_tokkata_saperavi_krasnoe_suhoe_14_195c22982f.webp,photo_exact,Токката,Шато Ай-Даниль,Красное,Вино рубинового цета с блеском.,Крым
fanagoriya-tochka-saperavi-krasnoe-suhoe-14,fanagoriya_tochka_saperavi_krasnoe_suhoe_14_85b003f862,fanagoriya_tochka_saperavi_krasnoe_suhoe_14_85b003f862.webp,photo_exact,Точка,Фанагория,Красное,Тёмно-рубиновый с фиолетовым оттенком,Кубань
vaynkraft-traminer-traminer-rozovyy-beloe-suhoe-14,vaynkraft_traminer_traminer_rozovyy_beloe_suhoe_14_7301148f29,vaynkraft_traminer_traminer_rozovyy_beloe_suhoe_14_7301148f29.webp,photo_exact,Траминер,ВайнКрафт,Белое,Блестящий соломенно-лимонный,Крым
chateau-andre-traminer-beloe-suhoe-135,chateau_andre_traminer_beloe_suhoe_135_56ed4fb5e5,chateau_andre_traminer_beloe_suhoe_135_56ed4fb5e5.webp,photo_exact,Траминер,Chateau Andre,Белое,Золотистый с вкраплениями зеленого.,Кубань
alma-valley-traminer-beloe-suhoe-125,alma_valley_traminer_beloe_suhoe_125_535f55a570,alma_valley_traminer_beloe_suhoe_125_535f55a570.webp,photo_exact,Траминер,Alma Valley,Белое,Бледно-соломенный цвет с золотистым отблеском,Крым
zmv-koktebel-traminer-desertnoe-beloe-sladkoe-16,zmv_koktebel_traminer_desertnoe_beloe_sladkoe_16_be1e195feb,zmv_koktebel_traminer_desertnoe_beloe_sladkoe_16_be1e195feb.webp,photo_exact,Траминер десертное,ЗМВ Коктебель,Белое,Янтарный,Крым
vaynkraft-traminer-oranzh-traminer-rozovyy-oranzhevoe-suhoe-125,vaynkraft_traminer_oranzh_traminer_rozovyy_oranzhevoe_suhoe_125_8a46ea97b3,vaynkraft_traminer_oranzh_traminer_rozovyy_oranzhevoe_suhoe_125_8a46ea97b3.webp,photo_exact,Траминер Оранж,ВайнКрафт,Оранжевое,Светло-желтый,Крым
vaynkraft-traminer-oranzh-2-traminer-rozovyy-oranzhevoe-suhoe-125,vaynkraft_traminer_oranzh_2_traminer_rozovyy_oranzhevoe_suhoe_125_3c507d40ce,vaynkraft_traminer_oranzh_2_traminer_rozovyy_oranzhevoe_suhoe_125_3c507d40ce.webp,photo_exact,Траминер Оранж 2,ВайнКрафт,Оранжевое,"Светлый, соломенного оттенка",Крым
valeriy-zaharin-traminer-burlyuk-traminer-rozovyy-beloe-suhoe-135,valeriy_zaharin_traminer_burlyuk_traminer_rozovyy_beloe_suhoe_135_229b0c4d18,valeriy_zaharin_traminer_burlyuk_traminer_rozovyy_beloe_suhoe_135_229b0c4d18.webp,photo_exact,Траминер. Бурлюк,Валерий Захарьин,Белое,Соломенный,Крым
valeriy-zaharin-traminer-valeriy-zaharin-traminer-rozovyy-beloe-polusladkoe-105,valeriy_zaharin_traminer_valeriy_zaharin_traminer_rozovyy_beloe_polusladkoe_105_8a6a05ec27,valeriy_zaharin_traminer_valeriy_zaharin_traminer_rozovyy_beloe_polusladkoe_105_8a6a05ec27.webp,photo_exact,Траминер. Валерий Захарьин,Валерий Захарьин,Белое,Соломенный с розоватыми бликами.,Крым
shato-ay-danil-tramonto-kaberne-sovinon-krasnoe-suhoe-14,shato_ay_danil_tramonto_kaberne_sovinon_krasnoe_suhoe_vyderzhannoe_14_63541d946c,shato_ay_danil_tramonto_kaberne_sovinon_krasnoe_suhoe_vyderzhannoe_14_63541d946c.webp,photo_exact,Трамонто,Шато Ай-Даниль,Красное,Вино глубокого непрозрачного рубинового цвета.,Крым
sober-bash-trezvaya-golova-kaberne-fran-krasnostop-krasnoe-suhoe-13,sober_bash_trezvaya_golova_kaberne_fran_krasnostop_krasnoe_suhoe_13_c95bc5ed9d,sober_bash_trezvaya_golova_kaberne_fran_krasnostop_krasnoe_suhoe_13_c95bc5ed9d.webp,photo_exact,Трезвая голова. Каберне Фран + Красностоп,Собер Баш,Красное,Тёмно-гранатовый,Кубань
sober-bash-trezvaya-golova-risling-risling-reynskiy-beloe-suhoe-10,sober_bash_trezvaya_golova_risling_risling_reynskiy_beloe_suhoe_10_146c313d41,sober_bash_trezvaya_golova_risling_risling_reynskiy_beloe_suhoe_10_146c313d41.webp,photo_exact,Трезвая голова. Рислинг,Собер Баш,Белое,Соломенный,Кубань
sober-bash-trezvaya-golova-rkatsiteli-beloe-suhoe-12,sober_bash_trezvaya_golova_rkatsiteli_beloe_suhoe_12_511c1cd6b2,sober_bash_trezvaya_golova_rkatsiteli_beloe_suhoe_12_511c1cd6b2.webp,photo_exact,Трезвая голова. Ркацители,Собер Баш,Белое,Соломенный,Кубань
sober-bash-trezvaya-golova-rozovoe-krasnostop-zolotovskiy-suhoe-115,sober_bash_trezvaya_golova_rozovoe_krasnostop_zolotovskiy_suhoe_115_7f51424925,sober_bash_trezvaya_golova_rozovoe_krasnostop_zolotovskiy_suhoe_115_7f51424925.webp,photo_exact,Трезвая голова. Розовое,Собер Баш,Розовое,Насыщенный розовый,Кубань
sober-bash-trezvaya-golova-saperavi-krasnoe-suhoe-14,sober_bash_trezvaya_golova_saperavi_krasnoe_suhoe_14_496206d9ee,sober_bash_trezvaya_golova_saperavi_krasnoe_suhoe_14_496206d9ee.webp,photo_exact,Трезвая голова. Саперави,Собер Баш,Красное,Рубиновый,Кубань
sober-bash-trezvaya-golova-tsimlyanskiygolubok-tsimlyanskiy-chernyy-krasnoe-suhoe-135,sober_bash_trezvaya_golova_tsimlyanskiygolubok_tsimlyanskiy_chernyy_krasnoe_suhoe_135_e92fe32066,sober_bash_trezvaya_golova_tsimlyanskiygolubok_tsimlyanskiy_chernyy_krasnoe_suhoe_135_e92fe32066.webp,photo_exact,Трезвая голова. Цимлянский+Голубок,Собер Баш,Красное,Гранатовый,Кубань
stn-winery-trio-aligote-beloe-suhoe-13,stn_winery_trio_aligote_beloe_suhoe_13_6adf0dafd2,stn_winery_trio_aligote_beloe_suhoe_13_6adf0dafd2.webp,photo_exact,Трио Алиготе,STN Winery,Белое,Соломенно-золотистый,Крым
villa-sofiya-trio-beloe-risling-suhoe-123,villa_sofiya_trio_beloe_risling_beloe_suhoe_123_c103bafa84,villa_sofiya_trio_beloe_risling_beloe_suhoe_123_c103bafa84.webp,photo_exact,Трио белое,Вилла София,Белое,Вино соломенного цвета с зеленым оттенком.,Нижняя Волга
villa-sofiya-trio-beloe-risling-suhoe-12,villa_sofiya_trio_beloe_risling_beloe_suhoe_12_3473512487,villa_sofiya_trio_beloe_risling_beloe_suhoe_12_3473512487.webp,photo_exact,Трио белое,Вилла София,Белое,Соломенно-желтый с золотистыми переливами,Нижняя Волга
villa-sofiya-trio-krasnoe-merlo-suhoe-135,villa_sofiya_trio_krasnoe_merlo_krasnoe_suhoe_135_618c5541cf,villa_sofiya_trio_krasnoe_merlo_krasnoe_suhoe_135_618c5541cf.webp,photo_exact,Трио красное,Вилла София,Красное,Рубиновый цвет с легкими пурпурными оттенками и ровным блеском.,Нижняя Волга
villa-sofiya-trio-roze-pino-nuar-rozovoe-suhoe-14,villa_sofiya_trio_roze_pino_nuar_rozovoe_suhoe_14_3aa85a2cd3,villa_sofiya_trio_roze_pino_nuar_rozovoe_suhoe_14_3aa85a2cd3.webp,photo_exact,Трио розе,Вилла София,Розовое,Нежно-розовый,Нижняя Волга
chateau-de-talu-uroki-frantsuzskogo-shardone-beloe-suhoe-124,chateau_de_talu_uroki_frantsuzskogo_shardone_beloe_suhoe_124_70debdc553,chateau_de_talu_uroki_frantsuzskogo_shardone_beloe_suhoe_124_70debdc553.webp,photo_exact,Уроки французского Шардоне,Chateau de Talu,Белое,"Золотистый, с прозрачными бликами по ободку",Кубань
chateau-de-talu-uroki-frantsuzskogo-sovinon-blan-beloe-suhoe-115,chateau_de_talu_uroki_frantsuzskogo_sovinon_blan_beloe_suhoe_115_19393490fe,chateau_de_talu_uroki_frantsuzskogo_sovinon_blan_beloe_suhoe_115_19393490fe.webp,photo_exact,"Уроки Французского.
 Совиньон Блан",Chateau de Talu,Белое,Вино бледно-зеленоватого цвета.,Кубань
chateau-de-talu-uroki-frantsuzskogo-kaberne-sovinon-krasnoe-suhoe-14,chateau_de_talu_uroki_frantsuzskogo_kaberne_sovinon_krasnoe_suhoe_14_026f1c021d,chateau_de_talu_uroki_frantsuzskogo_kaberne_sovinon_krasnoe_suhoe_14_026f1c021d.webp,photo_exact,Уроки французского. Каберне Совиньон,Chateau de Talu,Красное,"Рубиновый, с бликами по ободку",Кубань
chateau-de-talu-uroki-frantsuzskogo-kaberne-fran-krasnoe-suhoe-14,chateau_de_talu_uroki_frantsuzskogo_kaberne_fran_krasnoe_suhoe_14_742f3fe735,chateau_de_talu_uroki_frantsuzskogo_kaberne_fran_krasnoe_suhoe_14_742f3fe735.webp,photo_exact,Уроки французского. Каберне Фран,Chateau de Talu,Красное,Насыщенно-рубиновый,Кубань
chateau-de-talu-uroki-frantsuzskogo-krasnostop-krasnostop-anapskiy-krasnoe-suhoe-145,chateau_de_talu_uroki_frantsuzskogo_krasnostop_krasnostop_anapskiy_krasnoe_suhoe_145_a9d5ec3ff6,chateau_de_talu_uroki_frantsuzskogo_krasnostop_krasnostop_anapskiy_krasnoe_suhoe_145_a9d5ec3ff6.webp,photo_exact,Уроки французского. Красностоп,Chateau de Talu,Красное,Яркий рубиновый с фиолетовыми отблесками.,Кубань
chateau-de-talu-uroki-frantsuzskogo-merlo-krasnoe-suhoe-147,chateau_de_talu_uroki_frantsuzskogo_merlo_krasnoe_suhoe_147_2d728f9e11,chateau_de_talu_uroki_frantsuzskogo_merlo_krasnoe_suhoe_147_2d728f9e11.webp,photo_exact,Уроки французского. Мерло,Chateau de Talu,Красное,"Рубиновый, с глянцевыми бликами",Кубань
chateau-de-talu-uroki-frantsuzskogo-sira-krasnoe-suhoe-13,chateau_de_talu_uroki_frantsuzskogo_sira_krasnoe_suhoe_13_333740f907,chateau_de_talu_uroki_frantsuzskogo_sira_krasnoe_suhoe_13_333740f907.webp,photo_exact,Уроки французского. Сира,Chateau de Talu,Красное,Рубиновый,Кубань
usadba-mezyb-usadba-mezyb-vione-beloe-suhoe-118,usadba_mezyb_usadba_mezyb_vione_beloe_suhoe_118_dad4ef03e7,usadba_mezyb_usadba_mezyb_vione_beloe_suhoe_118_dad4ef03e7.webp,photo_exact,Усадьба Мезыбь. Вионье,Усадьба Мезыбь,Белое,Светло-соломенный,Кубань
usadba-mezyb-usadba-mezyb-kaberne-sovinon-krasnoe-suhoe-143,usadba_mezyb_usadba_mezyb_kaberne_sovinon_krasnoe_suhoe_143_d2e714e112,usadba_mezyb_usadba_mezyb_kaberne_sovinon_krasnoe_suhoe_143_d2e714e112.webp,photo_exact,Усадьба Мезыбь. Каберне Совиньон,Усадьба Мезыбь,Красное,Тёмно-бордовый,Кубань
usadba-mezyb-usadba-mezyb-kaberne-sovinon-kaberne-fran-merlo-krasnoe-suhoe-148,usadba_mezyb_usadba_mezyb_kaberne_sovinon_kaberne_fran_merlo_krasnoe_suhoe_148_f747c194c8,usadba_mezyb_usadba_mezyb_kaberne_sovinon_kaberne_fran_merlo_krasnoe_suhoe_148_f747c194c8.webp,photo_exact,"Усадьба Мезыбь. Каберне Совиньон, Каберне Фран, Мерло",Усадьба Мезыбь,Красное,Тёмно-рубиновый,Кубань
usadba-mezyb-usadba-mezyb-kaberne-fran-krasnoe-suhoe-145,usadba_mezyb_usadba_mezyb_kaberne_fran_krasnoe_suhoe_145_4dea0aa5d1,usadba_mezyb_usadba_mezyb_kaberne_fran_krasnoe_suhoe_145_4dea0aa5d1.webp,photo_exact,Усадьба Мезыбь. Каберне Фран,Усадьба Мезыбь,Красное,Рубиновый с гранатовым оттенком,Кубань
usadba-mezyb-usadba-mezyb-krasnostop-saperavi-krasnoe-suhoe-127,usadba_mezyb_usadba_mezyb_krasnostop_saperavi_krasnoe_suhoe_127_0cb8c6f5a1,usadba_mezyb_usadba_mezyb_krasnostop_saperavi_krasnoe_suhoe_127_0cb8c6f5a1.webp,photo_exact,"Усадьба Мезыбь. Красностоп, Саперави",Усадьба Мезыбь,Красное,Тёмно-рубиновый,Кубань
usadba-mezyb-usadba-mezyb-merlo-krasnoe-suhoe-15,usadba_mezyb_usadba_mezyb_merlo_krasnoe_suhoe_15_3d15fa2782,usadba_mezyb_usadba_mezyb_merlo_krasnoe_suhoe_15_3d15fa2782.webp,photo_exact,Усадьба Мезыбь. Мерло,Усадьба Мезыбь,Красное,Тёмно-рубиновый,Кубань
usadba-mezyb-usadba-mezyb-roze-kaberne-sovinon-rozovoe-suhoe-135,usadba_mezyb_usadba_mezyb_roze_kaberne_sovinon_rozovoe_suhoe_135_2f934883da,usadba_mezyb_usadba_mezyb_roze_kaberne_sovinon_rozovoe_suhoe_135_2f934883da.webp,photo_exact,Усадьба Мезыбь. Розе Каберне Совиньон,Усадьба Мезыбь,Розовое,Розовый с лососевым оттенком,Кубань
usadba-mezyb-usadba-mezyb-roze-kaberne-fran-rozovoe-suhoe-143,usadba_mezyb_usadba_mezyb_roze_kaberne_fran_rozovoe_suhoe_143_6187bd1515,usadba_mezyb_usadba_mezyb_roze_kaberne_fran_rozovoe_suhoe_143_6187bd1515.webp,photo_exact,Усадьба Мезыбь. Розе Каберне Фран,Усадьба Мезыбь,Розовое,Розовый с лососевым оттенком,Кубань
usadba-mezyb-usadba-mezyb-shardone-beloe-suhoe-125,usadba_mezyb_usadba_mezyb_shardone_beloe_suhoe_125_f8982d7f16,usadba_mezyb_usadba_mezyb_shardone_beloe_suhoe_125_f8982d7f16.webp,photo_exact,Усадьба Мезыбь. Шардоне,Усадьба Мезыбь,Белое,Светло-соломенный,Кубань
bogovich-wine-vineyard-faina-sovinon-zelenyy-beloe-suhoe-113,bogovich_wine_vineyard_faina_sovinon_zelenyy_beloe_suhoe_113_8384005071,bogovich_wine_vineyard_faina_sovinon_zelenyy_beloe_suhoe_113_8384005071.webp,photo_exact,Фаина,Bogovich Wine & Vineyard,Белое,Соломенно-золотистый,Крым
fanagoriya-beloe-polusladkoe,Fanagrriya_polusladkoe_30637d1cb8,Fanagrriya_polusladkoe_30637d1cb8.webp,photo_exact,Фанагория белое полусладкое,Фанагория,Белое,Соломенно-зеленоватый с ярким блеском,Кубань
fanagoriya-ona-skazala-da-beloe-bryut,Fanagoriya_bryut_beloe_ona_skazala_da_7be00b028a,Fanagoriya_bryut_beloe_ona_skazala_da_7be00b028a.webp,photo_exact,Фанагория Она сказала Да! белое брют,Фанагория,Белое,Светло-соломенный с серебристым оттенком,Кубань
fanagoriya-ona-skazala-da-beloe-polusladkoe,Fanagoriya_beloe_polusladkoe_ona_skazala_da_5ed0a48dfd,Fanagoriya_beloe_polusladkoe_ona_skazala_da_5ed0a48dfd.webp,photo_exact,Фанагория Она сказала Да! белое полусладкое,Фанагория,Белое,Светло-соломенный с зеленоватым оттенком,Кубань
fanagoriya-fanagoriya-sakra-sennoy-krasnostop-krasnoe-suhoe-135,fanagoriya_fanagoriya_sakra_sennoy_krasnostop_krasnoe_suhoe_135_f22347e4bd,fanagoriya_fanagoriya_sakra_sennoy_krasnostop_krasnoe_suhoe_135_f22347e4bd.webp,photo_exact,Фанагория Сакра Сенной,Фанагория,Красное,"Тёмно-рубиновый, насыщенный",Кубань
fanagoriya-fanagoriya-blanc-de-blancs-beloe-iz-belogo-shardone-igristoe-bryut-beloe-11-13,fanagoriya_fanagoriya_blanc_de_blancs_beloe_iz_belogo_shardone_igristoe_bryut_beloe_11_13_2387906571,fanagoriya_fanagoriya_blanc_de_blancs_beloe_iz_belogo_shardone_igristoe_bryut_beloe_11_13_2387906571.webp,photo_exact,Фанагория. Blanc de Blancs. Белое из белого,Фанагория,Белое,Золотистый,Кубань
fanagoriya-fanagoriya-blanc-de-noirs-beloe-iz-chyornogo-merlo-igristoe-bryut-beloe-11-13,fanagoriya_fanagoriya_blanc_de_noirs_beloe_iz_chyornogo_merlo_igristoe_bryut_beloe_11_13_a4d16b3226,fanagoriya_fanagoriya_blanc_de_noirs_beloe_iz_chyornogo_merlo_igristoe_bryut_beloe_11_13_a4d16b3226.webp,photo_exact,Фанагория. Blanc de Noirs. Белое из чёрного,Фанагория,Белое,Соломенный,Кубань
fanagoriya-fanagoriya-rose-de-noirs-roze-de-nuar-merlo-igristoe-bryut-rozovoe-11-13,fanagoriya_fanagoriya_rose_de_noirs_roze_de_nuar_merlo_igristoe_bryut_rozovoe_11_13_b3db75f16b,fanagoriya_fanagoriya_rose_de_noirs_roze_de_nuar_merlo_igristoe_bryut_rozovoe_11_13_b3db75f16b.webp,photo_exact,Фанагория. Rose de Noirs. Розе де Нуар,Фанагория,Розовое,Светло-розовый,Кубань
fanagoriya-fanagoriya-bryut-beloe-sovinon-blan-igristoe-bryut-beloe-11-13,fanagoriya_fanagoriya_bryut_beloe_sovinon_blan_igristoe_bryut_beloe_11_13_3b08e056cc,fanagoriya_fanagoriya_bryut_beloe_sovinon_blan_igristoe_bryut_beloe_11_13_3b08e056cc.webp,photo_exact,Фанагория. Брют белое,Фанагория,Белое,Светло-соломенный с зеленоватым оттенком,Кубань
fanagoriya-fanagoriya-bryut-rozovoe-sovinon-blan-igristoe-bryut-rozovoe-11-13,fanagoriya_fanagoriya_bryut_rozovoe_sovinon_blan_igristoe_bryut_rozovoe_11_13_88695c0088,fanagoriya_fanagoriya_bryut_rozovoe_sovinon_blan_igristoe_bryut_rozovoe_11_13_88695c0088.webp,photo_exact,Фанагория. Брют розовое,Фанагория,Розовое,Светло-розовый,Кубань
fanagoriya-fanagoriya-polusladkoe-rozovoe-sovinon-blan-krasnoe-11-13,fanagoriya_fanagoriya_polusladkoe_rozovoe_sovinon_blan_krasnoe_11_13_f19a8f122b,fanagoriya_fanagoriya_polusladkoe_rozovoe_sovinon_blan_krasnoe_11_13_f19a8f122b.webp,photo_exact,Фанагория. Полусладкое розовое,Фанагория,Красное,Светло-розовый,Кубань
vinodelnya-vedernikov-fantom-3070-krasnostop-zolotovskiy-krasnoe-suhoe-145,vinodelnya_vedernikov_fantom_3070_krasnostop_zolotovskiy_krasnoe_suhoe_145_6c9dfe89bd,vinodelnya_vedernikov_fantom_3070_krasnostop_zolotovskiy_krasnoe_suhoe_145_6c9dfe89bd.webp,photo_exact,Фантом 30/70,Ведерниковъ,Красное,Красно-рубиновый,Долина Дона
vinodelnya-vedernikov-fantom-5050-krasnostop-zolotovskiy-krasnoe-suhoe-145,vinodelnya_vedernikov_fantom_5050_krasnostop_zolotovskiy_krasnoe_suhoe_145_54e6aa9638,vinodelnya_vedernikov_fantom_5050_krasnostop_zolotovskiy_krasnoe_suhoe_145_54e6aa9638.webp,photo_exact,Фантом 50/50,Ведерниковъ,Красное,Рубиновый с гранатовым оттенком,Долина Дона
vinodelnya-vedernikov-fantom-7030-krasnostop-zolotovskiy-krasnoe-suhoe-15,vinodelnya_vedernikov_fantom_7030_krasnostop_zolotovskiy_krasnoe_suhoe_15_4431943ad0,vinodelnya_vedernikov_fantom_7030_krasnostop_zolotovskiy_krasnoe_suhoe_15_4431943ad0.webp,photo_exact,Фантом 70/30,Ведерниковъ,Красное,Пурпурно-красный,Долина Дона
nikolaev-i-synovya-festeliya-pti-verdo-krasnoe-suhoe-135,nikolaev_i_synovya_festeliya_pti_verdo_krasnoe_suhoe_135_981644d9ad,nikolaev_i_synovya_festeliya_pti_verdo_krasnoe_suhoe_135_981644d9ad.webp,photo_exact,Фестелия,Николаев и сыновья,Красное,Вино глубокого рубинового цвета.,Кубань
fioletovyj-rannij-petnat,petnat_fioletovyj_no_bg_preview_carve_photos_e4ddd605bc,petnat_fioletovyj_no_bg_preview_carve_photos_e4ddd605bc.webp,photo_exact,Фиолетовый Ранний петнат,Гусевъ,Белое,Светло-соломенный,Нижняя Волга
nikolaev-i-synovya-flamingo-malbek-rozovoe-suhoe-125,nikolaev_i_synovya_flamingo_malbek_rozovoe_suhoe_125_d400bce4be,nikolaev_i_synovya_flamingo_malbek_rozovoe_suhoe_125_d400bce4be.webp,photo_exact,Фламинго,Николаев и сыновья,Розовое,Бледно-розовый цвет с коралловыми бликами и приятным блеском.,Кубань
kuban-vino-flyor-dyu-syud-blan-de-tamane-tsvetochnyy-beloe-suhoe-115,kuban_vino_flyor_dyu_syud_blan_de_tamane_tsvetochnyy_beloe_suhoe_115_bbb18fb1e2,kuban_vino_flyor_dyu_syud_blan_de_tamane_tsvetochnyy_beloe_suhoe_115_bbb18fb1e2.webp,photo_exact,Флёр дю Сюд Блан де Тамань,Кубань-Вино,Белое,Вино светло-соломенного цвета с легкими зеленоватыми отражениями.,Кубань
kuban-vino-flyor-dyu-syud-roze-de-tamane-traminer-rozovyy-rozovoe-suhoe-125,kuban_vino_flyor_dyu_syud_roze_de_tamane_traminer_rozovyy_rozovoe_suhoe_125_7be05745b7,kuban_vino_flyor_dyu_syud_roze_de_tamane_traminer_rozovyy_rozovoe_suhoe_125_7be05745b7.webp,photo_exact,Флёр дю Сюд Розе де Тамань,Кубань-Вино,Розовое,Вино светло-розового цвета с малиново-брусничными бликами.,Кубань
kuban-vino-flyor-dyu-syud-ruzh-de-tamane-rubin-golodrigi-krasnoe-suhoe-12,kuban_vino_flyor_dyu_syud_ruzh_de_tamane_rubin_golodrigi_krasnoe_suhoe_12_c3a85b7901,kuban_vino_flyor_dyu_syud_ruzh_de_tamane_rubin_golodrigi_krasnoe_suhoe_12_c3a85b7901.webp,photo_exact,Флёр дю Сюд Руж де Тамань,Кубань-Вино,Красное,Вино темно-красного цвета с гранатово-рубиновыми оттенками.,Кубань
fanagoriya-formula-q-kaberne-sovinon-krasnoe-suhoe-135,fanagoriya_formula_q_kaberne_sovinon_krasnoe_suhoe_vyderzhannoe_135_9d678f8cd7,fanagoriya_formula_q_kaberne_sovinon_krasnoe_suhoe_vyderzhannoe_135_9d678f8cd7.webp,photo_exact,Формула Q,Фанагория,Красное,Вино насыщенного рубинового цвета.,Кубань
vinodelnya-zhakov-fresherst-saperavi-krasnoe-suhoe-118,vinodelnya_zhakov_fresherst_saperavi_krasnoe_suhoe_118_cfbb8e6d1d,vinodelnya_zhakov_fresherst_saperavi_krasnoe_suhoe_118_cfbb8e6d1d.webp,photo_exact,Фрешерсть,Винодельня Жаков,Красное,Прозрачный пурпурно-розовый,Крым
sober-bash-hihvi-amfora-beloe-suhoe-14,sober_bash_hihvi_amfora_beloe_suhoe_14_188ebf7e8e,sober_bash_hihvi_amfora_beloe_suhoe_14_188ebf7e8e.webp,photo_exact,Хихви Амфора,Собер Баш,Белое,Соломенный,Кубань
usadba-divnomorskoe-holodnyy-tuman-risling-beloe-suhoe-115,usadba_divnomorskoe_holodnyy_tuman_risling_beloe_suhoe_115_358dd58eab,usadba_divnomorskoe_holodnyy_tuman_risling_beloe_suhoe_115_358dd58eab.webp,photo_exact,Холодный Туман,Усадьба Дивноморское,Белое,Вино бледно-лимонного цвета с зеленоватыми отблесками.,Кубань
chateau-andre-tsvaygelt-tsvaygelt-tamanskiy-rozovoe-suhoe-13,chateau_andre_tsvaygelt_tsvaygelt_tamanskiy_rozovoe_suhoe_13_43d1400cf7,chateau_andre_tsvaygelt_tsvaygelt_tamanskiy_rozovoe_suhoe_13_43d1400cf7.webp,photo_exact,Цвайгельт,Chateau Andre,Розовое,Светло-розовый с лососевым оттенком,Кубань
chateau-andre-tsvaygelt-roze-rozovoe-suhoe-13,chateau_andre_tsvaygelt_roze_rozovoe_suhoe_13_f31bcaba87,chateau_andre_tsvaygelt_roze_rozovoe_suhoe_13_f31bcaba87.webp,photo_exact,Цвайгельт розе,Chateau Andre,Розовое,Нежно-розовый,Кубань
tempelhof-winery-tsimlyanskiy-chernyy-krasnoe-suhoe-125,tempelhof_winery_tsimlyanskiy_chernyy_krasnoe_suhoe_125_31e822d3f0,tempelhof_winery_tsimlyanskiy_chernyy_krasnoe_suhoe_125_31e822d3f0.webp,photo_exact,Цимлянский Черный,Tempelhof Winery,Красное,Прозрачный рубиновый цвет с фиолетовым оттенком и ровным красивым блеском.,Ставрополье
vinodelnya-vedernikov-tsimlyanskiy-chernyy-blanc-de-noirs-beloe-bryut-117,vinodelnya_vedernikov_tsimlyanskiy_chernyy_blanc_de_noirs_beloe_bryut_117_eb7b9970f8,vinodelnya_vedernikov_tsimlyanskiy_chernyy_blanc_de_noirs_beloe_bryut_117_eb7b9970f8.webp,photo_exact,Цимлянский Черный Blanc de Noirs,Ведерниковъ,Белое,Соломенно-золотистый,Долина Дона
domaine-de-la-vivandiere-tsimlyanskiy-chyornyy-ctes-du-don-tsimlyanskiy-chernyy-rozovoe-suhoe-134,domaine_de_la_vivandiere_tsimlyanskiy_chyornyy_ctes_du_don_tsimlyanskiy_chernyy_rozovoe_suhoe_134_1114a4a7ac,domaine_de_la_vivandiere_tsimlyanskiy_chyornyy_ctes_du_don_tsimlyanskiy_chernyy_rozovoe_suhoe_134_1114a4a7ac.webp,photo_exact,Цимлянский чёрный Côtes du Don,Domaine de la Vivandiere,Розовое,Лососевый,Крым
vinodelnya-vedernikov-tsimlyanskiy-chernyy-bryut-roze-rozovoe-129,vinodelnya_vedernikov_tsimlyanskiy_chernyy_bryut_roze_rozovoe_129_075d159ef0,vinodelnya_vedernikov_tsimlyanskiy_chernyy_bryut_roze_rozovoe_129_075d159ef0.webp,photo_exact,Цимлянский Черный брют розе,Ведерниковъ,Розовое,Светло-розовый,Долина Дона
vinodelnya-vedernikov-tsimlyanskiy-chernyy-bryut-roze-rozovoe-14,vinodelnya_vedernikov_tsimlyanskiy_chernyy_bryut_roze_igristoe_bryut_rozovoe_14_5478e43eff,vinodelnya_vedernikov_tsimlyanskiy_chernyy_bryut_roze_igristoe_bryut_rozovoe_14_5478e43eff.webp,photo_exact,Цимлянский Черный брют розе,Ведерниковъ,Розовое,Яркий розовый цвет с медными отблесками.,Долина Дона
vinodelnya-vedernikov-tsimlyanskiy-chernyy-rezerv-krasnoe-suhoe-145,vinodelnya_vedernikov_tsimlyanskiy_chernyy_rezerv_krasnoe_suhoe_145_c7141a2860,vinodelnya_vedernikov_tsimlyanskiy_chernyy_rezerv_krasnoe_suhoe_145_c7141a2860.webp,photo_exact,Цимлянский Черный Резерв,Ведерниковъ,Красное,Рубиново-вишнёвый,Долина Дона
vinodelnya-vedernikov-tsimlyanskiy-chernyy-rozovyy-rozovoe-suhoe-125,vinodelnya_vedernikov_tsimlyanskiy_chernyy_rozovyy_rozovoe_suhoe_125_c3e94b0098,vinodelnya_vedernikov_tsimlyanskiy_chernyy_rozovyy_rozovoe_suhoe_125_c3e94b0098.webp,photo_exact,Цимлянский Черный розовый,Ведерниковъ,Розовое,Лососевый,Долина Дона
czimlyanskoe-beloe-bryut,Czimlyanskoe_beloe_bryut_7d785ea2e3,Czimlyanskoe_beloe_bryut_7d785ea2e3.webp,photo_exact,Цимлянское белое брют,Цимлянские вина,Белое,Светло-золотистый,Долина Дона
czimlyanskoe-beloe-polusladkoe,Czimlyanskoe_beloe_polusladkoe_5c7026a82e,Czimlyanskoe_beloe_polusladkoe_5c7026a82e.webp,photo_exact,Цимлянское белое полусладкое,Цимлянские вина,Белое,Светло-золотистый,Долина Дона
czimlyanskoe-bianka,Czimlyanskoe_Bianka_beloe_04a59b0f1e,Czimlyanskoe_Bianka_beloe_04a59b0f1e.webp,photo_exact,Цимлянское Бианка,Цимлянские вина,Белое,Светло-соломенный,Долина Дона
tsimlyanskie-vina-tsimlyanskoe-kaberne-sovinon-ekstra-bryut-rozovoe-13,tsimlyanskie_vina_tsimlyanskoe_kaberne_sovinon_ekstra_bryut_rozovoe_igristoe_ekstra_bryut_rozovoe_13_e418623638,tsimlyanskie_vina_tsimlyanskoe_kaberne_sovinon_ekstra_bryut_rozovoe_igristoe_ekstra_bryut_rozovoe_13_e418623638.webp,photo_exact,Цимлянское Каберне Совиньон экстра брют розовое,Цимлянские вина,Розовое,Вино бледно-кораллового цвета с россыпью мелких пузырьков.,Долина Дона
czimlyanskoe-risling,Czimlyanskoe_Risling_cea1a80937,Czimlyanskoe_Risling_cea1a80937.webp,photo_exact,Цимлянское Рислинг,Цимлянские вина,Белое,Светло-соломенный,Долина Дона
czitronnyj-magaracha,Screenshot_20_47de2b4b32,Screenshot_20_47de2b4b32.webp,photo_exact,Цитрон,Табия,Белое,Светло-золотистый,Кубань
denisov-winery-tsitron-tsitronnyy-magaracha-beloe-suhoe-112,denisov_winery_tsitron_tsitronnyy_magaracha_beloe_suhoe_112_6a56776856,denisov_winery_tsitron_tsitronnyy_magaracha_beloe_suhoe_112_6a56776856.webp,photo_exact,Цитрон,Denisov Winery,Белое,Светло-лимонный,Самара
bakla-vines-tsitron-krymskiy-tsitronnyy-magaracha-beloe-suhoe-118,bakla_vines_tsitron_krymskiy_tsitronnyy_magaracha_beloe_suhoe_118_3e272f0bb2,bakla_vines_tsitron_krymskiy_tsitronnyy_magaracha_beloe_suhoe_118_3e272f0bb2.webp,photo_exact,Цитрон Крымский,Bakla Vines,Белое,Соломенно-золотистый,Крым
denisov-winery-tsitron-oranzh-tsitronnyy-magaracha-oranzhevoe-suhoe-105,denisov_winery_tsitron_oranzh_tsitronnyy_magaracha_oranzhevoe_suhoe_105_3d8bed58d0,denisov_winery_tsitron_oranzh_tsitronnyy_magaracha_oranzhevoe_suhoe_105_3d8bed58d0.webp,photo_exact,Цитрон оранж,Denisov Winery,Оранжевое,Золотистый с янтарными оттенками.,Самара
chernaya-lvicza-polusladkoe-krasnoe,Chernaya_Lvicza_d00f4b1f84,Chernaya_Lvicza_d00f4b1f84.webp,photo_exact,Черная Львица полусладкое красное,АРАТТИ,Красное,Темно-рубиновый,Кубань
vinodelnya-myshako-chernoe-iz-krasnogo-appassimento-kaberne-sovinon-krasnoe-polusuhoe-15,vinodelnya_myshako_chernoe_iz_krasnogo_appassimento_kaberne_sovinon_krasnoe_polusuhoe_15_4a7481518e,vinodelnya_myshako_chernoe_iz_krasnogo_appassimento_kaberne_sovinon_krasnoe_polusuhoe_15_4a7481518e.webp,photo_exact,Черное из Красного. Аппассименто,Мысхако,Красное,Темно-красный,Кубань
vinodelnya-myshako-chernoe-iz-chernogo-appassimento-kaberne-sovinon-krasnoe-suhoe-15,vinodelnya_myshako_chernoe_iz_chernogo_appassimento_kaberne_sovinon_krasnoe_suhoe_15_19d090caca,vinodelnya_myshako_chernoe_iz_chernogo_appassimento_kaberne_sovinon_krasnoe_suhoe_15_19d090caca.webp,photo_exact,Черное из Черного. Аппассименто,Мысхако,Красное,Темно-красный,Кубань
solnechnaya-dolina-chernyy-doktor-solnechnoy-doliny-ekim-kara-krasnoe-sladkoe-16,solnechnaya_dolina_chernyy_doktor_solnechnoy_doliny_ekim_kara_krasnoe_likernoe_vyderzhannoe_16_baf328c18e,solnechnaya_dolina_chernyy_doktor_solnechnoy_doliny_ekim_kara_krasnoe_likernoe_vyderzhannoe_16_baf328c18e.webp,photo_exact,Черный Доктор Солнечной Долины,Солнечная долина,Красное,Глубокий гранатовый цвет с рубиновыми отблесками и плотной текстурой.,Крым
solnechnaya-dolina-chernyy-polkovnik-odesskiy-chernyy-krasnoe-sladkoe-175,solnechnaya_dolina_chernyy_polkovnik_odesskiy_chernyy_krasnoe_likernoe_vyderzhannoe_175_bf68a8677f,solnechnaya_dolina_chernyy_polkovnik_odesskiy_chernyy_krasnoe_likernoe_vyderzhannoe_175_bf68a8677f.webp,photo_exact,Черный Полковник,Солнечная долина,Красное,Глубокий темно-рубиновый цвет с ярким блеском и плотной текстурой.,Крым
zolotaya-balka-chernyy-prints-shardone-beloe-ekstra-bryut-12,zolotaya_balka_chernyy_prints_shardone_igristoe_ekstra_bryut_beloe_12_30208d11d0,zolotaya_balka_chernyy_prints_shardone_igristoe_ekstra_bryut_beloe_12_30208d11d0.webp,photo_exact,Черный Принц,Золотая Балка,Белое,Светло-соломенный цвет с золотистыми отблесками и тонкой игрой мелких пузырьков.,Крым
vinodelnya-myshako-chernyy-udar-marselan-krasnoe-suhoe-162,vinodelnya_myshako_chernyy_udar_marselan_krasnoe_suhoe_162_0fb37b486f,vinodelnya_myshako_chernyy_udar_marselan_krasnoe_suhoe_162_0fb37b486f.webp,photo_exact,Черный Удар,Мысхако,Красное,Темно-рубиновый,Кубань
valeriy-zaharin-chetyre-tsveta-bastardo-bastardo-magarachskiy-krasnoe-suhoe-115,valeriy_zaharin_chetyre_tsveta_bastardo_bastardo_magarachskiy_krasnoe_suhoe_115_ed7714b616,valeriy_zaharin_chetyre_tsveta_bastardo_bastardo_magarachskiy_krasnoe_suhoe_115_ed7714b616.webp,photo_exact,Четыре Цвета. Бастардо,Валерий Захарьин,Красное,Глубокий красно-рубиновый,Крым
shato-pino-shantazh-sovinon-blan-shardone-beloe-suhoe-115,shato_pino_sovinon_blan_shardone_beloe_suhoe_115_6ed714d69b,shato_pino_sovinon_blan_shardone_beloe_suhoe_115_6ed714d69b.webp,photo_exact,Шантаж. Совиньон Блан - Шардоне,Шато Пино,Белое,Светло-соломенный,Кубань
mantra-estate-chardonnay-shardone-beloe-suhoe-135,mantra_estate_chardonnay_shardone_beloe_suhoe_135_e2abc2ee63,mantra_estate_chardonnay_shardone_beloe_suhoe_135_e2abc2ee63.webp,photo_exact,Шардоне,Mantra Estate,Белое,Cветло-соломенный,Кубань
vinodelnya-myshako-shardone-beloe-suhoe-123,vinodelnya_myshako_shardone_beloe_suhoe_123_1b8c3d331b,vinodelnya_myshako_shardone_beloe_suhoe_123_1b8c3d331b.webp,photo_exact,Шардоне,Мысхако,Белое,Соломенный,Кубань
vinodelnya-myshako-shardone-beloe-suhoe-145,vinodelnya_myshako_shardone_beloe_suhoe_145_f46654064b,vinodelnya_myshako_shardone_beloe_suhoe_145_f46654064b.webp,photo_exact,Шардоне,Мысхако,Белое,Соломенный,Кубань
twopeters_shardone,product_2_03f0763593,product_2_03f0763593.webp,photo_exact,Шардоне,Два Петра,Красное,Соломенный,Крым
zmv-koktebel-shardone-beloe-suhoe-12,zmv_koktebel_shardone_beloe_suhoe_12_99fb11b6c4,zmv_koktebel_shardone_beloe_suhoe_12_99fb11b6c4.webp,photo_exact,Шардоне,ЗМВ Коктебель,Белое,Светло-соломенный с зеленоватым оттенком,Крым
villa-sofiya-shardone-beloe-suhoe-14,villa_sofiya_shardone_beloe_suhoe_14_000dc1947a,villa_sofiya_shardone_beloe_suhoe_14_000dc1947a.webp,photo_exact,Шардоне,Вилла София,Белое,Зеленовато-соломенный с лимонными бликами,Нижняя Волга
nikolaev-i-synovya-shardone-beloe-suhoe-125,nikolaev_i_synovya_shardone_beloe_suhoe_125_2df587fd35,nikolaev_i_synovya_shardone_beloe_suhoe_125_2df587fd35.webp,photo_exact,Шардоне,Николаев и сыновья,Белое,Изящный золотистый цвет с лимонными отблесками и ровным блеском.,Кубань
shardone-2,shardo_krasnaya_gorka_92a45bb183,shardo_krasnaya_gorka_92a45bb183.webp,photo_exact,Шардоне,Галицкий и Галицкий,Белое,Светло-соломенный,Кубань
alma-valley-shardone-beloe-suhoe-135,alma_valley_shardone_beloe_suhoe_135_c577ccd0a1,alma_valley_shardone_beloe_suhoe_135_c577ccd0a1.webp,photo_exact,Шардоне,Alma Valley,Белое,Светло-золотистый,Крым
donskoe-vinodelcheskoe-hozyaystvo-elbuzd-shardone-beloe-suhoe-13,donskoe_vinodelcheskoe_hozyaystvo_elbuzd_shardone_beloe_suhoe_13_4dc735a9ed,donskoe_vinodelcheskoe_hozyaystvo_elbuzd_shardone_beloe_suhoe_13_4dc735a9ed.webp,photo_exact,Шардоне,"Донское винодельческое хозяйство ""Эльбузд""",Белое,Золотисто-соломенный,Долина Дона
loco-cimbali-shardone-beloe-suhoe-127,loco_cimbali_shardone_beloe_suhoe_127_c026078677,loco_cimbali_shardone_beloe_suhoe_127_c026078677.webp,photo_exact,Шардоне,Loco Cimbali,Белое,Лимонно-золотистый,Крым
chateau-andre-shardone-beloe-suhoe-13,chateau_andre_shardone_beloe_suhoe_13_daddc9dfbf,chateau_andre_shardone_beloe_suhoe_13_daddc9dfbf.webp,photo_exact,Шардоне,Chateau Andre,Белое,Бледно-соломенный,Кубань
rem-akchurin-shardone-beloe-bryut-14,rem_akchurin_shardone_igristoe_bryut_beloe_14_9075497818,rem_akchurin_shardone_igristoe_bryut_beloe_14_9075497818.webp,photo_exact,Шардоне,Rem Akchurin,Белое,"Бледно-соломенный, почти белый цвет с серебристыми оттенками.",Крым
shardone,Shardone_Semiray_1_0b975120a9,Shardone_Semiray_1_0b975120a9.webp,photo_exact,Шардоне,Chateau Semiray,Белое,Соломенный,Кубань
abrau-dyurso-shardone-beloe-suhoe-13,abrau_dyurso_shardone_beloe_suhoe_vyderzhannoe_13_3fdd6c2c92,abrau_dyurso_shardone_beloe_suhoe_vyderzhannoe_13_3fdd6c2c92.webp,photo_exact,Шардоне,Абрау-Дюрсо,Белое,Вино насыщенного золотистого цвета.,Кубань
abrau-dyurso-shardone-beloe-suhoe-12,abrau_dyurso_shardone_beloe_suhoe_12_9e3d40dd34,abrau_dyurso_shardone_beloe_suhoe_12_9e3d40dd34.webp,photo_exact,Шардоне,Абрау-Дюрсо,Белое,Светло-соломенный,Кубань
vinodelnya-berdyaeva-shardone-beloe-suhoe-125,vinodelnya_berdyaeva_shardone_beloe_suhoe_125_9f8c4d358a,vinodelnya_berdyaeva_shardone_beloe_suhoe_125_9f8c4d358a.webp,photo_exact,Шардоне,Винодельня Бердяева,Белое,Светло-соломенный,Кубань
usadba-markoth-shardone-beloe-suhoe-12,usadba_markoth_shardone_beloe_suhoe_12_d3c526d065,usadba_markoth_shardone_beloe_suhoe_12_d3c526d065.webp,photo_exact,Шардоне,Усадьба Маркотх,Белое,Вино бледно-лимонного цвета с блеском.,Кубань
shato-pino-shardone-beloe-suhoe-125,shato_pino_shardone_beloe_suhoe_125_5bd8781d7c,shato_pino_shardone_beloe_suhoe_125_5bd8781d7c.webp,photo_exact,Шардоне,Шато Пино,Белое,Светло-желтый,Кубань
shato-pino-shardone-risling-beloe-suhoe-12,shato_pino_shardone_risling_beloe_suhoe_12_537466c828,shato_pino_shardone_risling_beloe_suhoe_12_537466c828.webp,photo_exact,Шардоне - Рислинг,Шато Пино,Белое,Светло-соломенный,Кубань
vinodelnya-myshako-shardone-aligote-kyuve-beloe-suhoe-125,vinodelnya_myshako_shardone_aligote_kyuve_beloe_suhoe_125_d066e8c407,vinodelnya_myshako_shardone_aligote_kyuve_beloe_suhoe_125_d066e8c407.webp,photo_exact,Шардоне – Алиготе. Кюве,Мысхако,Белое,Светло-соломенный,Кубань
golubitskoe-estate-shardone-noble-selection-barrel-touch-beloe-suhoe-135,golubitskoe_estate_shardone_noble_selection_barrel_touch_beloe_suhoe_135_306499740f,golubitskoe_estate_shardone_noble_selection_barrel_touch_beloe_suhoe_135_306499740f.webp,photo_exact,Шардоне Noble Selection Barrel Touch,Golubitskoe Estate,Белое,Бледно-золотистый с блеском,Кубань
vinodelnya-myshako-shardone-avtorskaya-tehnologiya-beloe-suhoe-155,vinodelnya_myshako_shardone_avtorskaya_tehnologiya_beloe_suhoe_155_ddb9b56c41,vinodelnya_myshako_shardone_avtorskaya_tehnologiya_beloe_suhoe_155_ddb9b56c41.webp,photo_exact,Шардоне авторская технология,Мысхако,Белое,Светло-соломенный с зеленоватым оттенком,Кубань
shardone-akacziya,shardone_akacziya_a57018f101,shardone_akacziya_a57018f101.webp,photo_exact,Шардоне Акация,Галицкий и Галицкий,Белое,Золотисто-соломенный,Кубань
shardone-balaklava,Shardone_54bbd4df90,Shardone_54bbd4df90.webp,photo_exact,Шардоне Балаклава ,Золотая Балка,Белое,Светло-соломенный,Крым
shardone-barrel-2023,Mokap_shardone_2023_af03bb23ca,Mokap_shardone_2023_af03bb23ca.webp,photo_exact,"Шардоне Баррель, 2023 ",Коммуналка,Белое,Золотистый,Крым
vinodelnya-myshako-shardone-myshako-grand-rezerv-beloe-suhoe-125,vinodelnya_myshako_shardone_myshako_grand_rezerv_beloe_suhoe_125_00d560544c,vinodelnya_myshako_shardone_myshako_grand_rezerv_beloe_suhoe_125_00d560544c.webp,photo_exact,Шардоне Мысхако Гранд Резерв,Мысхако,Белое,Соломенно-золотистый,Кубань
esse-shardone-otbornoe-beloe-suhoe-12,esse_shardone_otbornoe_beloe_suhoe_12_3b070fa772,esse_shardone_otbornoe_beloe_suhoe_12_3b070fa772.webp,photo_exact,Шардоне Отборное,ESSE,Белое,Светло-соломенный,Крым
alma-valley-shardone-rezerv-beloe-suhoe-14,alma_valley_shardone_rezerv_beloe_suhoe_14_e93f9dbbf9,alma_valley_shardone_rezerv_beloe_suhoe_14_e93f9dbbf9.webp,photo_exact,Шардоне Резерв,Alma Valley,Белое,Золотистый,Крым
vinodelnya-uzunov-shardone-rezerv-beloe-suhoe-135,vinodelnya_uzunov_shardone_rezerv_beloe_suhoe_135_80bc6fe151,vinodelnya_uzunov_shardone_rezerv_beloe_suhoe_135_80bc6fe151.webp,photo_exact,Шардоне Резерв,Винодельня Узунов,Белое,Соломенный с золотистым оттенком,Кубань
golubitskoe-estate-shardone-rezerv-beloe-suhoe-135,golubitskoe_estate_shardone_rezerv_beloe_suhoe_135_3694507d1e,golubitskoe_estate_shardone_rezerv_beloe_suhoe_135_3694507d1e.webp,photo_exact,Шардоне Резерв,Golubitskoe Estate,Белое,Золотисто-соломенный,Кубань
chateau-de-talu-shardone-rezerv-beloe-suhoe-13,chateau_de_talu_shardone_rezerv_beloe_suhoe_13_d15ce11b77,chateau_de_talu_shardone_rezerv_beloe_suhoe_13_d15ce11b77.webp,photo_exact,Шардоне Резерв,Chateau de Talu,Белое,"Соломенный, с золотистыми бликами",Кубань
alma-valley-shardone-rezerv-beloe-suhoe-135,alma_valley_shardone_rezerv_beloe_suhoe_vyderzhannoe_135_3c92719654,alma_valley_shardone_rezerv_beloe_suhoe_vyderzhannoe_135_3c92719654.webp,photo_exact,Шардоне Резерв,Alma Valley,Белое,"Золотистый, сияющий цвет с яркими золотыми бликами.",Крым
pomeste-golubitskoe-shardone-rezerv-beloe-suhoe-132,pomeste_golubitskoe_shardone_rezerv_beloe_suhoe_vyderzhannoe_132_ae66b69665,pomeste_golubitskoe_shardone_rezerv_beloe_suhoe_vyderzhannoe_132_ae66b69665.webp,photo_exact,Шардоне Резерв,Golubitskoe Estate,Белое,Вино бледно-лимонного цвета с зеленоватыми бликами.,Кубань
imenie-sikory-shardone-sikory-beloe-suhoe-13,imenie_sikory_shardone_sikory_beloe_suhoe_13_5bf321c065,imenie_sikory_shardone_sikory_beloe_suhoe_13_5bf321c065.webp,photo_exact,Шардоне Сикоры,Имение Сикоры,Белое,Цвет светло-соломенный с легкими золотистыми отблесками.,Кубань
jd_winery_shardone,20260617_071051_Photoroom_58ca3070a8,20260617_071051_Photoroom_58ca3070a8.webp,photo_exact,Шардоне тихое,JD winery,Белое,золотистый,Кубань
vinodelnya-zhakov-shardone-eskeyp-beloe-suhoe-12,vinodelnya_zhakov_shardone_eskeyp_beloe_suhoe_12_5ce6664768,vinodelnya_zhakov_shardone_eskeyp_beloe_suhoe_12_5ce6664768.webp,photo_exact,Шардоне Эскейп,Винодельня Жаков,Белое,Светло-соломенный,Крым
shardone-premium,Screenshot_28_0955570164,Screenshot_28_0955570164.webp,photo_exact,Шардоне. Премиум,Литавщук. Litavshchuk vineyards & winery,Белое,Соломенный,Кубань
imenie-sikory-shardone-semeynyy-rezerv-beloe-suhoe-13,imenie_sikory_shardone_semeynyy_rezerv_beloe_suhoe_13_35f37fda1f,imenie_sikory_shardone_semeynyy_rezerv_beloe_suhoe_13_35f37fda1f.webp,photo_exact,Шардоне. Семейный резерв,Имение Сикоры,Белое,Золотистый,Кубань
shato-pino-shary-kolduna-blash-pino-gri-rozovoe-suhoe-12,shato_pino_blash_pino_gri_rozovoe_suhoe_12_fda693e9ed,shato_pino_blash_pino_gri_rozovoe_suhoe_12_fda693e9ed.webp,photo_exact,Шары Колдуна. Блаш,Шато Пино,Розовое,Светло-розовый,Кубань
shato-pino-shary-kolduna-glyu-glyu-vione-krasnoe-suhoe-10,shato_pino_glyu_glyu_vione_krasnoe_suhoe_10_2f2adaea3e,shato_pino_glyu_glyu_vione_krasnoe_suhoe_10_2f2adaea3e.webp,photo_exact,Шары Колдуна. Глю Глю,Шато Пино,Красное,Светло-красное,Кубань
shato-pino-shary-kolduna-kirpichi-prileteli-pino-nuar-krasnoe-suhoe-135,shato_pino_kirpichi_prileteli_pino_nuar_krasnoe_suhoe_135_95b923907c,shato_pino_kirpichi_prileteli_pino_nuar_krasnoe_suhoe_135_95b923907c.webp,photo_exact,Шары Колдуна. Кирпичи Прилетели,Шато Пино,Красное,Светло-красный,Кубань
shato-pino-shary-kolduna-ramato-pino-gri-rozovoe-suhoe-115,shato_pino_ramato_pino_gri_rozovoe_suhoe_115_f6866f40a1,shato_pino_ramato_pino_gri_rozovoe_suhoe_115_f6866f40a1.webp,photo_exact,Шары Колдуна. Рамато,Шато Пино,Розовое,Ярко-медный,Кубань
shato-pino-shary-kolduna-topolek-rkatsiteli-beloe-suhoe-125,shato_pino_topolek_rkatsiteli_beloe_suhoe_125_bb142e4f12,shato_pino_topolek_rkatsiteli_beloe_suhoe_125_bb142e4f12.webp,photo_exact,Шары Колдуна. Тополек,Шато Пино,Белое,Светло-желтый,Кубань
shato-pino-shary-koldunatroynichok-risling-beloe-suhoe-115,shato_pino_troynichok_risling_beloe_suhoe_115_3173ff4eb7,shato_pino_troynichok_risling_beloe_suhoe_115_3173ff4eb7.webp,photo_exact,Шары Колдуна.Тройничок,Шато Пино,Белое,Соломенный,Кубань
olymp-winery-shato-belbek-kaberne-kaberne-sovinon-krasnoe-suhoe-11,olymp_winery_shato_belbek_kaberne_kaberne_sovinon_krasnoe_suhoe_11_81b9b798bd,olymp_winery_shato_belbek_kaberne_kaberne_sovinon_krasnoe_suhoe_11_81b9b798bd.webp,photo_exact,Шато Бельбек Каберне,Olymp Winery,Красное,Рубиновый с гранатовым оттенком,Кубань
soyuz-vino-shato-de-mongolfer-risling-polusuhoe-beloe-11,soyuz_vino_shato_de_mongolfer_risling_polusuhoe_beloe_11_Photoroom_3793c3a6d3,soyuz_vino_shato_de_mongolfer_risling_polusuhoe_beloe_11_Photoroom_3793c3a6d3.webp,photo_exact,Шато де Монгольфьер Рислинг Полусухое,Союз-Вино,Белое,У вина золотисто-желтый цвет с зеленоватыми отблесками.,Кубань
soyuz-vino-shato-de-mongolfer-shiraz-moellyo-krasnoe-polusladkoe-11,soyuz_vino_shato_de_mongolfer_shiraz_moellyo_krasnoe_polusladkoe_11_fde68acdc1,soyuz_vino_shato_de_mongolfer_shiraz_moellyo_krasnoe_polusladkoe_11_fde68acdc1.webp,photo_exact,Шато де Монгольфьер Шираз Моэллё,Союз-Вино,Красное,У вина яркий красный цвет с фиолетовыми бликами.,Кубань
soyuz-vino-shato-de-mongolfer-shiraz-polusuhoe-krasnoe-11,soyuz_vino_shato_de_mongolfer_shiraz_polusuhoe_krasnoe_11_a657118526,soyuz_vino_shato_de_mongolfer_shiraz_polusuhoe_krasnoe_11_a657118526.webp,photo_exact,Шато де Монгольфьер Шираз Полусухое,Союз-Вино,Красное,У вина темный пурпурный цвет.,Кубань
shato-pino-shato-pino-koldun-merlo-krasnoe-suhoe-137,shato_pino_shato_pino_koldun_merlo_krasnoe_suhoe_137_9784a279c6,shato_pino_shato_pino_koldun_merlo_krasnoe_suhoe_137_9784a279c6.webp,photo_exact,Шато Пино «Колдун»,Шато Пино,Красное,"Тёмно-рубиновый, насыщенный",Кубань
shato-pino-klassika-sauvignon-blanc,Shato_Pino_Klassika_Sauvignon_Blanc_ab7c633382,Shato_Pino_Klassika_Sauvignon_Blanc_ab7c633382.webp,photo_exact,Шато Пино Классика Sauvignon Blanc,Шато Пино,Белое,Светло-соломенный,Кубань
kuban-vino-shato-tamane-aligote-beloe-suhoe-13,kuban_vino_shato_tamane_aligote_beloe_suhoe_13_5af831fbbc,kuban_vino_shato_tamane_aligote_beloe_suhoe_13_5af831fbbc.webp,photo_exact,Шато Тамань Алиготе,Кубань-Вино,Белое,Вино блестящего соломенного цвета.,Кубань
kuban-vino-shato-tamane-delikeyt-roze-2024-bianka-rozovoe-suhoe-95,kuban_vino_shato_tamane_delikeyt_roze_2024_bianka_rozovoe_suhoe_95_ba22a88d2e,kuban_vino_shato_tamane_delikeyt_roze_2024_bianka_rozovoe_suhoe_95_ba22a88d2e.webp,photo_exact,Шато Тамань Деликейт Розе 2024,Кубань-Вино,Розовое,Имеет розово-лососевый цвет.,Кубань
kuban-vino-shato-tamane-rezerv-kaberne-limited-edishn-2015-kaberne-sovinon-krasnoe-suhoe-13,kuban_vino_shato_tamane_rezerv_kaberne_limited_edishn_2015_kaberne_sovinon_krasnoe_suhoe_13_ba74d4f88e,kuban_vino_shato_tamane_rezerv_kaberne_limited_edishn_2015_kaberne_sovinon_krasnoe_suhoe_13_ba74d4f88e.webp,photo_exact,Шато Тамань Резерв Каберне Лимитед Эдишн 2015,Кубань-Вино,Красное,Насыщенный красно-гранатовый цвет.,Кубань
kuban-vino-shato-tamane-rezerv-kaberne-limited-edishn-2022-kaberne-sovinon-krasnoe-suhoe-14,kuban_vino_shato_tamane_rezerv_kaberne_limited_edishn_2022_kaberne_sovinon_krasnoe_suhoe_14_93a50f2cf1,kuban_vino_shato_tamane_rezerv_kaberne_limited_edishn_2022_kaberne_sovinon_krasnoe_suhoe_14_93a50f2cf1.webp,photo_exact,Шато Тамань Резерв Каберне Лимитед Эдишн 2022,Кубань-Вино,Красное,Вино глубокого рубиново-красного цвета.,Кубань
kuban-vino-shato-tamane-rezerv-kollekshn-saperavi-2015-krasnoe-suhoe-13,kuban_vino_shato_tamane_rezerv_kollekshn_saperavi_2015_krasnoe_suhoe_13_22ef176871,kuban_vino_shato_tamane_rezerv_kollekshn_saperavi_2015_krasnoe_suhoe_13_22ef176871.webp,photo_exact,Шато Тамань Резерв Коллекшн Саперави 2015,Кубань-Вино,Красное,Цвет — глубокий рубиновый.,Кубань
kuban-vino-shato-tamane-rezerv-kollekshn-shardone-beloe-suhoe-125,kuban_vino_shato_tamane_rezerv_kollekshn_shardone_beloe_suhoe_125_94788e57d9,kuban_vino_shato_tamane_rezerv_kollekshn_shardone_beloe_suhoe_125_94788e57d9.webp,photo_exact,Шато Тамань Резерв Коллекшн Шардоне,Кубань-Вино,Белое,Вино светло-соломенного цвета с мягким зеленоватым оттенком.,Кубань
kuban-vino-shato-tamane-rezerv-krasnostop-krasnostop-anapskiy-krasnoe-suhoe-135,kuban_vino_shato_tamane_rezerv_krasnostop_krasnostop_anapskiy_krasnoe_suhoe_135_97bb10192f,kuban_vino_shato_tamane_rezerv_krasnostop_krasnostop_anapskiy_krasnoe_suhoe_135_97bb10192f.webp,photo_exact,Шато Тамань Резерв Красностоп,Кубань-Вино,Красное,Вино демонстрирует глубокий рубиновый цвет с гранатовыми бликами.,Кубань
kuban-vino-shato-tamane-rezerv-merlo-limited-edishn-2018-krasnoe-suhoe-125,kuban_vino_shato_tamane_rezerv_merlo_limited_edishn_2018_krasnoe_suhoe_125_ca32657ab3,kuban_vino_shato_tamane_rezerv_merlo_limited_edishn_2018_krasnoe_suhoe_125_ca32657ab3.webp,photo_exact,Шато Тамань Резерв Мерло Лимитед Эдишн 2018,Кубань-Вино,Красное,Цвет вина варьируется от красного до рубиново-красного.,Кубань
kuban-vino-shato-tamane-rezerv-myuller-turgau-limited-edishn-beloe-suhoe-13,kuban_vino_shato_tamane_rezerv_myuller_turgau_limited_edishn_beloe_suhoe_13_0155273bff,kuban_vino_shato_tamane_rezerv_myuller_turgau_limited_edishn_beloe_suhoe_13_0155273bff.webp,photo_exact,Шато Тамань Резерв Мюллер-Тургау Лимитед Эдишн,Кубань-Вино,Белое,У вина блестящий светло-соломенный цвет.,Кубань
kuban-vino-shato-tamane-rezerv-myuller-turgau-limited-edishn-2021-beloe-suhoe-12,kuban_vino_shato_tamane_rezerv_myuller_turgau_limited_edishn_2021_beloe_suhoe_12_5454c6baa4,kuban_vino_shato_tamane_rezerv_myuller_turgau_limited_edishn_2021_beloe_suhoe_12_5454c6baa4.webp,photo_exact,Шато Тамань Резерв Мюллер-Тургау Лимитед Эдишн 2021,Кубань-Вино,Белое,Цвет — светло-соломенный; с привлекательным блеском.,Кубань
kuban-vino-shato-tamane-rezerv-premer-ruzh-kaberne-sovinon-krasnoe-suhoe-13,kuban_vino_shato_tamane_rezerv_premer_ruzh_kaberne_sovinon_krasnoe_suhoe_13_e883e5bf18,kuban_vino_shato_tamane_rezerv_premer_ruzh_kaberne_sovinon_krasnoe_suhoe_13_e883e5bf18.webp,photo_exact,Шато Тамань Резерв Премьер Руж,Кубань-Вино,Красное,Вино темно-красного цвета с гранатовым отливом и рубиновыми искрами.,Кубань
kuban-vino-shato-tamane-rezerv-red-blend-kaberne-sovinon-krasnoe-suhoe-125,kuban_vino_shato_tamane_rezerv_red_blend_kaberne_sovinon_krasnoe_suhoe_125_6efe35b973,kuban_vino_shato_tamane_rezerv_red_blend_kaberne_sovinon_krasnoe_suhoe_125_6efe35b973.webp,photo_exact,Шато Тамань Резерв Ред Бленд,Кубань-Вино,Красное,У вина глубокий рубиново-гранатовый цвет.,Кубань
kuban-vino-shato-tamane-rkatsiteli-myuller-turgau-shardone-2025-beloe-suhoe-12,kuban_vino_shato_tamane_rkatsiteli_myuller_turgau_shardone_2025_beloe_suhoe_12_a4e548cd8e,kuban_vino_shato_tamane_rkatsiteli_myuller_turgau_shardone_2025_beloe_suhoe_12_a4e548cd8e.webp,photo_exact,Шато Тамань Ркацители-Мюллер Тургау-Шардоне 2025,Кубань-Вино,Белое,Вино блестящего соломенно-желтого цвета.,Кубань
kuban-vino-shato-tamane-ruzh-2023-tsvaygelt-krasnoe-suhoe-12,kuban_vino_shato_tamane_ruzh_2023_tsvaygelt_krasnoe_suhoe_12_39edda6f34,kuban_vino_shato_tamane_ruzh_2023_tsvaygelt_krasnoe_suhoe_12_39edda6f34.webp,photo_exact,Шато Тамань Руж 2023,Кубань-Вино,Красное,Вино глубокого красного цвета с благородными рубиновыми бликами.,Кубань
kuban-vino-shato-tamane-selekt-oranzh-tsitronnyy-magaracha-oranzhevoe-suhoe-135,kuban_vino_shato_tamane_selekt_oranzh_tsitronnyy_magaracha_oranzhevoe_suhoe_135_4e83f61d0a,kuban_vino_shato_tamane_selekt_oranzh_tsitronnyy_magaracha_oranzhevoe_suhoe_135_4e83f61d0a.webp,photo_exact,Шато Тамань Селект Оранж,Кубань-Вино,Оранжевое,Цвет вина колеблется от светло-соломенного до желтого.,Кубань
kuban-vino-shato-tamane-selekt-ruzh-saperavi-krasnoe-suhoe-125,kuban_vino_shato_tamane_selekt_ruzh_saperavi_krasnoe_suhoe_125_0e518aaf8c,kuban_vino_shato_tamane_selekt_ruzh_saperavi_krasnoe_suhoe_125_0e518aaf8c.webp,photo_exact,Шато Тамань Селект Руж,Кубань-Вино,Красное,Вино глубокого красного цвета с благородными рубиновыми отсветами.,Кубань
kuban-vino-shato-tamane-terruar-krasnostop-saperavi-2022-krasnoe-suhoe-125,kuban_vino_shato_tamane_terruar_krasnostop_saperavi_2022_krasnoe_suhoe_125_2e0c0b569c,kuban_vino_shato_tamane_terruar_krasnostop_saperavi_2022_krasnoe_suhoe_125_2e0c0b569c.webp,photo_exact,Шато Тамань Терруар Красностоп-Саперави 2022,Кубань-Вино,Красное,Вино темно-рубинового цвета.,Кубань
kuban-vino-shato-tamane-terruar-krasnostop-saperavi-2023-krasnoe-suhoe-125,kuban_vino_shato_tamane_terruar_krasnostop_saperavi_2023_krasnoe_suhoe_125_ebc334a55f,kuban_vino_shato_tamane_terruar_krasnostop_saperavi_2023_krasnoe_suhoe_125_ebc334a55f.webp,photo_exact,Шато Тамань Терруар Красностоп-Саперави 2023,Кубань-Вино,Красное,Глубокий рубиновый цвет.,Кубань
kuban-vino-shato-tamane-shardone-beloe-suhoe-12,kuban_vino_shato_tamane_shardone_beloe_suhoe_12_93dd8fa05c,kuban_vino_shato_tamane_shardone_beloe_suhoe_12_93dd8fa05c.webp,photo_exact,Шато Тамань Шардоне,Кубань-Вино,Белое,Вино соломенного цвета.,Кубань
andryus-yutsis-shenen-blan-beloe-suhoe-12,andryus_yutsis_shenen_blan_beloe_suhoe_12_88fa29c996,andryus_yutsis_shenen_blan_beloe_suhoe_12_88fa29c996.webp,photo_exact,Шенен Блан,Andryus Yutsis,Белое,Интенсивный золотисто-соломенный,Крым
chateau-cachalot-shenen-blan-beloe-suhoe-113,chateau_cachalot_shenen_blan_beloe_suhoe_113_f51452cd7b,chateau_cachalot_shenen_blan_beloe_suhoe_113_f51452cd7b.webp,photo_exact,Шенен Блан,Chateau Cachalot,Белое,Сверкающий золотисто-соломенный,Крым
aromatnoe-shenen-blan-beloe-suhoe-13,aromatnoe_shenen_blan_beloe_suhoe_13_292ec223ed,aromatnoe_shenen_blan_beloe_suhoe_13_292ec223ed.webp,photo_exact,Шенен Блан,Ароматное,Белое,Вино бледно-лимонного цвета с золотистыми бликами.,Крым
esse-shenen-blan-beloe-suhoe-13,esse_shenen_blan_beloe_suhoe_13_98cc04b8dc,esse_shenen_blan_beloe_suhoe_13_98cc04b8dc.webp,photo_exact,Шенен Блан,ESSE,Белое,Бледно-зеленый,Крым
skalistyy-bereg-shyopot-tsvetov-risling-beloe-suhoe-109,skalistyy_bereg_shyopot_tsvetov_risling_beloe_suhoe_109_837159c193,skalistyy_bereg_shyopot_tsvetov_risling_beloe_suhoe_109_837159c193.webp,photo_exact,Шёпот цветов,Скалистый берег,Белое,Светло-соломенный,Кубань
soyuz-vino-sheremetevskie-pogreba-beloe-polusladkoe-belye-sorta-vinograda-11,soyuz_vino_sheremetevskie_pogreba_beloe_polusladkoe_belye_sorta_vinograda_11_57623452c6,soyuz_vino_sheremetevskie_pogreba_beloe_polusladkoe_belye_sorta_vinograda_11_57623452c6.webp,photo_exact,Шереметьевские Погреба Белое Полусладкое,Союз-Вино,Белое,Вино блестящего золотистого цвета.,Кубань
soyuz-vino-sheremetevskie-pogreba-kaberne-sovinon-krasnoe-suhoe-11,soyuz_vino_sheremetevskie_pogreba_kaberne_sovinon_krasnoe_suhoe_11_06a2c8cff1,soyuz_vino_sheremetevskie_pogreba_kaberne_sovinon_krasnoe_suhoe_11_06a2c8cff1.webp,photo_exact,Шереметьевские Погреба Каберне Совиньон,Союз-Вино,Красное,Вино насыщенного; яркого рубинового цвета.,Кубань
soyuz-vino-sheremetevskie-pogreba-krasnoe-polusladkoe-krasnye-sorta-vinograda-11,soyuz_vino_sheremetevskie_pogreba_krasnoe_polusladkoe_krasnye_sorta_vinograda_11_c720c471ab,soyuz_vino_sheremetevskie_pogreba_krasnoe_polusladkoe_krasnye_sorta_vinograda_11_c720c471ab.webp,photo_exact,Шереметьевские Погреба Красное Полусладкое,Союз-Вино,Красное,Вино насыщенного рубинового цвета.,Кубань
soyuz-vino-sheremetevskie-pogreba-shardone-beloe-suhoe-11,soyuz_vino_sheremetevskie_pogreba_shardone_beloe_suhoe_11_82e0049185,soyuz_vino_sheremetevskie_pogreba_shardone_beloe_suhoe_11_82e0049185.webp,photo_exact,Шереметьевские Погреба Шардоне,Союз-Вино,Белое,Вино соломенного цвета с зеленоватым оттенком.,Кубань
shato-pino-shiraz-krasnoe-suhoe-14,shato_pino_shiraz_krasnoe_suhoe_14_e2d3fa5636,shato_pino_shiraz_krasnoe_suhoe_14_e2d3fa5636.webp,photo_exact,Шираз,Шато Пино,Красное,Темно-гранатовый,Кубань
shato-pino-shiraz-krasnoe-suhoe-135,shato_pino_shiraz_krasnoe_suhoe_135_3332c96e74,shato_pino_shiraz_krasnoe_suhoe_135_3332c96e74.webp,photo_exact,Шираз,Шато Пино,Красное,Темно-гранатовый,Кубань
alma-valley-shiraz-krasnoe-suhoe-13,alma_valley_shiraz_krasnoe_suhoe_13_cac190e3fc,alma_valley_shiraz_krasnoe_suhoe_13_cac190e3fc.webp,photo_exact,Шираз,Alma Valley,Красное,Тёмно-рубиновый цвет,Крым
vinodelnya-myshako-shiraz-krasnoe-suhoe-146,vinodelnya_myshako_shiraz_krasnoe_suhoe_146_6afc4160e3,vinodelnya_myshako_shiraz_krasnoe_suhoe_146_6afc4160e3.webp,photo_exact,Шираз,Мысхако,Красное,Насыщенный красный,Кубань
alma-valley-shiraz-sira-rezerv-krasnoe-suhoe-14,alma_valley_shiraz_sira_rezerv_krasnoe_suhoe_14_8929b4c449,alma_valley_shiraz_sira_rezerv_krasnoe_suhoe_14_8929b4c449.webp,photo_exact,Шираз (Сира) Резерв,Alma Valley,Красное,Рубиновый,Крым
chateau-de-talu-shiraz-rezerv-sira-krasnoe-suhoe-14,chateau_de_talu_shiraz_rezerv_sira_krasnoe_suhoe_14_86dc2c7da7,chateau_de_talu_shiraz_rezerv_sira_krasnoe_suhoe_14_86dc2c7da7.webp,photo_exact,Шираз Резерв,Chateau de Talu,Красное,Рубиновый c фиолетовым оттенком,Кубань
vinodelnya-myshako-shiraz-black-out-krasnoe-suhoe-152,vinodelnya_myshako_shiraz_black_out_krasnoe_suhoe_152_117767d8a2,vinodelnya_myshako_shiraz_black_out_krasnoe_suhoe_152_117767d8a2.webp,photo_exact,Шираз. Black Out,Мысхако,Красное,Рубиновый,Кубань
usadba-mezyb-shishka-karbonika-kaberne-fran-krasnoe-suhoe-143,usadba_mezyb_shishka_karbonika_kaberne_fran_krasnoe_suhoe_143_b11d2287de,usadba_mezyb_shishka_karbonika_kaberne_fran_krasnoe_suhoe_143_b11d2287de.webp,photo_exact,Шишка. Карбоника. Каберне Фран,Усадьба Мезыбь,Красное,Рубиновый,Кубань
usadba-mezyb-shishka-kupazh-5-kaberne-sovinon-rozovoe-suhoe-133,usadba_mezyb_shishka_kupazh_5_kaberne_sovinon_rozovoe_suhoe_133_eb0dc52713,usadba_mezyb_shishka_kupazh_5_kaberne_sovinon_rozovoe_suhoe_133_eb0dc52713.webp,photo_exact,Шишка. Купаж №5,Усадьба Мезыбь,Розовое,Бледно-розовый,Кубань
usadba-mezyb-shishka-merlo-vione-rozovoe-suhoe-125,usadba_mezyb_shishka_merlo_vione_rozovoe_suhoe_125_832d5a0795,usadba_mezyb_shishka_merlo_vione_rozovoe_suhoe_125_832d5a0795.webp,photo_exact,"Шишка. Мерло, Вионье",Усадьба Мезыбь,Розовое,Розовое,Кубань
usadba-mezyb-shishka-oranzh-shardone-beloe-suhoe-127,usadba_mezyb_shishka_oranzh_shardone_beloe_suhoe_127_3f122c60e4,usadba_mezyb_shishka_oranzh_shardone_beloe_suhoe_127_3f122c60e4.webp,photo_exact,Шишка. Оранж,Усадьба Мезыбь,Белое,Янтарный с золотистым,Кубань
usadba-mezyb-shishka-pino-nuar-rozovoe-suhoe-115,usadba_mezyb_shishka_pino_nuar_rozovoe_suhoe_115_7e715b2ce7,usadba_mezyb_shishka_pino_nuar_rozovoe_suhoe_115_7e715b2ce7.webp,photo_exact,Шишка. Пино Нуар,Усадьба Мезыбь,Розовое,Рубиновый,Кубань
usadba-mezyb-shishka-saperavi-krasnoe-suhoe-13,usadba_mezyb_shishka_saperavi_krasnoe_suhoe_13_63c54300c8,usadba_mezyb_shishka_saperavi_krasnoe_suhoe_13_63c54300c8.webp,photo_exact,Шишка. Саперави,Усадьба Мезыбь,Красное,Рубиновый,Кубань
usadba-mezyb-shishka-sovinon-blan-beloe-suhoe-12,usadba_mezyb_shishka_sovinon_blan_beloe_suhoe_12_2d7e44f0d9,usadba_mezyb_shishka_sovinon_blan_beloe_suhoe_12_2d7e44f0d9.webp,photo_exact,Шишка. Совиньон Блан,Усадьба Мезыбь,Белое,Золотисто-соломенный,Кубань
usadba-mezyb-shishka-shenen-blan-beloe-suhoe-13,usadba_mezyb_shishka_shenen_blan_beloe_suhoe_13_05b3135709,usadba_mezyb_shishka_shenen_blan_beloe_suhoe_13_05b3135709.webp,photo_exact,Шишка. Шенен Блан,Усадьба Мезыбь,Белое,Золотисто-соломенный,Кубань
usadba-mezyb-shishka-shenen-blan-sovinon-blan-beloe-suhoe-126,usadba_mezyb_shishka_shenen_blan_sovinon_blan_beloe_suhoe_126_3f1e1c2ee1,usadba_mezyb_shishka_shenen_blan_sovinon_blan_beloe_suhoe_126_3f1e1c2ee1.webp,photo_exact,"Шишка. Шенен Блан, Совиньон Блан",Усадьба Мезыбь,Белое,Золотистый,Кубань
tempelhof-winery-shpetburgunder-pino-nuar-krasnoe-suhoe-125,tempelhof_winery_shpetburgunder_pino_nuar_krasnoe_suhoe_125_e4976d1ffc,tempelhof_winery_shpetburgunder_pino_nuar_krasnoe_suhoe_125_e4976d1ffc.webp,photo_exact,Шпетбургундер,Tempelhof Winery,Красное,Насыщенный рубиновый цвет с легкими фиолетовыми оттенками и ровным блеском.,Ставрополье
vinodelnya-batrak-shpinel-kaberne-sovinon-rozovoe-suhoe-12,vinodelnya_batrak_shpinel_kaberne_sovinon_rozovoe_suhoe_12_7542903616,vinodelnya_batrak_shpinel_kaberne_sovinon_rozovoe_suhoe_12_7542903616.webp,photo_exact,Шпинель,Винодельня Батрак,Розовое,Розовый,Ставрополье
seneth-shu-shu-saperavi-rozovoe-suhoe-12,seneth_shu_shu_saperavi_rozovoe_suhoe_12_69ec69a17a,seneth_shu_shu_saperavi_rozovoe_suhoe_12_69ec69a17a.webp,photo_exact,Шу-Шу,Сенетх,Розовое,Светло-грейпфрутовый,Кубань
vinodelnya-raevskoe-eklego-krasnoe-tempranilo-suhoe-13,vinodelnya_raevskoe_eklego_krasnoe_tempranilo_krasnoe_suhoe_13_a79d22bf66,vinodelnya_raevskoe_eklego_krasnoe_tempranilo_krasnoe_suhoe_13_a79d22bf66.webp,photo_exact,Эклего красное,Раевское,Красное,Рубиново-фиолетовый,Кубань
villa-di-alma-ekstra-bryut-kokur-beloe-125,villa_di_alma_ekstra_bryut_kokur_igristoe_ekstra_bryut_beloe_125_531725a54a,villa_di_alma_ekstra_bryut_kokur_igristoe_ekstra_bryut_beloe_125_531725a54a.webp,photo_exact,Экстра брют Кокур,Villa di Alma,Белое,Бледно-соломенный цвет с ярким блеском.,Крым
soyuz-vino-el-krusero-blanko-polusladkoe-belye-sorta-vinograda-beloe-11,soyuz_vino_el_krusero_blanko_polusladkoe_belye_sorta_vinograda_beloe_11_52c2589e48,soyuz_vino_el_krusero_blanko_polusladkoe_belye_sorta_vinograda_beloe_11_52c2589e48.webp,photo_exact,Эль Крусеро Бланко Полусладкое,Союз-Вино,Белое,У вина соломенно-желтый цвет.,Кубань
soyuz-vino-el-krusero-tinto-polusladkoe-krasnye-sorta-vinograda-krasnoe-11,soyuz_vino_el_krusero_tinto_polusladkoe_krasnye_sorta_vinograda_krasnoe_11_7defea6b0e,soyuz_vino_el_krusero_tinto_polusladkoe_krasnye_sorta_vinograda_krasnoe_11_7defea6b0e.webp,photo_exact,Эль Крусеро Тинто Полусладкое,Союз-Вино,Красное,У вина насыщенный рубиново-красный цвет с пурпурными бликами.,Кубань
derbent-vino-endemy-aligote-beloe-bryut-105-125,derbent_vino_endemy_aligote_beloe_bryut_105_125_9c9d02efb2,derbent_vino_endemy_aligote_beloe_bryut_105_125_9c9d02efb2.webp,photo_exact,Эндемы Алиготе,Дербент Вино,Белое,Светло соломенный с жемчужным отливом,Дагестан
igristoe-vino-endemy-bianka-bryut-beloe,Endemy_Bianka_09f648c08e,Endemy_Bianka_09f648c08e.webp,photo_exact,Эндемы Бианка брют белое,Дербент Вино,Розовое,Нежно-розовый,Дагестан
derbent-vino-endemy-kaberne-sovinon-krasnoe-suhoe-13,Endemy_Kaberne_Sovinon_4c5c1ced59,Endemy_Kaberne_Sovinon_4c5c1ced59.webp,photo_exact,Эндемы Каберне Совиньон,Дербент Вино,Красное,Рубиновый с легким пурпурным оттенком,Дагестан
derbent-vino-endemy-kaberne-sovinon-rozovoe-bryut-105-125,derbent_vino_endemy_kaberne_sovinon_rozovoe_bryut_105_125_2b46752cd4,derbent_vino_endemy_kaberne_sovinon_rozovoe_bryut_105_125_2b46752cd4.webp,photo_exact,Эндемы Каберне Совиньон,Дербент Вино,Розовое,Насыщенный розовый,Дагестан
vino-suhoe-rozovoe-endemy-kaberne-sovinon,TV_Endemy_Kaberne_Sovinon_roz_da300d3d2e,TV_Endemy_Kaberne_Sovinon_roz_da300d3d2e.webp,photo_exact,Эндемы Каберне Совиньон розовое,Дербент Вино,Розовое,Бледно розовый ,Дагестан
derbent-vino-endemy-kaberne-fran-krasnoe-suhoe-13,derbent_vino_endemy_kaberne_fran_krasnoe_suhoe_13_6351c14f55,derbent_vino_endemy_kaberne_fran_krasnoe_suhoe_13_6351c14f55.webp,photo_exact,Эндемы Каберне Фран,Дербент Вино,Красное,Тёмно-рубиновый,Дагестан
derbent-vino-endemy-merlo-krasnoe-suhoe-13,derbent_vino_endemy_merlo_krasnoe_suhoe_13_36ebced038,derbent_vino_endemy_merlo_krasnoe_suhoe_13_36ebced038.webp,photo_exact,Эндемы Мерло,Дербент Вино,Красное,Насыщенный гранатово-красный,Дагестан
igristoe-vino-endemy-pino-blan-bryut-beloe,Endemy_Pino_Blan_8bad757c21,Endemy_Pino_Blan_8bad757c21.webp,photo_exact,Эндемы Пино Блан брют белое,Дербент Вино,Белое,Светло лимонный,Дагестан
derbent-vino-endemy-pino-nuar-rozovoe-bryut-105-125,derbent_vino_endemy_pino_nuar_rozovoe_bryut_105_125_d889dc6335,derbent_vino_endemy_pino_nuar_rozovoe_bryut_105_125_d889dc6335.webp,photo_exact,Эндемы Пино Нуар,Дербент Вино,Розовое,Нежно-розовый,Дагестан
derbent-vino-endemy-risling-beloe-bryut-105-125,derbent_vino_endemy_risling_beloe_bryut_105_125_ab6f76cf0a,derbent_vino_endemy_risling_beloe_bryut_105_125_ab6f76cf0a.webp,photo_exact,Эндемы Рислинг,Дербент Вино,Белое,Светло-соломенный с зеленоватым оттенком,Дагестан
vino-suhoe-krasnoe-endemy-saperavi,TV_Endemy_Saperavi_588c1f136e,TV_Endemy_Saperavi_588c1f136e.webp,photo_exact,Эндемы Саперави,Дербент Вино,Красное,Ягодно-красный,Дагестан
endemy-saperavi,Endemy_Saperavi_e63474ff4b,Endemy_Saperavi_e63474ff4b.webp,photo_exact,Эндемы Саперави,Дербент Вино,Розовое,Нежно-розовый,Дагестан
derbent-vino-endemy-sovinon-beloe-bryut-105-125,derbent_vino_endemy_sovinon_beloe_bryut_105_125_7117449f6c,derbent_vino_endemy_sovinon_beloe_bryut_105_125_7117449f6c.webp,photo_exact,Эндемы Совиньон,Дербент Вино,Белое,Светло-соломенный с зеленоватым оттенком,Дагестан
vino-suhoe-beloe-endemy-sovinon,TV_Endemy_Sovinon_5c280667ff,TV_Endemy_Sovinon_5c280667ff.webp,photo_exact,Эндемы Совиньон,Дербент Вино,Белое,Светло-соломенный,Дагестан
derbent-vino-endemy-shardone-beloe-bryut-105-125,derbent_vino_endemy_shardone_beloe_bryut_105_125_0050dd60c9,derbent_vino_endemy_shardone_beloe_bryut_105_125_0050dd60c9.webp,photo_exact,Эндемы Шардоне,Дербент Вино,Белое,Соломенный,Дагестан
vino-suhoe-beloe-endemy-shardone,TV_Endemy_Shardone_67f5af65c9,TV_Endemy_Shardone_67f5af65c9.webp,photo_exact,Эндемы Шардоне,Дербент Вино,Белое,Светло-соломенный ,Дагестан
chateau-de-talu-enolog-kaberne-sovinon-krasnoe-suhoe-15,chateau_de_talu_enolog_kaberne_sovinon_krasnoe_suhoe_15_a5c6b551a6,chateau_de_talu_enolog_kaberne_sovinon_krasnoe_suhoe_15_a5c6b551a6.webp,photo_exact,Энолог,Chateau de Talu,Красное,Насыщенно-рубиновый с гранатовым отливом.,Кубань
vinodelnya-krinitsa-ester-muskat-belyy-beloe-suhoe-12,vinodelnya_krinitsa_ester_muskat_belyy_beloe_suhoe_12_2658e192ad,vinodelnya_krinitsa_ester_muskat_belyy_beloe_suhoe_12_2658e192ad.webp,photo_exact,Эстер,Криница,Белое,Вино бледно-лимонного цвета с зеленоватыми отблесками.,Кубань
vinodelnya-krinitsa-ester-muskat-beloe-suhoe-128,vinodelnya_krinitsa_ester_muskat_beloe_suhoe_128_949dda1941,vinodelnya_krinitsa_ester_muskat_beloe_suhoe_128_949dda1941.webp,photo_exact,Эстер,Криница,Белое,Блестящий светло-соломенный,Кубань
chateau-de-talu-yuzhnaya-vertikal-kaberne-fran-krasnoe-suhoe-142,chateau_de_talu_yuzhnaya_vertikal_kaberne_fran_krasnoe_suhoe_142_eb282f09b8,chateau_de_talu_yuzhnaya_vertikal_kaberne_fran_krasnoe_suhoe_142_eb282f09b8.webp,photo_exact,Южная Вертикаль Каберне Фран,Chateau de Talu,Красное,Глубокий рубиновый,Кубань
chateau-de-talu-yuzhnaya-vertikal-kaberne-fran-premium-krasnoe-suhoe-143,chateau_de_talu_yuzhnaya_vertikal_kaberne_fran_premium_krasnoe_suhoe_143_fe11f85d85,chateau_de_talu_yuzhnaya_vertikal_kaberne_fran_premium_krasnoe_suhoe_143_fe11f85d85.webp,photo_exact,Южная Вертикаль Каберне Фран премиум,Chateau de Talu,Красное,Глубокий рубиновый с фиолетовым оттенком,Кубань
chateau-de-talu-yuzhnaya-vertikal-kaberne-fran-rezerv-krasnoe-suhoe-146,chateau_de_talu_yuzhnaya_vertikal_kaberne_fran_rezerv_krasnoe_suhoe_146_9ed8edf81c,chateau_de_talu_yuzhnaya_vertikal_kaberne_fran_rezerv_krasnoe_suhoe_146_9ed8edf81c.webp,photo_exact,Южная Вертикаль. Каберне Фран Резерв,Chateau de Talu,Красное,"Глубокий, плотный рубиновый",Кубань
usadba-divnomorskoe-yuzhnyy-les-merlo-krasnoe-suhoe-137,usadba_divnomorskoe_yuzhnyy_les_merlo_krasnoe_suhoe_137_89faa0325c,usadba_divnomorskoe_yuzhnyy_les_merlo_krasnoe_suhoe_137_89faa0325c.webp,photo_exact,Южный Лес,Усадьба Дивноморское,Красное,Вино яркого рубинового цвета с блеском.,Кубань
ya-jla-risling,Risunok1_no_bg_preview_carve_photos_c618e10c44,Risunok1_no_bg_preview_carve_photos_c618e10c44.webp,photo_exact,Яйла Рислинг,Yaiyla Winery,Белое,светло-соломенный ,Крым
